Chryseobacterium gleum_gapfilled_460,1
Chryseobacterium gleum_gapfilled_545,0
Chryseobacterium gleum_gapfilled_879,0
Chryseobacterium gleum_gapfilled_77,0
Chryseobacterium gleum_gapfilled_479,0
Chryseobacterium gleum_gapfilled_339,0
Chryseobacterium gleum_gapfilled_616,0
Chryseobacterium gleum_gapfilled_272,0
Chryseobacterium gleum_gapfilled_161,0
Chryseobacterium gleum_gapfilled_248,1
Chryseobacterium gleum_gapfilled_907,0
Chryseobacterium gleum_gapfilled_29,0
Chryseobacterium gleum_gapfilled_431,0
Chryseobacterium gleum_gapfilled_214,0
Chryseobacterium gleum_gapfilled_797,1
Chryseobacterium gleum_gapfilled_416,0
Chryseobacterium gleum_gapfilled_998,1
Chryseobacterium gleum_gapfilled_14,1
Chryseobacterium gleum_gapfilled_186,1
Chryseobacterium gleum_gapfilled_445,0
Chryseobacterium gleum_gapfilled_128,0
Chryseobacterium gleum_gapfilled_976,0
Chryseobacterium gleum_gapfilled_869,0
Chryseobacterium gleum_gapfilled_825,0
Chryseobacterium gleum_gapfilled_80,0
Chryseobacterium gleum_gapfilled_117,0
Chryseobacterium gleum_gapfilled_577,0
Chryseobacterium gleum_gapfilled_522,0
Chryseobacterium gleum_gapfilled_654,0
Chryseobacterium gleum_gapfilled_939,0
Chryseobacterium gleum_gapfilled_483,0
Chryseobacterium gleum_gapfilled_112,0
Chryseobacterium gleum_gapfilled_946,0
Chryseobacterium gleum_gapfilled_559,0
Chryseobacterium gleum_gapfilled_795,0
Chryseobacterium gleum_gapfilled_645,0
Chryseobacterium gleum_gapfilled_415,0
Chryseobacterium gleum_gapfilled_619,0
Chryseobacterium gleum_gapfilled_515,0
Chryseobacterium gleum_gapfilled_236,0
Chryseobacterium gleum_gapfilled_31,0
Chryseobacterium gleum_gapfilled_827,0
Chryseobacterium gleum_gapfilled_906,0
Chryseobacterium gleum_gapfilled_437,1
Chryseobacterium gleum_gapfilled_438,0
Chryseobacterium gleum_gapfilled_397,1
Chryseobacterium gleum_gapfilled_154,0
Chryseobacterium gleum_gapfilled_334,0
Chryseobacterium gleum_gapfilled_324,0
Chryseobacterium gleum_gapfilled_579,0
Chryseobacterium gleum_gapfilled_571,0
Chryseobacterium gleum_gapfilled_905,0
Chryseobacterium gleum_gapfilled_327,0
Chryseobacterium gleum_gapfilled_33,1
Chryseobacterium gleum_gapfilled_316,0
Chryseobacterium gleum_gapfilled_912,1
Chryseobacterium gleum_gapfilled_251,1
Chryseobacterium gleum_gapfilled_829,0
Chryseobacterium gleum_gapfilled_135,0
Chryseobacterium gleum_gapfilled_758,0
Chryseobacterium gleum_gapfilled_10,0
Chryseobacterium gleum_gapfilled_86,0
Chryseobacterium gleum_gapfilled_62,0
Chryseobacterium gleum_gapfilled_83,0
Chryseobacterium gleum_gapfilled_889,0
Chryseobacterium gleum_gapfilled_202,0
Chryseobacterium gleum_gapfilled_410,0
Chryseobacterium gleum_gapfilled_243,0
Chryseobacterium gleum_gapfilled_182,0
Chryseobacterium gleum_gapfilled_208,0
Chryseobacterium gleum_gapfilled_406,1
Chryseobacterium gleum_gapfilled_7,0
Chryseobacterium gleum_gapfilled_294,0
Chryseobacterium gleum_gapfilled_363,0
Chryseobacterium gleum_gapfilled_349,0
Chryseobacterium gleum_gapfilled_144,0
Chryseobacterium gleum_gapfilled_220,1
Chryseobacterium gleum_gapfilled_974,0
Chryseobacterium gleum_gapfilled_108,0
Chryseobacterium gleum_gapfilled_49,1
Chryseobacterium gleum_gapfilled_398,0
Chryseobacterium gleum_gapfilled_740,0
Chryseobacterium gleum_gapfilled_129,0
Chryseobacterium gleum_gapfilled_210,0
Chryseobacterium gleum_gapfilled_180,0
Chryseobacterium gleum_gapfilled_672,0
Chryseobacterium gleum_gapfilled_978,1
Chryseobacterium gleum_gapfilled_909,0
Chryseobacterium gleum_gapfilled_807,0
Chryseobacterium gleum_gapfilled_960,1
Chryseobacterium gleum_gapfilled_772,1
Chryseobacterium gleum_gapfilled_6,1
Chryseobacterium gleum_gapfilled_954,0
Chryseobacterium gleum_gapfilled_555,0
Chryseobacterium gleum_gapfilled_70,0
Chryseobacterium gleum_gapfilled_689,0
Chryseobacterium gleum_gapfilled_165,1
Chryseobacterium gleum_gapfilled_179,0
Chryseobacterium gleum_gapfilled_658,0
Chryseobacterium gleum_gapfilled_156,0
Chryseobacterium gleum_gapfilled_375,0
Chryseobacterium gleum_gapfilled_710,0
Chryseobacterium gleum_gapfilled_655,1
Chryseobacterium gleum_gapfilled_934,1
Chryseobacterium gleum_gapfilled_612,0
Chryseobacterium gleum_gapfilled_209,0
Chryseobacterium gleum_gapfilled_731,0
Chryseobacterium gleum_gapfilled_0,0
Chryseobacterium gleum_gapfilled_370,0
Chryseobacterium gleum_gapfilled_856,1
Chryseobacterium gleum_gapfilled_633,0
Chryseobacterium gleum_gapfilled_594,0
Chryseobacterium gleum_gapfilled_684,0
Chryseobacterium gleum_gapfilled_506,1
Chryseobacterium gleum_gapfilled_79,0
Chryseobacterium gleum_gapfilled_800,0
Chryseobacterium gleum_gapfilled_613,0
Chryseobacterium gleum_gapfilled_212,1
Chryseobacterium gleum_gapfilled_944,0
Chryseobacterium gleum_gapfilled_81,0
Chryseobacterium gleum_gapfilled_166,0
Chryseobacterium gleum_gapfilled_682,1
Chryseobacterium gleum_gapfilled_969,1
Chryseobacterium gleum_gapfilled_471,0
Chryseobacterium gleum_gapfilled_271,0
Chryseobacterium gleum_gapfilled_223,0
Chryseobacterium gleum_gapfilled_558,1
Chryseobacterium gleum_gapfilled_785,0
Chryseobacterium gleum_gapfilled_928,0
Chryseobacterium gleum_gapfilled_992,0
Chryseobacterium gleum_gapfilled_919,0
Chryseobacterium gleum_gapfilled_598,0
Chryseobacterium gleum_gapfilled_540,0
Chryseobacterium gleum_gapfilled_18,0
Chryseobacterium gleum_gapfilled_984,0
Chryseobacterium gleum_gapfilled_625,0
Chryseobacterium gleum_gapfilled_950,1
Chryseobacterium gleum_gapfilled_509,0
Chryseobacterium gleum_gapfilled_301,1
Chryseobacterium gleum_gapfilled_683,0
Chryseobacterium gleum_gapfilled_245,0
Chryseobacterium gleum_gapfilled_599,0
Chryseobacterium gleum_gapfilled_699,0
Chryseobacterium gleum_gapfilled_722,0
Chryseobacterium gleum_gapfilled_778,0
Chryseobacterium gleum_gapfilled_337,0
Chryseobacterium gleum_gapfilled_289,1
Chryseobacterium gleum_gapfilled_878,0
Chryseobacterium gleum_gapfilled_378,0
Chryseobacterium gleum_gapfilled_831,0
Chryseobacterium gleum_gapfilled_965,1
Chryseobacterium gleum_gapfilled_40,0
Chryseobacterium gleum_gapfilled_923,0
Chryseobacterium gleum_gapfilled_350,0
Chryseobacterium gleum_gapfilled_328,0
Chryseobacterium gleum_gapfilled_862,0
Chryseobacterium gleum_gapfilled_997,0
Chryseobacterium gleum_gapfilled_67,0
Chryseobacterium gleum_gapfilled_367,0
Chryseobacterium gleum_gapfilled_788,0
Chryseobacterium gleum_gapfilled_194,1
Chryseobacterium gleum_gapfilled_78,0
Chryseobacterium gleum_gapfilled_472,0
Chryseobacterium gleum_gapfilled_712,0
Chryseobacterium gleum_gapfilled_607,0
Chryseobacterium gleum_gapfilled_777,0
Chryseobacterium gleum_gapfilled_776,1
Chryseobacterium gleum_gapfilled_353,0
Chryseobacterium gleum_gapfilled_139,0
Chryseobacterium gleum_gapfilled_304,1
Chryseobacterium gleum_gapfilled_865,0
Chryseobacterium gleum_gapfilled_60,0
Chryseobacterium gleum_gapfilled_511,0
Chryseobacterium gleum_gapfilled_884,0
Chryseobacterium gleum_gapfilled_930,0
Chryseobacterium gleum_gapfilled_857,0
Chryseobacterium gleum_gapfilled_814,1
Chryseobacterium gleum_gapfilled_859,0
Chryseobacterium gleum_gapfilled_173,1
Chryseobacterium gleum_gapfilled_705,0
Chryseobacterium gleum_gapfilled_95,0
Chryseobacterium gleum_gapfilled_531,0
Chryseobacterium gleum_gapfilled_832,1
Chryseobacterium gleum_gapfilled_760,0
Chryseobacterium gleum_gapfilled_999,0
Chryseobacterium gleum_gapfilled_448,0
Chryseobacterium gleum_gapfilled_794,1
Chryseobacterium gleum_gapfilled_787,0
Chryseobacterium gleum_gapfilled_347,1
Chryseobacterium gleum_gapfilled_666,1
Chryseobacterium gleum_gapfilled_932,0
Chryseobacterium gleum_gapfilled_490,0
Chryseobacterium gleum_gapfilled_131,0
Chryseobacterium gleum_gapfilled_967,0
Chryseobacterium gleum_gapfilled_103,1
Chryseobacterium gleum_gapfilled_652,0
Chryseobacterium gleum_gapfilled_250,0
Chryseobacterium gleum_gapfilled_198,0
Chryseobacterium gleum_gapfilled_959,0
Chryseobacterium gleum_gapfilled_977,0
Chryseobacterium gleum_gapfilled_920,1
Chryseobacterium gleum_gapfilled_644,0
Chryseobacterium gleum_gapfilled_177,1
Chryseobacterium gleum_gapfilled_648,1
Chryseobacterium gleum_gapfilled_815,0
Chryseobacterium gleum_gapfilled_487,0
Chryseobacterium gleum_gapfilled_2,0
Chryseobacterium gleum_gapfilled_172,1
Chryseobacterium gleum_gapfilled_681,0
Chryseobacterium gleum_gapfilled_850,0
Chryseobacterium gleum_gapfilled_296,0
Chryseobacterium gleum_gapfilled_394,0
Chryseobacterium gleum_gapfilled_808,0
Chryseobacterium gleum_gapfilled_104,0
Chryseobacterium gleum_gapfilled_798,0
Chryseobacterium gleum_gapfilled_285,0
Chryseobacterium gleum_gapfilled_38,0
Chryseobacterium gleum_gapfilled_348,0
Chryseobacterium gleum_gapfilled_546,1
Chryseobacterium gleum_gapfilled_765,0
Chryseobacterium gleum_gapfilled_863,0
Chryseobacterium gleum_gapfilled_464,0
Chryseobacterium gleum_gapfilled_970,0
Chryseobacterium gleum_gapfilled_268,0
Chryseobacterium gleum_gapfilled_498,0
Chryseobacterium gleum_gapfilled_552,0
Chryseobacterium gleum_gapfilled_561,1
Chryseobacterium gleum_gapfilled_535,1
Chryseobacterium gleum_gapfilled_742,0
Chryseobacterium gleum_gapfilled_196,0
Chryseobacterium gleum_gapfilled_256,0
Chryseobacterium gleum_gapfilled_854,0
Chryseobacterium gleum_gapfilled_885,0
Chryseobacterium gleum_gapfilled_157,0
Chryseobacterium gleum_gapfilled_661,0
Chryseobacterium gleum_gapfilled_826,0
Chryseobacterium gleum_gapfilled_283,0
Chryseobacterium gleum_gapfilled_761,0
Chryseobacterium gleum_gapfilled_897,0
Chryseobacterium gleum_gapfilled_143,0
Chryseobacterium gleum_gapfilled_891,0
Chryseobacterium gleum_gapfilled_75,0
Chryseobacterium gleum_gapfilled_359,0
Chryseobacterium gleum_gapfilled_730,0
Chryseobacterium gleum_gapfilled_170,0
Chryseobacterium gleum_gapfilled_646,0
Chryseobacterium gleum_gapfilled_780,1
Chryseobacterium gleum_gapfilled_502,0
Chryseobacterium gleum_gapfilled_66,1
Chryseobacterium gleum_gapfilled_195,0
Chryseobacterium gleum_gapfilled_687,0
Chryseobacterium gleum_gapfilled_321,0
Chryseobacterium gleum_gapfilled_750,0
Chryseobacterium gleum_gapfilled_22,0
Chryseobacterium gleum_gapfilled_98,0
Chryseobacterium gleum_gapfilled_384,1
Chryseobacterium gleum_gapfilled_358,0
Chryseobacterium gleum_gapfilled_806,0
Chryseobacterium gleum_gapfilled_87,0
Chryseobacterium gleum_gapfilled_843,1
Chryseobacterium gleum_gapfilled_500,0
Chryseobacterium gleum_gapfilled_120,0
Chryseobacterium gleum_gapfilled_41,0
Chryseobacterium gleum_gapfilled_244,0
Chryseobacterium gleum_gapfilled_426,0
Chryseobacterium gleum_gapfilled_846,0
Chryseobacterium gleum_gapfilled_615,0
Chryseobacterium gleum_gapfilled_270,0
Chryseobacterium gleum_gapfilled_757,0
Chryseobacterium gleum_gapfilled_935,0
Chryseobacterium gleum_gapfilled_404,0
Chryseobacterium gleum_gapfilled_266,0
Chryseobacterium gleum_gapfilled_541,0
Chryseobacterium gleum_gapfilled_333,0
Chryseobacterium gleum_gapfilled_697,0
Chryseobacterium gleum_gapfilled_629,0
Chryseobacterium gleum_gapfilled_351,0
Chryseobacterium gleum_gapfilled_649,0
Chryseobacterium gleum_gapfilled_979,1
Chryseobacterium gleum_gapfilled_621,1
Chryseobacterium gleum_gapfilled_523,0
Chryseobacterium gleum_gapfilled_187,0
Chryseobacterium gleum_gapfilled_199,1
Chryseobacterium gleum_gapfilled_888,1
Chryseobacterium gleum_gapfilled_636,0
Chryseobacterium gleum_gapfilled_90,0
Chryseobacterium gleum_gapfilled_858,0
Chryseobacterium gleum_gapfilled_799,1
Chryseobacterium gleum_gapfilled_163,0
Chryseobacterium gleum_gapfilled_811,0
Chryseobacterium gleum_gapfilled_783,0
Chryseobacterium gleum_gapfilled_486,0
Chryseobacterium gleum_gapfilled_317,0
Chryseobacterium gleum_gapfilled_584,0
Chryseobacterium gleum_gapfilled_295,0
Chryseobacterium gleum_gapfilled_602,0
Chryseobacterium gleum_gapfilled_456,0
Chryseobacterium gleum_gapfilled_554,0
Chryseobacterium gleum_gapfilled_604,0
Chryseobacterium gleum_gapfilled_526,0
Chryseobacterium gleum_gapfilled_746,0
Chryseobacterium gleum_gapfilled_690,0
Chryseobacterium gleum_gapfilled_748,1
Chryseobacterium gleum_gapfilled_548,0
Chryseobacterium gleum_gapfilled_42,0
Chryseobacterium gleum_gapfilled_716,0
Chryseobacterium gleum_gapfilled_956,0
Chryseobacterium gleum_gapfilled_957,0
Chryseobacterium gleum_gapfilled_804,1
Chryseobacterium gleum_gapfilled_265,0
Chryseobacterium gleum_gapfilled_985,1
Chryseobacterium gleum_gapfilled_676,0
Chryseobacterium gleum_gapfilled_226,0
Chryseobacterium gleum_gapfilled_115,0
Chryseobacterium gleum_gapfilled_834,1
Chryseobacterium gleum_gapfilled_866,0
Chryseobacterium gleum_gapfilled_851,0
Chryseobacterium gleum_gapfilled_365,0
Chryseobacterium gleum_gapfilled_430,1
Chryseobacterium gleum_gapfilled_647,1
Chryseobacterium gleum_gapfilled_702,0
Chryseobacterium gleum_gapfilled_911,0
Chryseobacterium gleum_gapfilled_627,0
Chryseobacterium gleum_gapfilled_149,0
Chryseobacterium gleum_gapfilled_91,0
Chryseobacterium gleum_gapfilled_452,0
Chryseobacterium gleum_gapfilled_995,0
Chryseobacterium gleum_gapfilled_497,0
Chryseobacterium gleum_gapfilled_698,0
Chryseobacterium gleum_gapfilled_274,1
Chryseobacterium gleum_gapfilled_23,0
Chryseobacterium gleum_gapfilled_174,1
Chryseobacterium gleum_gapfilled_624,0
Chryseobacterium gleum_gapfilled_3,1
Chryseobacterium gleum_gapfilled_485,0
Chryseobacterium gleum_gapfilled_867,0
Chryseobacterium gleum_gapfilled_106,0
Chryseobacterium gleum_gapfilled_693,0
Chryseobacterium gleum_gapfilled_287,0
Chryseobacterium gleum_gapfilled_538,0
Chryseobacterium gleum_gapfilled_753,0
Chryseobacterium gleum_gapfilled_763,1
Chryseobacterium gleum_gapfilled_792,0
Chryseobacterium gleum_gapfilled_418,0
Chryseobacterium gleum_gapfilled_428,0
Chryseobacterium gleum_gapfilled_574,0
Chryseobacterium gleum_gapfilled_488,1
Chryseobacterium gleum_gapfilled_727,0
Chryseobacterium gleum_gapfilled_278,0
Chryseobacterium gleum_gapfilled_603,1
Chryseobacterium gleum_gapfilled_530,0
Chryseobacterium gleum_gapfilled_12,0
Chryseobacterium gleum_gapfilled_325,0
Chryseobacterium gleum_gapfilled_737,1
Chryseobacterium gleum_gapfilled_872,0
Chryseobacterium gleum_gapfilled_991,0
Chryseobacterium gleum_gapfilled_341,0
Chryseobacterium gleum_gapfilled_537,0
Chryseobacterium gleum_gapfilled_434,0
Chryseobacterium gleum_gapfilled_303,1
Chryseobacterium gleum_gapfilled_927,0
Chryseobacterium gleum_gapfilled_803,1
Chryseobacterium gleum_gapfilled_533,0
Chryseobacterium gleum_gapfilled_35,0
Chryseobacterium gleum_gapfilled_356,1
Chryseobacterium gleum_gapfilled_987,0
Chryseobacterium gleum_gapfilled_290,0
Chryseobacterium gleum_gapfilled_371,1
Chryseobacterium gleum_gapfilled_873,0
Chryseobacterium gleum_gapfilled_153,0
Chryseobacterium gleum_gapfilled_534,0
Chryseobacterium gleum_gapfilled_253,1
Chryseobacterium gleum_gapfilled_882,0
Chryseobacterium gleum_gapfilled_609,0
Chryseobacterium gleum_gapfilled_875,0
Chryseobacterium gleum_gapfilled_663,0
Chryseobacterium gleum_gapfilled_989,0
Chryseobacterium gleum_gapfilled_68,0
Chryseobacterium gleum_gapfilled_313,0
Chryseobacterium gleum_gapfilled_111,0
Chryseobacterium gleum_gapfilled_300,0
Chryseobacterium gleum_gapfilled_319,0
Chryseobacterium gleum_gapfilled_340,0
Chryseobacterium gleum_gapfilled_521,0
Chryseobacterium gleum_gapfilled_264,0
Chryseobacterium gleum_gapfilled_620,0
Chryseobacterium gleum_gapfilled_451,0
Chryseobacterium gleum_gapfilled_331,0
Chryseobacterium gleum_gapfilled_560,0
Chryseobacterium gleum_gapfilled_228,0
Chryseobacterium gleum_gapfilled_211,0
Chryseobacterium gleum_gapfilled_669,0
Chryseobacterium gleum_gapfilled_964,0
Chryseobacterium gleum_gapfilled_966,0
Chryseobacterium gleum_gapfilled_109,0
Chryseobacterium gleum_gapfilled_981,0
Chryseobacterium gleum_gapfilled_424,0
Chryseobacterium gleum_gapfilled_993,0
Chryseobacterium gleum_gapfilled_677,0
Chryseobacterium gleum_gapfilled_830,1
Chryseobacterium gleum_gapfilled_608,0
Chryseobacterium gleum_gapfilled_73,0
Chryseobacterium gleum_gapfilled_30,0
Chryseobacterium gleum_gapfilled_329,0
Chryseobacterium gleum_gapfilled_810,0
Chryseobacterium gleum_gapfilled_142,0
Chryseobacterium gleum_gapfilled_726,0
Chryseobacterium gleum_gapfilled_901,0
Chryseobacterium gleum_gapfilled_389,0
Chryseobacterium gleum_gapfilled_764,0
Chryseobacterium gleum_gapfilled_293,0
Chryseobacterium gleum_gapfilled_922,1
Chryseobacterium gleum_gapfilled_474,0
Chryseobacterium gleum_gapfilled_892,0
Chryseobacterium gleum_gapfilled_828,0
Chryseobacterium gleum_gapfilled_357,0
Chryseobacterium gleum_gapfilled_310,0
Chryseobacterium gleum_gapfilled_96,0
Chryseobacterium gleum_gapfilled_126,1
Chryseobacterium gleum_gapfilled_254,1
Chryseobacterium gleum_gapfilled_246,0
Chryseobacterium gleum_gapfilled_56,0
Chryseobacterium gleum_gapfilled_823,0
Chryseobacterium gleum_gapfilled_512,0
Chryseobacterium gleum_gapfilled_261,0
Chryseobacterium gleum_gapfilled_380,0
Chryseobacterium gleum_gapfilled_387,0
Chryseobacterium gleum_gapfilled_720,0
Chryseobacterium gleum_gapfilled_443,0
Chryseobacterium gleum_gapfilled_952,0
Chryseobacterium gleum_gapfilled_320,0
Chryseobacterium gleum_gapfilled_309,0
Chryseobacterium gleum_gapfilled_567,1
Chryseobacterium gleum_gapfilled_453,0
Chryseobacterium gleum_gapfilled_377,0
Chryseobacterium gleum_gapfilled_904,0
Chryseobacterium gleum_gapfilled_417,1
Chryseobacterium gleum_gapfilled_92,0
Chryseobacterium gleum_gapfilled_258,0
Chryseobacterium gleum_gapfilled_69,0
Chryseobacterium gleum_gapfilled_171,0
Chryseobacterium gleum_gapfilled_423,0
Chryseobacterium gleum_gapfilled_405,0
Chryseobacterium gleum_gapfilled_752,0
Chryseobacterium gleum_gapfilled_158,0
Chryseobacterium gleum_gapfilled_140,0
Chryseobacterium gleum_gapfilled_641,0
Chryseobacterium gleum_gapfilled_252,0
Chryseobacterium gleum_gapfilled_379,0
Chryseobacterium gleum_gapfilled_840,0
Chryseobacterium gleum_gapfilled_277,0
Chryseobacterium gleum_gapfilled_15,0
Chryseobacterium gleum_gapfilled_393,1
Chryseobacterium gleum_gapfilled_110,0
Chryseobacterium gleum_gapfilled_982,0
Chryseobacterium gleum_gapfilled_881,0
Chryseobacterium gleum_gapfilled_217,0
Chryseobacterium gleum_gapfilled_941,0
Chryseobacterium gleum_gapfilled_382,0
Chryseobacterium gleum_gapfilled_947,1
Chryseobacterium gleum_gapfilled_544,0
Chryseobacterium gleum_gapfilled_651,0
Chryseobacterium gleum_gapfilled_623,1
Chryseobacterium gleum_gapfilled_796,0
Chryseobacterium gleum_gapfilled_631,1
Chryseobacterium gleum_gapfilled_747,1
Chryseobacterium gleum_gapfilled_786,0
Chryseobacterium gleum_gapfilled_842,0
Chryseobacterium gleum_gapfilled_82,1
Chryseobacterium gleum_gapfilled_85,1
Chryseobacterium gleum_gapfilled_160,0
Chryseobacterium gleum_gapfilled_931,0
Chryseobacterium gleum_gapfilled_704,0
Chryseobacterium gleum_gapfilled_192,0
Chryseobacterium gleum_gapfilled_314,0
Chryseobacterium gleum_gapfilled_51,0
Chryseobacterium gleum_gapfilled_837,0
Chryseobacterium gleum_gapfilled_469,0
Chryseobacterium gleum_gapfilled_566,1
Chryseobacterium gleum_gapfilled_119,0
Chryseobacterium gleum_gapfilled_335,0
Chryseobacterium gleum_gapfilled_610,0
Chryseobacterium gleum_gapfilled_643,0
Chryseobacterium gleum_gapfilled_247,0
Chryseobacterium gleum_gapfilled_262,1
Chryseobacterium gleum_gapfilled_503,0
Chryseobacterium gleum_gapfilled_421,0
Chryseobacterium gleum_gapfilled_674,0
Chryseobacterium gleum_gapfilled_326,0
Chryseobacterium gleum_gapfilled_291,0
Chryseobacterium gleum_gapfilled_255,0
Chryseobacterium gleum_gapfilled_279,0
Chryseobacterium gleum_gapfilled_48,0
Chryseobacterium gleum_gapfilled_302,0
Chryseobacterium gleum_gapfilled_983,0
Chryseobacterium gleum_gapfilled_203,1
Chryseobacterium gleum_gapfilled_318,0
Chryseobacterium gleum_gapfilled_183,1
Chryseobacterium gleum_gapfilled_820,0
Chryseobacterium gleum_gapfilled_630,0
Chryseobacterium gleum_gapfilled_76,1
Chryseobacterium gleum_gapfilled_292,1
Chryseobacterium gleum_gapfilled_543,0
Chryseobacterium gleum_gapfilled_20,0
Chryseobacterium gleum_gapfilled_311,1
Chryseobacterium gleum_gapfilled_355,0
Chryseobacterium gleum_gapfilled_766,0
Chryseobacterium gleum_gapfilled_499,1
Chryseobacterium gleum_gapfilled_527,0
Chryseobacterium gleum_gapfilled_898,0
Chryseobacterium gleum_gapfilled_864,0
Chryseobacterium gleum_gapfilled_576,0
Chryseobacterium gleum_gapfilled_364,0
Chryseobacterium gleum_gapfilled_821,0
Chryseobacterium gleum_gapfilled_201,0
Chryseobacterium gleum_gapfilled_450,0
Chryseobacterium gleum_gapfilled_306,0
Chryseobacterium gleum_gapfilled_813,1
Chryseobacterium gleum_gapfilled_388,0
Chryseobacterium gleum_gapfilled_650,0
Chryseobacterium gleum_gapfilled_990,0
Chryseobacterium gleum_gapfilled_789,0
Chryseobacterium gleum_gapfilled_52,0
Chryseobacterium gleum_gapfilled_74,0
Chryseobacterium gleum_gapfilled_605,0
Chryseobacterium gleum_gapfilled_221,1
Chryseobacterium gleum_gapfilled_376,0
Chryseobacterium gleum_gapfilled_600,0
Chryseobacterium gleum_gapfilled_284,0
Chryseobacterium gleum_gapfilled_670,1
Chryseobacterium gleum_gapfilled_692,0
Chryseobacterium gleum_gapfilled_407,1
Chryseobacterium gleum_gapfilled_447,0
Chryseobacterium gleum_gapfilled_824,1
Chryseobacterium gleum_gapfilled_491,0
Chryseobacterium gleum_gapfilled_465,0
Chryseobacterium gleum_gapfilled_19,0
Chryseobacterium gleum_gapfilled_572,0
Chryseobacterium gleum_gapfilled_877,0
Chryseobacterium gleum_gapfilled_432,0
Chryseobacterium gleum_gapfilled_635,0
Chryseobacterium gleum_gapfilled_667,0
Chryseobacterium gleum_gapfilled_870,0
Chryseobacterium gleum_gapfilled_721,1
Chryseobacterium gleum_gapfilled_273,0
Chryseobacterium gleum_gapfilled_729,0
Chryseobacterium gleum_gapfilled_774,1
Chryseobacterium gleum_gapfilled_736,0
Chryseobacterium gleum_gapfilled_132,0
Chryseobacterium gleum_gapfilled_267,0
Chryseobacterium gleum_gapfilled_953,0
Chryseobacterium gleum_gapfilled_836,0
Chryseobacterium gleum_gapfilled_323,0
Chryseobacterium gleum_gapfilled_462,1
Chryseobacterium gleum_gapfilled_564,0
Chryseobacterium gleum_gapfilled_455,0
Chryseobacterium gleum_gapfilled_197,0
Chryseobacterium gleum_gapfilled_637,0
Chryseobacterium gleum_gapfilled_691,0
Chryseobacterium gleum_gapfilled_138,1
Chryseobacterium gleum_gapfilled_767,0
Chryseobacterium gleum_gapfilled_442,0
Chryseobacterium gleum_gapfilled_298,0
Chryseobacterium gleum_gapfilled_419,0
Chryseobacterium gleum_gapfilled_125,0
Chryseobacterium gleum_gapfilled_484,0
Chryseobacterium gleum_gapfilled_841,1
Chryseobacterium gleum_gapfilled_791,0
Chryseobacterium gleum_gapfilled_390,0
Chryseobacterium gleum_gapfilled_640,1
Chryseobacterium gleum_gapfilled_532,0
Chryseobacterium gleum_gapfilled_100,1
Chryseobacterium gleum_gapfilled_724,0
Chryseobacterium gleum_gapfilled_1,0
Chryseobacterium gleum_gapfilled_735,0
Chryseobacterium gleum_gapfilled_185,0
Chryseobacterium gleum_gapfilled_113,0
Chryseobacterium gleum_gapfilled_21,0
Chryseobacterium gleum_gapfilled_914,0
Chryseobacterium gleum_gapfilled_136,0
Chryseobacterium gleum_gapfilled_381,0
Chryseobacterium gleum_gapfilled_204,0
Chryseobacterium gleum_gapfilled_583,0
Chryseobacterium gleum_gapfilled_395,0
Chryseobacterium gleum_gapfilled_124,0
Chryseobacterium gleum_gapfilled_902,0
Chryseobacterium gleum_gapfilled_152,0
Chryseobacterium gleum_gapfilled_665,0
Chryseobacterium gleum_gapfilled_809,0
Chryseobacterium gleum_gapfilled_557,0
Chryseobacterium gleum_gapfilled_178,0
Chryseobacterium gleum_gapfilled_305,0
Chryseobacterium gleum_gapfilled_779,1
Chryseobacterium gleum_gapfilled_638,0
Chryseobacterium gleum_gapfilled_188,1
Chryseobacterium gleum_gapfilled_467,1
Chryseobacterium gleum_gapfilled_755,1
Chryseobacterium gleum_gapfilled_145,0
Chryseobacterium gleum_gapfilled_915,0
Chryseobacterium gleum_gapfilled_454,0
Chryseobacterium gleum_gapfilled_439,1
Chryseobacterium gleum_gapfilled_719,0
Chryseobacterium gleum_gapfilled_968,1
Chryseobacterium gleum_gapfilled_146,0
Chryseobacterium gleum_gapfilled_36,0
Chryseobacterium gleum_gapfilled_921,0
Chryseobacterium gleum_gapfilled_338,0
Chryseobacterium gleum_gapfilled_817,0
Chryseobacterium gleum_gapfilled_516,0
Chryseobacterium gleum_gapfilled_818,0
Chryseobacterium gleum_gapfilled_97,0
Chryseobacterium gleum_gapfilled_315,0
Chryseobacterium gleum_gapfilled_207,0
Chryseobacterium gleum_gapfilled_845,0
Chryseobacterium gleum_gapfilled_345,0
Chryseobacterium gleum_gapfilled_402,0
Chryseobacterium gleum_gapfilled_477,0
Chryseobacterium gleum_gapfilled_47,0
Chryseobacterium gleum_gapfilled_396,0
Chryseobacterium gleum_gapfilled_696,1
Chryseobacterium gleum_gapfilled_536,0
Chryseobacterium gleum_gapfilled_855,0
Chryseobacterium gleum_gapfilled_749,0
Chryseobacterium gleum_gapfilled_549,1
Chryseobacterium gleum_gapfilled_703,0
Chryseobacterium gleum_gapfilled_679,0
Chryseobacterium gleum_gapfilled_232,0
Chryseobacterium gleum_gapfilled_913,0
Chryseobacterium gleum_gapfilled_385,0
Chryseobacterium gleum_gapfilled_257,0
Chryseobacterium gleum_gapfilled_570,0
Chryseobacterium gleum_gapfilled_224,0
Chryseobacterium gleum_gapfilled_436,0
Chryseobacterium gleum_gapfilled_680,1
Chryseobacterium gleum_gapfilled_88,0
Chryseobacterium gleum_gapfilled_551,1
Chryseobacterium gleum_gapfilled_940,0
Chryseobacterium gleum_gapfilled_13,0
Chryseobacterium gleum_gapfilled_611,0
Chryseobacterium gleum_gapfilled_917,0
Chryseobacterium gleum_gapfilled_528,1
Chryseobacterium gleum_gapfilled_39,0
Chryseobacterium gleum_gapfilled_963,1
Chryseobacterium gleum_gapfilled_322,0
Chryseobacterium gleum_gapfilled_951,1
Chryseobacterium gleum_gapfilled_642,0
Chryseobacterium gleum_gapfilled_656,0
Chryseobacterium gleum_gapfilled_900,0
Chryseobacterium gleum_gapfilled_754,0
Chryseobacterium gleum_gapfilled_369,0
Chryseobacterium gleum_gapfilled_233,0
Chryseobacterium gleum_gapfilled_240,1
Chryseobacterium gleum_gapfilled_802,0
Chryseobacterium gleum_gapfilled_151,0
Chryseobacterium gleum_gapfilled_299,0
Chryseobacterium gleum_gapfilled_744,1
Chryseobacterium gleum_gapfilled_218,0
Chryseobacterium gleum_gapfilled_288,0
Chryseobacterium gleum_gapfilled_400,0
Chryseobacterium gleum_gapfilled_249,0
Chryseobacterium gleum_gapfilled_352,0
Chryseobacterium gleum_gapfilled_435,0
Chryseobacterium gleum_gapfilled_148,1
Chryseobacterium gleum_gapfilled_547,0
Chryseobacterium gleum_gapfilled_592,0
Chryseobacterium gleum_gapfilled_618,0
Chryseobacterium gleum_gapfilled_242,0
Chryseobacterium gleum_gapfilled_975,1
Chryseobacterium gleum_gapfilled_738,0
Chryseobacterium gleum_gapfilled_123,0
Chryseobacterium gleum_gapfilled_938,0
Chryseobacterium gleum_gapfilled_392,0
Chryseobacterium gleum_gapfilled_286,0
Chryseobacterium gleum_gapfilled_412,0
Chryseobacterium gleum_gapfilled_101,0
Chryseobacterium gleum_gapfilled_32,0
Chryseobacterium gleum_gapfilled_686,0
Chryseobacterium gleum_gapfilled_114,0
Chryseobacterium gleum_gapfilled_189,0
Chryseobacterium gleum_gapfilled_8,0
Chryseobacterium gleum_gapfilled_215,0
Chryseobacterium gleum_gapfilled_971,1
Chryseobacterium gleum_gapfilled_708,0
Chryseobacterium gleum_gapfilled_673,0
Chryseobacterium gleum_gapfilled_539,0
Chryseobacterium gleum_gapfilled_342,0
Chryseobacterium gleum_gapfilled_9,0
Chryseobacterium gleum_gapfilled_466,0
Chryseobacterium gleum_gapfilled_962,0
Chryseobacterium gleum_gapfilled_93,0
Chryseobacterium gleum_gapfilled_617,0
Chryseobacterium gleum_gapfilled_986,1
Chryseobacterium gleum_gapfilled_411,0
Chryseobacterium gleum_gapfilled_876,0
Chryseobacterium gleum_gapfilled_200,0
Chryseobacterium gleum_gapfilled_519,0
Chryseobacterium gleum_gapfilled_822,0
Chryseobacterium gleum_gapfilled_994,1
Chryseobacterium gleum_gapfilled_43,0
Chryseobacterium gleum_gapfilled_514,0
Chryseobacterium gleum_gapfilled_480,0
Chryseobacterium gleum_gapfilled_482,0
Chryseobacterium gleum_gapfilled_361,0
Chryseobacterium gleum_gapfilled_793,0
Chryseobacterium gleum_gapfilled_639,0
Chryseobacterium gleum_gapfilled_372,0
Chryseobacterium gleum_gapfilled_839,0
Chryseobacterium gleum_gapfilled_886,0
Chryseobacterium gleum_gapfilled_71,1
Chryseobacterium gleum_gapfilled_61,0
Chryseobacterium gleum_gapfilled_191,0
Chryseobacterium gleum_gapfilled_924,0
Chryseobacterium gleum_gapfilled_653,0
Chryseobacterium gleum_gapfilled_54,0
Chryseobacterium gleum_gapfilled_312,0
Chryseobacterium gleum_gapfilled_525,0
Chryseobacterium gleum_gapfilled_433,0
Chryseobacterium gleum_gapfilled_569,0
Chryseobacterium gleum_gapfilled_383,0
Chryseobacterium gleum_gapfilled_694,0
Chryseobacterium gleum_gapfilled_893,1
Chryseobacterium gleum_gapfilled_562,0
Chryseobacterium gleum_gapfilled_675,0
Chryseobacterium gleum_gapfilled_542,1
Chryseobacterium gleum_gapfilled_427,0
Chryseobacterium gleum_gapfilled_366,0
Chryseobacterium gleum_gapfilled_362,0
Chryseobacterium gleum_gapfilled_155,0
Chryseobacterium gleum_gapfilled_374,0
Chryseobacterium gleum_gapfilled_688,1
Chryseobacterium gleum_gapfilled_580,0
Chryseobacterium gleum_gapfilled_733,0
Chryseobacterium gleum_gapfilled_408,0
Chryseobacterium gleum_gapfilled_833,1
Chryseobacterium gleum_gapfilled_373,1
Chryseobacterium gleum_gapfilled_354,0
Chryseobacterium gleum_gapfilled_184,0
Chryseobacterium gleum_gapfilled_59,0
Chryseobacterium gleum_gapfilled_659,0
Chryseobacterium gleum_gapfilled_343,0
Chryseobacterium gleum_gapfilled_65,0
Chryseobacterium gleum_gapfilled_595,0
Chryseobacterium gleum_gapfilled_260,0
Chryseobacterium gleum_gapfilled_762,0
Chryseobacterium gleum_gapfilled_575,0
Chryseobacterium gleum_gapfilled_441,0
Chryseobacterium gleum_gapfilled_401,0
Chryseobacterium gleum_gapfilled_176,0
Chryseobacterium gleum_gapfilled_861,0
Chryseobacterium gleum_gapfilled_835,0
Chryseobacterium gleum_gapfilled_414,0
Chryseobacterium gleum_gapfilled_756,0
Chryseobacterium gleum_gapfilled_958,0
Chryseobacterium gleum_gapfilled_413,0
Chryseobacterium gleum_gapfilled_429,0
Chryseobacterium gleum_gapfilled_775,0
Chryseobacterium gleum_gapfilled_122,0
Chryseobacterium gleum_gapfilled_887,0
Chryseobacterium gleum_gapfilled_668,0
Chryseobacterium gleum_gapfilled_235,1
Chryseobacterium gleum_gapfilled_597,0
Chryseobacterium gleum_gapfilled_64,1
Chryseobacterium gleum_gapfilled_168,0
Chryseobacterium gleum_gapfilled_529,0
Chryseobacterium gleum_gapfilled_671,0
Chryseobacterium gleum_gapfilled_461,0
Chryseobacterium gleum_gapfilled_399,1
Chryseobacterium gleum_gapfilled_263,1
Chryseobacterium gleum_gapfilled_403,0
Chryseobacterium gleum_gapfilled_711,0
Chryseobacterium gleum_gapfilled_771,0
Chryseobacterium gleum_gapfilled_880,0
Chryseobacterium gleum_gapfilled_590,0
Chryseobacterium gleum_gapfilled_657,0
Chryseobacterium gleum_gapfilled_282,0
Chryseobacterium gleum_gapfilled_58,0
Chryseobacterium gleum_gapfilled_11,1
Chryseobacterium gleum_gapfilled_868,0
Chryseobacterium gleum_gapfilled_700,0
Chryseobacterium gleum_gapfilled_849,0
Chryseobacterium gleum_gapfilled_507,0
Chryseobacterium gleum_gapfilled_449,0
Chryseobacterium gleum_gapfilled_980,0
Chryseobacterium gleum_gapfilled_896,0
Chryseobacterium gleum_gapfilled_926,0
Chryseobacterium gleum_gapfilled_556,0
Chryseobacterium gleum_gapfilled_175,0
Chryseobacterium gleum_gapfilled_728,0
Chryseobacterium gleum_gapfilled_662,0
Chryseobacterium gleum_gapfilled_458,0
Chryseobacterium gleum_gapfilled_903,0
Chryseobacterium gleum_gapfilled_848,0
Chryseobacterium gleum_gapfilled_518,1
Chryseobacterium gleum_gapfilled_899,0
Chryseobacterium gleum_gapfilled_45,0
Chryseobacterium gleum_gapfilled_504,0
Chryseobacterium gleum_gapfilled_715,0
Chryseobacterium gleum_gapfilled_481,1
Chryseobacterium gleum_gapfilled_468,0
Chryseobacterium gleum_gapfilled_133,0
Chryseobacterium gleum_gapfilled_895,0
Chryseobacterium gleum_gapfilled_918,1
Chryseobacterium gleum_gapfilled_591,0
Chryseobacterium gleum_gapfilled_475,0
Chryseobacterium gleum_gapfilled_622,0
Chryseobacterium gleum_gapfilled_945,0
Chryseobacterium gleum_gapfilled_524,0
Chryseobacterium gleum_gapfilled_492,0
Chryseobacterium gleum_gapfilled_391,1
Chryseobacterium gleum_gapfilled_853,0
Chryseobacterium gleum_gapfilled_121,0
Chryseobacterium gleum_gapfilled_489,0
Chryseobacterium gleum_gapfilled_276,0
Chryseobacterium gleum_gapfilled_628,1
Chryseobacterium gleum_gapfilled_606,0
Chryseobacterium gleum_gapfilled_147,0
Chryseobacterium gleum_gapfilled_238,0
Chryseobacterium gleum_gapfilled_107,0
Chryseobacterium gleum_gapfilled_585,0
Chryseobacterium gleum_gapfilled_626,0
Chryseobacterium gleum_gapfilled_593,0
Chryseobacterium gleum_gapfilled_17,0
Chryseobacterium gleum_gapfilled_259,0
Chryseobacterium gleum_gapfilled_280,0
Chryseobacterium gleum_gapfilled_162,0
Chryseobacterium gleum_gapfilled_805,0
Chryseobacterium gleum_gapfilled_307,0
Chryseobacterium gleum_gapfilled_513,0
Chryseobacterium gleum_gapfilled_632,1
Chryseobacterium gleum_gapfilled_281,0
Chryseobacterium gleum_gapfilled_596,0
Chryseobacterium gleum_gapfilled_955,0
Chryseobacterium gleum_gapfilled_409,0
Chryseobacterium gleum_gapfilled_782,0
Chryseobacterium gleum_gapfilled_751,0
Chryseobacterium gleum_gapfilled_801,0
Chryseobacterium gleum_gapfilled_582,0
Chryseobacterium gleum_gapfilled_50,0
Chryseobacterium gleum_gapfilled_239,0
Chryseobacterium gleum_gapfilled_55,1
Chryseobacterium gleum_gapfilled_988,0
Chryseobacterium gleum_gapfilled_4,0
Chryseobacterium gleum_gapfilled_937,0
Chryseobacterium gleum_gapfilled_550,0
Chryseobacterium gleum_gapfilled_330,0
Chryseobacterium gleum_gapfilled_685,0
Chryseobacterium gleum_gapfilled_134,0
Chryseobacterium gleum_gapfilled_332,0
Chryseobacterium gleum_gapfilled_205,0
Chryseobacterium gleum_gapfilled_568,0
Chryseobacterium gleum_gapfilled_446,0
Chryseobacterium gleum_gapfilled_219,0
Chryseobacterium gleum_gapfilled_634,0
Chryseobacterium gleum_gapfilled_213,1
Chryseobacterium gleum_gapfilled_908,0
Chryseobacterium gleum_gapfilled_94,1
Chryseobacterium gleum_gapfilled_229,1
Chryseobacterium gleum_gapfilled_816,0
Chryseobacterium gleum_gapfilled_496,0
Chryseobacterium gleum_gapfilled_346,1
Chryseobacterium gleum_gapfilled_883,1
Chryseobacterium gleum_gapfilled_28,0
Chryseobacterium gleum_gapfilled_368,1
Chryseobacterium gleum_gapfilled_563,0
Chryseobacterium gleum_gapfilled_784,0
Chryseobacterium gleum_gapfilled_949,0
Chryseobacterium gleum_gapfilled_587,0
Chryseobacterium gleum_gapfilled_241,0
Chryseobacterium gleum_gapfilled_890,0
Chryseobacterium gleum_gapfilled_34,0
Chryseobacterium gleum_gapfilled_664,1
Chryseobacterium gleum_gapfilled_553,0
Chryseobacterium gleum_gapfilled_718,0
Chryseobacterium gleum_gapfilled_37,0
Chryseobacterium gleum_gapfilled_227,1
Chryseobacterium gleum_gapfilled_473,0
Chryseobacterium gleum_gapfilled_505,0
Chryseobacterium gleum_gapfilled_181,0
Chryseobacterium gleum_gapfilled_508,1
Chryseobacterium gleum_gapfilled_933,1
Chryseobacterium gleum_gapfilled_717,0
Chryseobacterium gleum_gapfilled_614,1
Chryseobacterium gleum_gapfilled_44,0
Chryseobacterium gleum_gapfilled_130,0
Chryseobacterium gleum_gapfilled_127,0
Chryseobacterium gleum_gapfilled_812,1
Chryseobacterium gleum_gapfilled_457,0
Chryseobacterium gleum_gapfilled_741,0
Chryseobacterium gleum_gapfilled_723,0
Chryseobacterium gleum_gapfilled_72,0
Chryseobacterium gleum_gapfilled_230,1
Chryseobacterium gleum_gapfilled_961,0
Chryseobacterium gleum_gapfilled_996,0
Chryseobacterium gleum_gapfilled_713,1
Chryseobacterium gleum_gapfilled_420,0
Chryseobacterium gleum_gapfilled_440,0
Chryseobacterium gleum_gapfilled_973,0
Chryseobacterium gleum_gapfilled_732,0
Chryseobacterium gleum_gapfilled_308,0
Chryseobacterium gleum_gapfilled_759,1
Chryseobacterium gleum_gapfilled_164,0
Chryseobacterium gleum_gapfilled_860,0
Chryseobacterium gleum_gapfilled_275,1
Chryseobacterium gleum_gapfilled_206,0
Chryseobacterium gleum_gapfilled_925,0
Chryseobacterium gleum_gapfilled_770,0
Chryseobacterium gleum_gapfilled_929,0
Chryseobacterium gleum_gapfilled_444,1
Chryseobacterium gleum_gapfilled_190,0
Chryseobacterium gleum_gapfilled_478,0
Chryseobacterium gleum_gapfilled_581,0
Chryseobacterium gleum_gapfilled_517,0
Chryseobacterium gleum_gapfilled_216,0
Chryseobacterium gleum_gapfilled_422,1
Chryseobacterium gleum_gapfilled_852,0
Chryseobacterium gleum_gapfilled_231,0
Chryseobacterium gleum_gapfilled_27,0
Chryseobacterium gleum_gapfilled_769,0
Chryseobacterium gleum_gapfilled_167,1
Chryseobacterium gleum_gapfilled_26,0
Chryseobacterium gleum_gapfilled_743,1
Chryseobacterium gleum_gapfilled_16,0
Chryseobacterium gleum_gapfilled_118,1
Chryseobacterium gleum_gapfilled_336,0
Chryseobacterium gleum_gapfilled_269,0
Chryseobacterium gleum_gapfilled_706,0
Chryseobacterium gleum_gapfilled_678,0
Chryseobacterium gleum_gapfilled_578,0
Chryseobacterium gleum_gapfilled_105,0
Chryseobacterium gleum_gapfilled_601,1
Chryseobacterium gleum_gapfilled_46,0
Chryseobacterium gleum_gapfilled_943,0
Chryseobacterium gleum_gapfilled_84,0
Chryseobacterium gleum_gapfilled_116,0
Chryseobacterium gleum_gapfilled_910,0
Chryseobacterium gleum_gapfilled_510,1
Chryseobacterium gleum_gapfilled_734,0
Chryseobacterium gleum_gapfilled_24,0
Chryseobacterium gleum_gapfilled_237,0
Chryseobacterium gleum_gapfilled_520,0
Chryseobacterium gleum_gapfilled_150,0
Chryseobacterium gleum_gapfilled_565,0
Chryseobacterium gleum_gapfilled_739,1
Chryseobacterium gleum_gapfilled_709,1
Chryseobacterium gleum_gapfilled_948,0
Chryseobacterium gleum_gapfilled_63,0
Chryseobacterium gleum_gapfilled_874,0
Chryseobacterium gleum_gapfilled_57,0
Chryseobacterium gleum_gapfilled_790,0
Chryseobacterium gleum_gapfilled_660,0
Chryseobacterium gleum_gapfilled_589,0
Chryseobacterium gleum_gapfilled_972,1
Chryseobacterium gleum_gapfilled_586,0
Chryseobacterium gleum_gapfilled_493,0
Chryseobacterium gleum_gapfilled_695,0
Chryseobacterium gleum_gapfilled_942,0
Chryseobacterium gleum_gapfilled_141,0
Chryseobacterium gleum_gapfilled_494,0
Chryseobacterium gleum_gapfilled_573,0
Chryseobacterium gleum_gapfilled_169,0
Chryseobacterium gleum_gapfilled_871,1
Chryseobacterium gleum_gapfilled_344,0
Chryseobacterium gleum_gapfilled_476,0
Chryseobacterium gleum_gapfilled_470,0
Chryseobacterium gleum_gapfilled_234,0
Chryseobacterium gleum_gapfilled_781,0
Chryseobacterium gleum_gapfilled_102,0
Chryseobacterium gleum_gapfilled_707,0
Chryseobacterium gleum_gapfilled_193,0
Chryseobacterium gleum_gapfilled_225,0
Chryseobacterium gleum_gapfilled_894,0
Chryseobacterium gleum_gapfilled_745,0
Chryseobacterium gleum_gapfilled_425,0
Chryseobacterium gleum_gapfilled_360,0
Chryseobacterium gleum_gapfilled_501,0
Chryseobacterium gleum_gapfilled_714,1
Chryseobacterium gleum_gapfilled_495,0
Chryseobacterium gleum_gapfilled_459,0
Chryseobacterium gleum_gapfilled_159,0
Chryseobacterium gleum_gapfilled_725,0
Chryseobacterium gleum_gapfilled_222,0
Chryseobacterium gleum_gapfilled_844,0
Chryseobacterium gleum_gapfilled_137,0
Chryseobacterium gleum_gapfilled_463,0
Chryseobacterium gleum_gapfilled_847,0
Chryseobacterium gleum_gapfilled_5,0
Chryseobacterium gleum_gapfilled_773,0
Chryseobacterium gleum_gapfilled_916,1
Chryseobacterium gleum_gapfilled_936,1
Chryseobacterium gleum_gapfilled_53,0
