Enterococcus faecalis_gapfilled_666,1
Enterococcus faecalis_gapfilled_989,1
Enterococcus faecalis_gapfilled_806,1
Enterococcus faecalis_gapfilled_31,1
Enterococcus faecalis_gapfilled_651,1
Enterococcus faecalis_gapfilled_215,1
Enterococcus faecalis_gapfilled_970,1
Enterococcus faecalis_gapfilled_436,0
Enterococcus faecalis_gapfilled_399,1
Enterococcus faecalis_gapfilled_553,1
Enterococcus faecalis_gapfilled_170,1
Enterococcus faecalis_gapfilled_912,1
Enterococcus faecalis_gapfilled_439,1
Enterococcus faecalis_gapfilled_542,1
Enterococcus faecalis_gapfilled_409,1
Enterococcus faecalis_gapfilled_859,1
Enterococcus faecalis_gapfilled_112,1
Enterococcus faecalis_gapfilled_344,1
Enterococcus faecalis_gapfilled_684,0
Enterococcus faecalis_gapfilled_28,0
Enterococcus faecalis_gapfilled_780,1
Enterococcus faecalis_gapfilled_10,1
Enterococcus faecalis_gapfilled_996,1
Enterococcus faecalis_gapfilled_814,1
Enterococcus faecalis_gapfilled_390,1
Enterococcus faecalis_gapfilled_793,1
Enterococcus faecalis_gapfilled_622,0
Enterococcus faecalis_gapfilled_152,0
Enterococcus faecalis_gapfilled_985,0
Enterococcus faecalis_gapfilled_49,1
Enterococcus faecalis_gapfilled_739,1
Enterococcus faecalis_gapfilled_21,0
Enterococcus faecalis_gapfilled_140,1
Enterococcus faecalis_gapfilled_999,1
Enterococcus faecalis_gapfilled_203,0
Enterococcus faecalis_gapfilled_267,1
Enterococcus faecalis_gapfilled_288,1
Enterococcus faecalis_gapfilled_641,1
Enterococcus faecalis_gapfilled_369,0
Enterococcus faecalis_gapfilled_897,1
Enterococcus faecalis_gapfilled_583,1
Enterococcus faecalis_gapfilled_264,1
Enterococcus faecalis_gapfilled_223,1
Enterococcus faecalis_gapfilled_15,1
Enterococcus faecalis_gapfilled_93,1
Enterococcus faecalis_gapfilled_858,1
Enterococcus faecalis_gapfilled_135,1
Enterococcus faecalis_gapfilled_333,1
Enterococcus faecalis_gapfilled_710,1
Enterococcus faecalis_gapfilled_455,1
Enterococcus faecalis_gapfilled_658,1
Enterococcus faecalis_gapfilled_618,1
Enterococcus faecalis_gapfilled_629,0
Enterococcus faecalis_gapfilled_186,1
Enterococcus faecalis_gapfilled_640,1
Enterococcus faecalis_gapfilled_412,1
Enterococcus faecalis_gapfilled_351,0
Enterococcus faecalis_gapfilled_117,1
Enterococcus faecalis_gapfilled_226,1
Enterococcus faecalis_gapfilled_174,0
Enterococcus faecalis_gapfilled_594,1
Enterococcus faecalis_gapfilled_995,1
Enterococcus faecalis_gapfilled_370,0
Enterococcus faecalis_gapfilled_595,1
Enterococcus faecalis_gapfilled_419,1
Enterococcus faecalis_gapfilled_905,1
Enterococcus faecalis_gapfilled_210,1
Enterococcus faecalis_gapfilled_871,1
Enterococcus faecalis_gapfilled_884,1
Enterococcus faecalis_gapfilled_314,1
Enterococcus faecalis_gapfilled_740,0
Enterococcus faecalis_gapfilled_611,1
Enterococcus faecalis_gapfilled_452,1
Enterococcus faecalis_gapfilled_334,1
Enterococcus faecalis_gapfilled_228,1
Enterococcus faecalis_gapfilled_660,1
Enterococcus faecalis_gapfilled_497,1
Enterococcus faecalis_gapfilled_825,1
Enterococcus faecalis_gapfilled_19,0
Enterococcus faecalis_gapfilled_274,1
Enterococcus faecalis_gapfilled_311,1
Enterococcus faecalis_gapfilled_548,1
Enterococcus faecalis_gapfilled_672,1
Enterococcus faecalis_gapfilled_26,0
Enterococcus faecalis_gapfilled_475,1
Enterococcus faecalis_gapfilled_799,1
Enterococcus faecalis_gapfilled_237,0
Enterococcus faecalis_gapfilled_678,1
Enterococcus faecalis_gapfilled_326,1
Enterococcus faecalis_gapfilled_272,1
Enterococcus faecalis_gapfilled_981,1
Enterococcus faecalis_gapfilled_52,1
Enterococcus faecalis_gapfilled_426,1
Enterococcus faecalis_gapfilled_845,1
Enterococcus faecalis_gapfilled_338,1
Enterococcus faecalis_gapfilled_737,0
Enterococcus faecalis_gapfilled_919,0
Enterococcus faecalis_gapfilled_27,0
Enterococcus faecalis_gapfilled_163,0
Enterococcus faecalis_gapfilled_44,1
Enterococcus faecalis_gapfilled_830,1
Enterococcus faecalis_gapfilled_988,0
Enterococcus faecalis_gapfilled_72,1
Enterococcus faecalis_gapfilled_187,1
Enterococcus faecalis_gapfilled_201,1
Enterococcus faecalis_gapfilled_538,1
Enterococcus faecalis_gapfilled_144,0
Enterococcus faecalis_gapfilled_867,1
Enterococcus faecalis_gapfilled_951,1
Enterococcus faecalis_gapfilled_494,1
Enterococcus faecalis_gapfilled_646,0
Enterococcus faecalis_gapfilled_750,1
Enterococcus faecalis_gapfilled_199,1
Enterococcus faecalis_gapfilled_456,1
Enterococcus faecalis_gapfilled_906,1
Enterococcus faecalis_gapfilled_46,1
Enterococcus faecalis_gapfilled_281,1
Enterococcus faecalis_gapfilled_910,1
Enterococcus faecalis_gapfilled_575,1
Enterococcus faecalis_gapfilled_974,1
Enterococcus faecalis_gapfilled_610,1
Enterococcus faecalis_gapfilled_922,1
Enterococcus faecalis_gapfilled_899,1
Enterococcus faecalis_gapfilled_942,1
Enterococcus faecalis_gapfilled_778,1
Enterococcus faecalis_gapfilled_633,1
Enterococcus faecalis_gapfilled_935,1
Enterococcus faecalis_gapfilled_757,0
Enterococcus faecalis_gapfilled_389,1
Enterococcus faecalis_gapfilled_850,1
Enterococcus faecalis_gapfilled_875,1
Enterococcus faecalis_gapfilled_110,1
Enterococcus faecalis_gapfilled_247,1
Enterococcus faecalis_gapfilled_362,1
Enterococcus faecalis_gapfilled_324,1
Enterococcus faecalis_gapfilled_961,0
Enterococcus faecalis_gapfilled_198,1
Enterococcus faecalis_gapfilled_877,1
Enterococcus faecalis_gapfilled_382,0
Enterococcus faecalis_gapfilled_460,1
Enterococcus faecalis_gapfilled_729,0
Enterococcus faecalis_gapfilled_300,1
Enterococcus faecalis_gapfilled_807,1
Enterococcus faecalis_gapfilled_461,0
Enterococcus faecalis_gapfilled_195,1
Enterococcus faecalis_gapfilled_478,1
Enterococcus faecalis_gapfilled_562,1
Enterococcus faecalis_gapfilled_544,1
Enterococcus faecalis_gapfilled_715,1
Enterococcus faecalis_gapfilled_947,1
Enterococcus faecalis_gapfilled_453,1
Enterococcus faecalis_gapfilled_541,1
Enterococcus faecalis_gapfilled_766,1
Enterococcus faecalis_gapfilled_445,1
Enterococcus faecalis_gapfilled_934,1
Enterococcus faecalis_gapfilled_415,1
Enterococcus faecalis_gapfilled_876,1
Enterococcus faecalis_gapfilled_225,1
Enterococcus faecalis_gapfilled_160,1
Enterococcus faecalis_gapfilled_649,1
Enterococcus faecalis_gapfilled_284,1
Enterococcus faecalis_gapfilled_285,1
Enterococcus faecalis_gapfilled_427,1
Enterococcus faecalis_gapfilled_977,1
Enterococcus faecalis_gapfilled_496,0
Enterococcus faecalis_gapfilled_963,1
Enterococcus faecalis_gapfilled_484,1
Enterococcus faecalis_gapfilled_316,0
Enterococcus faecalis_gapfilled_722,1
Enterococcus faecalis_gapfilled_339,1
Enterococcus faecalis_gapfilled_134,1
Enterococcus faecalis_gapfilled_796,1
Enterococcus faecalis_gapfilled_969,1
Enterococcus faecalis_gapfilled_322,1
Enterococcus faecalis_gapfilled_551,0
Enterococcus faecalis_gapfilled_313,1
Enterococcus faecalis_gapfilled_139,1
Enterococcus faecalis_gapfilled_732,1
Enterococcus faecalis_gapfilled_932,0
Enterococcus faecalis_gapfilled_581,0
Enterococcus faecalis_gapfilled_652,1
Enterococcus faecalis_gapfilled_827,1
Enterococcus faecalis_gapfilled_964,0
Enterococcus faecalis_gapfilled_465,1
Enterococcus faecalis_gapfilled_406,1
Enterococcus faecalis_gapfilled_153,1
Enterococcus faecalis_gapfilled_817,1
Enterococcus faecalis_gapfilled_59,1
Enterococcus faecalis_gapfilled_335,1
Enterococcus faecalis_gapfilled_655,1
Enterococcus faecalis_gapfilled_674,0
Enterococcus faecalis_gapfilled_516,1
Enterococcus faecalis_gapfilled_323,1
Enterococcus faecalis_gapfilled_926,1
Enterococcus faecalis_gapfilled_735,0
Enterococcus faecalis_gapfilled_972,1
Enterococcus faecalis_gapfilled_965,1
Enterococcus faecalis_gapfilled_129,1
Enterococcus faecalis_gapfilled_256,0
Enterococcus faecalis_gapfilled_556,0
Enterococcus faecalis_gapfilled_546,1
Enterococcus faecalis_gapfilled_480,0
Enterococcus faecalis_gapfilled_165,1
Enterococcus faecalis_gapfilled_293,1
Enterococcus faecalis_gapfilled_422,1
Enterococcus faecalis_gapfilled_379,1
Enterococcus faecalis_gapfilled_635,1
Enterococcus faecalis_gapfilled_244,1
Enterococcus faecalis_gapfilled_354,1
Enterococcus faecalis_gapfilled_607,1
Enterococcus faecalis_gapfilled_890,1
Enterococcus faecalis_gapfilled_327,1
Enterococcus faecalis_gapfilled_950,1
Enterococcus faecalis_gapfilled_785,0
Enterococcus faecalis_gapfilled_540,1
Enterococcus faecalis_gapfilled_991,1
Enterococcus faecalis_gapfilled_38,1
Enterococcus faecalis_gapfilled_12,1
Enterococcus faecalis_gapfilled_626,1
Enterococcus faecalis_gapfilled_181,1
Enterococcus faecalis_gapfilled_543,1
Enterococcus faecalis_gapfilled_428,1
Enterococcus faecalis_gapfilled_265,1
Enterococcus faecalis_gapfilled_55,1
Enterococcus faecalis_gapfilled_815,1
Enterococcus faecalis_gapfilled_506,0
Enterococcus faecalis_gapfilled_220,1
Enterococcus faecalis_gapfilled_321,1
Enterococcus faecalis_gapfilled_860,1
Enterococcus faecalis_gapfilled_393,0
Enterococcus faecalis_gapfilled_4,1
Enterococcus faecalis_gapfilled_681,1
Enterococcus faecalis_gapfilled_106,1
Enterococcus faecalis_gapfilled_74,1
Enterococcus faecalis_gapfilled_14,1
Enterococcus faecalis_gapfilled_142,1
Enterococcus faecalis_gapfilled_779,0
Enterococcus faecalis_gapfilled_431,1
Enterococcus faecalis_gapfilled_596,1
Enterococcus faecalis_gapfilled_973,0
Enterococcus faecalis_gapfilled_224,0
Enterococcus faecalis_gapfilled_532,0
Enterococcus faecalis_gapfilled_234,1
Enterococcus faecalis_gapfilled_56,1
Enterococcus faecalis_gapfilled_218,1
Enterococcus faecalis_gapfilled_738,1
Enterococcus faecalis_gapfilled_731,1
Enterococcus faecalis_gapfilled_37,1
Enterococcus faecalis_gapfilled_907,0
Enterococcus faecalis_gapfilled_183,1
Enterococcus faecalis_gapfilled_719,1
Enterococcus faecalis_gapfilled_410,0
Enterococcus faecalis_gapfilled_98,1
Enterococcus faecalis_gapfilled_68,1
Enterococcus faecalis_gapfilled_945,1
Enterococcus faecalis_gapfilled_83,0
Enterococcus faecalis_gapfilled_956,1
Enterococcus faecalis_gapfilled_446,1
Enterococcus faecalis_gapfilled_819,1
Enterococcus faecalis_gapfilled_707,1
Enterococcus faecalis_gapfilled_743,1
Enterococcus faecalis_gapfilled_23,1
Enterococcus faecalis_gapfilled_848,0
Enterococcus faecalis_gapfilled_576,1
Enterococcus faecalis_gapfilled_235,1
Enterococcus faecalis_gapfilled_145,1
Enterococcus faecalis_gapfilled_486,1
Enterococcus faecalis_gapfilled_685,1
Enterococcus faecalis_gapfilled_430,1
Enterococcus faecalis_gapfilled_930,1
Enterococcus faecalis_gapfilled_162,0
Enterococcus faecalis_gapfilled_268,0
Enterococcus faecalis_gapfilled_528,1
Enterococcus faecalis_gapfilled_492,1
Enterococcus faecalis_gapfilled_943,1
Enterococcus faecalis_gapfilled_54,1
Enterococcus faecalis_gapfilled_924,1
Enterococcus faecalis_gapfilled_6,0
Enterococcus faecalis_gapfilled_78,1
Enterococcus faecalis_gapfilled_566,1
Enterococcus faecalis_gapfilled_853,1
Enterococcus faecalis_gapfilled_233,1
Enterococcus faecalis_gapfilled_631,1
Enterococcus faecalis_gapfilled_246,1
Enterococcus faecalis_gapfilled_82,1
Enterococcus faecalis_gapfilled_425,1
Enterococcus faecalis_gapfilled_925,1
Enterococcus faecalis_gapfilled_555,1
Enterococcus faecalis_gapfilled_748,0
Enterococcus faecalis_gapfilled_358,1
Enterococcus faecalis_gapfilled_765,1
Enterococcus faecalis_gapfilled_983,1
Enterococcus faecalis_gapfilled_151,1
Enterococcus faecalis_gapfilled_126,1
Enterococcus faecalis_gapfilled_253,0
Enterococcus faecalis_gapfilled_261,1
Enterococcus faecalis_gapfilled_418,0
Enterococcus faecalis_gapfilled_808,1
Enterococcus faecalis_gapfilled_645,1
Enterococcus faecalis_gapfilled_250,1
Enterococcus faecalis_gapfilled_534,1
Enterococcus faecalis_gapfilled_944,0
Enterococcus faecalis_gapfilled_499,1
Enterococcus faecalis_gapfilled_937,0
Enterococcus faecalis_gapfilled_915,0
Enterococcus faecalis_gapfilled_527,1
Enterococcus faecalis_gapfilled_718,0
Enterococcus faecalis_gapfilled_726,1
Enterococcus faecalis_gapfilled_782,1
Enterococcus faecalis_gapfilled_315,0
Enterococcus faecalis_gapfilled_217,1
Enterococcus faecalis_gapfilled_241,1
Enterococcus faecalis_gapfilled_208,1
Enterococcus faecalis_gapfilled_184,1
Enterococcus faecalis_gapfilled_394,1
Enterococcus faecalis_gapfilled_525,1
Enterococcus faecalis_gapfilled_435,1
Enterococcus faecalis_gapfilled_670,1
Enterococcus faecalis_gapfilled_395,1
Enterococcus faecalis_gapfilled_353,1
Enterococcus faecalis_gapfilled_25,1
Enterococcus faecalis_gapfilled_377,1
Enterococcus faecalis_gapfilled_888,1
Enterococcus faecalis_gapfilled_405,1
Enterococcus faecalis_gapfilled_980,1
Enterococcus faecalis_gapfilled_109,1
Enterococcus faecalis_gapfilled_759,1
Enterococcus faecalis_gapfilled_278,1
Enterococcus faecalis_gapfilled_569,0
Enterococcus faecalis_gapfilled_423,0
Enterococcus faecalis_gapfilled_193,0
Enterococcus faecalis_gapfilled_416,0
Enterococcus faecalis_gapfilled_417,1
Enterococcus faecalis_gapfilled_818,1
Enterococcus faecalis_gapfilled_328,1
Enterococcus faecalis_gapfilled_533,1
Enterococcus faecalis_gapfilled_589,1
Enterococcus faecalis_gapfilled_363,1
Enterococcus faecalis_gapfilled_121,1
Enterococcus faecalis_gapfilled_787,0
Enterococcus faecalis_gapfilled_249,1
Enterococcus faecalis_gapfilled_822,1
Enterococcus faecalis_gapfilled_197,1
Enterococcus faecalis_gapfilled_343,1
Enterococcus faecalis_gapfilled_829,1
Enterococcus faecalis_gapfilled_76,1
Enterococcus faecalis_gapfilled_1,0
Enterococcus faecalis_gapfilled_517,1
Enterococcus faecalis_gapfilled_128,1
Enterococcus faecalis_gapfilled_957,1
Enterococcus faecalis_gapfilled_856,0
Enterococcus faecalis_gapfilled_99,0
Enterococcus faecalis_gapfilled_479,1
Enterococcus faecalis_gapfilled_821,1
Enterococcus faecalis_gapfilled_91,1
Enterococcus faecalis_gapfilled_239,1
Enterococcus faecalis_gapfilled_101,1
Enterococcus faecalis_gapfilled_561,1
Enterococcus faecalis_gapfilled_711,1
Enterococcus faecalis_gapfilled_219,1
Enterococcus faecalis_gapfilled_603,1
Enterococcus faecalis_gapfilled_529,1
Enterococcus faecalis_gapfilled_949,1
Enterococcus faecalis_gapfilled_984,1
Enterococcus faecalis_gapfilled_682,1
Enterococcus faecalis_gapfilled_340,1
Enterococcus faecalis_gapfilled_887,1
Enterococcus faecalis_gapfilled_644,1
Enterococcus faecalis_gapfilled_990,0
Enterococcus faecalis_gapfilled_231,1
Enterococcus faecalis_gapfilled_849,1
Enterococcus faecalis_gapfilled_245,1
Enterococcus faecalis_gapfilled_385,1
Enterococcus faecalis_gapfilled_844,1
Enterococcus faecalis_gapfilled_865,1
Enterococcus faecalis_gapfilled_975,1
Enterococcus faecalis_gapfilled_402,1
Enterococcus faecalis_gapfilled_599,1
Enterococcus faecalis_gapfilled_330,1
Enterococcus faecalis_gapfilled_557,1
Enterococcus faecalis_gapfilled_16,1
Enterococcus faecalis_gapfilled_883,1
Enterococcus faecalis_gapfilled_108,1
Enterococcus faecalis_gapfilled_275,1
Enterococcus faecalis_gapfilled_810,1
Enterococcus faecalis_gapfilled_931,1
Enterococcus faecalis_gapfilled_568,1
Enterococcus faecalis_gapfilled_874,1
Enterococcus faecalis_gapfilled_590,1
Enterococcus faecalis_gapfilled_882,0
Enterococcus faecalis_gapfilled_120,1
Enterococcus faecalis_gapfilled_294,1
Enterococcus faecalis_gapfilled_872,1
Enterococcus faecalis_gapfilled_686,1
Enterococcus faecalis_gapfilled_801,1
Enterococcus faecalis_gapfilled_308,1
Enterococcus faecalis_gapfilled_209,1
Enterococcus faecalis_gapfilled_420,1
Enterococcus faecalis_gapfilled_374,1
Enterococcus faecalis_gapfilled_777,1
Enterococcus faecalis_gapfilled_834,1
Enterococcus faecalis_gapfilled_107,1
Enterococcus faecalis_gapfilled_650,1
Enterococcus faecalis_gapfilled_698,1
Enterococcus faecalis_gapfilled_861,1
Enterococcus faecalis_gapfilled_378,1
Enterococcus faecalis_gapfilled_143,0
Enterococcus faecalis_gapfilled_539,1
Enterococcus faecalis_gapfilled_434,1
Enterococcus faecalis_gapfilled_65,1
Enterococcus faecalis_gapfilled_95,1
Enterococcus faecalis_gapfilled_131,1
Enterococcus faecalis_gapfilled_299,0
Enterococcus faecalis_gapfilled_207,1
Enterococcus faecalis_gapfilled_232,1
Enterococcus faecalis_gapfilled_205,1
Enterococcus faecalis_gapfilled_744,1
Enterococcus faecalis_gapfilled_443,1
Enterococcus faecalis_gapfilled_336,1
Enterococcus faecalis_gapfilled_58,1
Enterococcus faecalis_gapfilled_841,0
Enterococcus faecalis_gapfilled_938,1
Enterococcus faecalis_gapfilled_753,1
Enterococcus faecalis_gapfilled_211,1
Enterococcus faecalis_gapfilled_188,1
Enterococcus faecalis_gapfilled_138,1
Enterococcus faecalis_gapfilled_663,1
Enterococcus faecalis_gapfilled_255,1
Enterococcus faecalis_gapfilled_89,1
Enterococcus faecalis_gapfilled_29,1
Enterococcus faecalis_gapfilled_843,1
Enterococcus faecalis_gapfilled_804,1
Enterococcus faecalis_gapfilled_386,1
Enterococcus faecalis_gapfilled_262,1
Enterococcus faecalis_gapfilled_712,1
Enterococcus faecalis_gapfilled_605,0
Enterococcus faecalis_gapfilled_638,1
Enterococcus faecalis_gapfilled_242,1
Enterococcus faecalis_gapfilled_200,1
Enterococcus faecalis_gapfilled_746,0
Enterococcus faecalis_gapfilled_43,0
Enterococcus faecalis_gapfilled_653,1
Enterococcus faecalis_gapfilled_509,1
Enterococcus faecalis_gapfilled_993,1
Enterococcus faecalis_gapfilled_472,1
Enterococcus faecalis_gapfilled_42,1
Enterococcus faecalis_gapfilled_257,1
Enterococcus faecalis_gapfilled_273,1
Enterococcus faecalis_gapfilled_833,1
Enterococcus faecalis_gapfilled_768,1
Enterococcus faecalis_gapfilled_236,1
Enterococcus faecalis_gapfilled_702,1
Enterococcus faecalis_gapfilled_671,1
Enterococcus faecalis_gapfilled_309,1
Enterococcus faecalis_gapfilled_388,1
Enterococcus faecalis_gapfilled_795,1
Enterococcus faecalis_gapfilled_992,0
Enterococcus faecalis_gapfilled_913,1
Enterococcus faecalis_gapfilled_513,1
Enterococcus faecalis_gapfilled_444,0
Enterococcus faecalis_gapfilled_560,1
Enterococcus faecalis_gapfilled_266,1
Enterococcus faecalis_gapfilled_864,1
Enterococcus faecalis_gapfilled_169,0
Enterococcus faecalis_gapfilled_447,1
Enterococcus faecalis_gapfilled_683,1
Enterococcus faecalis_gapfilled_361,1
Enterococcus faecalis_gapfilled_788,1
Enterococcus faecalis_gapfilled_809,1
Enterococcus faecalis_gapfilled_902,1
Enterococcus faecalis_gapfilled_474,0
Enterococcus faecalis_gapfilled_467,0
Enterococcus faecalis_gapfilled_331,1
Enterococcus faecalis_gapfilled_863,1
Enterococcus faecalis_gapfilled_8,1
Enterococcus faecalis_gapfilled_547,0
Enterococcus faecalis_gapfilled_515,1
Enterococcus faecalis_gapfilled_873,1
Enterococcus faecalis_gapfilled_194,0
Enterococcus faecalis_gapfilled_130,1
Enterococcus faecalis_gapfilled_407,1
Enterococcus faecalis_gapfilled_310,1
Enterococcus faecalis_gapfilled_570,0
Enterococcus faecalis_gapfilled_240,0
Enterococcus faecalis_gapfilled_609,1
Enterococcus faecalis_gapfilled_191,0
Enterococcus faecalis_gapfilled_574,1
Enterococcus faecalis_gapfilled_758,0
Enterococcus faecalis_gapfilled_832,1
Enterococcus faecalis_gapfilled_269,1
Enterococcus faecalis_gapfilled_304,1
Enterococcus faecalis_gapfilled_356,0
Enterococcus faecalis_gapfilled_593,1
Enterococcus faecalis_gapfilled_838,1
Enterococcus faecalis_gapfilled_371,1
Enterococcus faecalis_gapfilled_706,0
Enterococcus faecalis_gapfilled_657,0
Enterococcus faecalis_gapfilled_667,0
Enterococcus faecalis_gapfilled_403,0
Enterococcus faecalis_gapfilled_554,1
Enterococcus faecalis_gapfilled_440,1
Enterococcus faecalis_gapfilled_221,1
Enterococcus faecalis_gapfilled_337,1
Enterococcus faecalis_gapfilled_606,1
Enterococcus faecalis_gapfilled_66,0
Enterococcus faecalis_gapfilled_421,1
Enterococcus faecalis_gapfilled_728,1
Enterococcus faecalis_gapfilled_537,1
Enterococcus faecalis_gapfilled_61,1
Enterococcus faecalis_gapfilled_507,1
Enterococcus faecalis_gapfilled_408,1
Enterococcus faecalis_gapfilled_549,1
Enterococcus faecalis_gapfilled_298,1
Enterococcus faecalis_gapfilled_730,1
Enterococcus faecalis_gapfilled_836,0
Enterococcus faecalis_gapfilled_597,1
Enterococcus faecalis_gapfilled_908,1
Enterococcus faecalis_gapfilled_511,1
Enterococcus faecalis_gapfilled_798,1
Enterococcus faecalis_gapfilled_75,0
Enterococcus faecalis_gapfilled_414,1
Enterococcus faecalis_gapfilled_424,1
Enterococcus faecalis_gapfilled_171,1
Enterococcus faecalis_gapfilled_741,0
Enterococcus faecalis_gapfilled_463,1
Enterococcus faecalis_gapfilled_104,1
Enterococcus faecalis_gapfilled_613,1
Enterococcus faecalis_gapfilled_376,1
Enterococcus faecalis_gapfilled_86,1
Enterococcus faecalis_gapfilled_490,0
Enterococcus faecalis_gapfilled_260,1
Enterococcus faecalis_gapfilled_928,0
Enterococcus faecalis_gapfilled_773,1
Enterococcus faecalis_gapfilled_469,1
Enterococcus faecalis_gapfilled_295,1
Enterococcus faecalis_gapfilled_192,1
Enterococcus faecalis_gapfilled_889,1
Enterococcus faecalis_gapfilled_987,0
Enterococcus faecalis_gapfilled_238,0
Enterococcus faecalis_gapfilled_927,1
Enterococcus faecalis_gapfilled_329,0
Enterococcus faecalis_gapfilled_767,1
Enterococcus faecalis_gapfilled_391,0
Enterococcus faecalis_gapfilled_588,1
Enterococcus faecalis_gapfilled_921,1
Enterococcus faecalis_gapfilled_530,1
Enterococcus faecalis_gapfilled_442,0
Enterococcus faecalis_gapfilled_271,1
Enterococcus faecalis_gapfilled_454,0
Enterococcus faecalis_gapfilled_125,1
Enterococcus faecalis_gapfilled_634,1
Enterococcus faecalis_gapfilled_885,1
Enterococcus faecalis_gapfilled_918,1
Enterococcus faecalis_gapfilled_381,0
Enterococcus faecalis_gapfilled_747,1
Enterococcus faecalis_gapfilled_251,0
Enterococcus faecalis_gapfilled_85,1
Enterococcus faecalis_gapfilled_962,1
Enterococcus faecalis_gapfilled_57,1
Enterococcus faecalis_gapfilled_254,1
Enterococcus faecalis_gapfilled_754,0
Enterococcus faecalis_gapfilled_820,0
Enterococcus faecalis_gapfilled_966,0
Enterococcus faecalis_gapfilled_577,1
Enterococcus faecalis_gapfilled_898,1
Enterococcus faecalis_gapfilled_514,0
Enterococcus faecalis_gapfilled_713,1
Enterococcus faecalis_gapfilled_22,1
Enterococcus faecalis_gapfilled_458,1
Enterococcus faecalis_gapfilled_960,1
Enterococcus faecalis_gapfilled_800,1
Enterococcus faecalis_gapfilled_477,1
Enterococcus faecalis_gapfilled_214,0
Enterococcus faecalis_gapfilled_470,1
Enterococcus faecalis_gapfilled_880,1
Enterococcus faecalis_gapfilled_802,1
Enterococcus faecalis_gapfilled_287,1
Enterococcus faecalis_gapfilled_150,0
Enterococcus faecalis_gapfilled_894,1
Enterococcus faecalis_gapfilled_341,1
Enterococcus faecalis_gapfilled_879,0
Enterococcus faecalis_gapfilled_933,1
Enterococcus faecalis_gapfilled_355,1
Enterococcus faecalis_gapfilled_292,1
Enterococcus faecalis_gapfilled_359,0
Enterococcus faecalis_gapfilled_90,1
Enterococcus faecalis_gapfilled_749,1
Enterococcus faecalis_gapfilled_411,1
Enterococcus faecalis_gapfilled_172,0
Enterococcus faecalis_gapfilled_450,0
Enterococcus faecalis_gapfilled_302,1
Enterococcus faecalis_gapfilled_786,1
Enterococcus faecalis_gapfilled_157,1
Enterococcus faecalis_gapfilled_508,1
Enterococcus faecalis_gapfilled_301,1
Enterococcus faecalis_gapfilled_695,1
Enterococcus faecalis_gapfilled_230,1
Enterococcus faecalis_gapfilled_978,1
Enterococcus faecalis_gapfilled_34,1
Enterococcus faecalis_gapfilled_307,1
Enterococcus faecalis_gapfilled_769,1
Enterococcus faecalis_gapfilled_727,1
Enterococcus faecalis_gapfilled_202,1
Enterococcus faecalis_gapfilled_523,1
Enterococcus faecalis_gapfilled_661,0
Enterococcus faecalis_gapfilled_17,1
Enterococcus faecalis_gapfilled_495,0
Enterococcus faecalis_gapfilled_946,1
Enterococcus faecalis_gapfilled_45,1
Enterococcus faecalis_gapfilled_636,1
Enterococcus faecalis_gapfilled_811,1
Enterococcus faecalis_gapfilled_585,1
Enterococcus faecalis_gapfilled_600,1
Enterococcus faecalis_gapfilled_159,1
Enterococcus faecalis_gapfilled_317,1
Enterococcus faecalis_gapfilled_839,1
Enterococcus faecalis_gapfilled_270,1
Enterococcus faecalis_gapfilled_368,1
Enterococcus faecalis_gapfilled_616,1
Enterococcus faecalis_gapfilled_132,1
Enterococcus faecalis_gapfilled_776,1
Enterococcus faecalis_gapfilled_761,1
Enterococcus faecalis_gapfilled_643,1
Enterococcus faecalis_gapfilled_158,1
Enterococcus faecalis_gapfilled_175,0
Enterococcus faecalis_gapfilled_968,0
Enterococcus faecalis_gapfilled_451,1
Enterococcus faecalis_gapfilled_325,1
Enterococcus faecalis_gapfilled_149,1
Enterococcus faecalis_gapfilled_693,0
Enterococcus faecalis_gapfilled_471,1
Enterococcus faecalis_gapfilled_441,1
Enterococcus faecalis_gapfilled_952,1
Enterococcus faecalis_gapfilled_559,1
Enterococcus faecalis_gapfilled_784,0
Enterococcus faecalis_gapfilled_700,1
Enterococcus faecalis_gapfilled_504,1
Enterococcus faecalis_gapfilled_100,0
Enterococcus faecalis_gapfilled_500,1
Enterococcus faecalis_gapfilled_615,1
Enterococcus faecalis_gapfilled_579,1
Enterococcus faecalis_gapfilled_113,1
Enterococcus faecalis_gapfilled_77,1
Enterococcus faecalis_gapfilled_688,1
Enterococcus faecalis_gapfilled_656,1
Enterococcus faecalis_gapfilled_177,1
Enterococcus faecalis_gapfilled_400,1
Enterococcus faecalis_gapfilled_813,1
Enterococcus faecalis_gapfilled_862,1
Enterococcus faecalis_gapfilled_289,1
Enterococcus faecalis_gapfilled_676,1
Enterococcus faecalis_gapfilled_282,1
Enterococcus faecalis_gapfilled_136,1
Enterococcus faecalis_gapfilled_592,1
Enterococcus faecalis_gapfilled_401,1
Enterococcus faecalis_gapfilled_320,0
Enterococcus faecalis_gapfilled_675,1
Enterococcus faecalis_gapfilled_892,1
Enterococcus faecalis_gapfilled_881,0
Enterococcus faecalis_gapfilled_659,0
Enterococcus faecalis_gapfilled_720,0
Enterococcus faecalis_gapfilled_62,1
Enterococcus faecalis_gapfilled_303,1
Enterococcus faecalis_gapfilled_725,1
Enterococcus faecalis_gapfilled_691,1
Enterococcus faecalis_gapfilled_123,0
Enterococcus faecalis_gapfilled_582,1
Enterococcus faecalis_gapfilled_687,1
Enterococcus faecalis_gapfilled_71,1
Enterococcus faecalis_gapfilled_127,1
Enterococcus faecalis_gapfilled_573,0
Enterococcus faecalis_gapfilled_736,1
Enterococcus faecalis_gapfilled_812,1
Enterococcus faecalis_gapfilled_916,0
Enterococcus faecalis_gapfilled_764,1
Enterococcus faecalis_gapfilled_790,1
Enterococcus faecalis_gapfilled_276,1
Enterococcus faecalis_gapfilled_190,1
Enterococcus faecalis_gapfilled_148,1
Enterococcus faecalis_gapfilled_189,1
Enterococcus faecalis_gapfilled_312,1
Enterococcus faecalis_gapfilled_709,0
Enterococcus faecalis_gapfilled_489,1
Enterococcus faecalis_gapfilled_102,1
Enterococcus faecalis_gapfilled_901,1
Enterococcus faecalis_gapfilled_734,1
Enterococcus faecalis_gapfilled_3,0
Enterococcus faecalis_gapfilled_909,1
Enterococcus faecalis_gapfilled_869,1
Enterococcus faecalis_gapfilled_179,1
Enterococcus faecalis_gapfilled_911,0
Enterococcus faecalis_gapfilled_723,0
Enterococcus faecalis_gapfilled_349,1
Enterococcus faecalis_gapfilled_482,1
Enterococcus faecalis_gapfilled_87,1
Enterococcus faecalis_gapfilled_350,0
Enterococcus faecalis_gapfilled_620,1
Enterococcus faecalis_gapfilled_896,1
Enterococcus faecalis_gapfilled_47,1
Enterococcus faecalis_gapfilled_982,1
Enterococcus faecalis_gapfilled_433,1
Enterococcus faecalis_gapfilled_178,1
Enterococcus faecalis_gapfilled_280,0
Enterococcus faecalis_gapfilled_119,0
Enterococcus faecalis_gapfilled_449,1
Enterococcus faecalis_gapfilled_80,1
Enterococcus faecalis_gapfilled_286,1
Enterococcus faecalis_gapfilled_32,0
Enterococcus faecalis_gapfilled_222,0
Enterococcus faecalis_gapfilled_50,1
Enterococcus faecalis_gapfilled_277,1
Enterococcus faecalis_gapfilled_464,1
Enterococcus faecalis_gapfilled_88,1
Enterococcus faecalis_gapfilled_619,1
Enterococcus faecalis_gapfilled_24,1
Enterococcus faecalis_gapfilled_69,1
Enterococcus faecalis_gapfilled_510,1
Enterococcus faecalis_gapfilled_587,1
Enterococcus faecalis_gapfilled_958,0
Enterococcus faecalis_gapfilled_870,1
Enterococcus faecalis_gapfilled_493,1
Enterococcus faecalis_gapfilled_545,1
Enterococcus faecalis_gapfilled_306,1
Enterococcus faecalis_gapfilled_290,1
Enterococcus faecalis_gapfilled_501,1
Enterococcus faecalis_gapfilled_959,1
Enterococcus faecalis_gapfilled_364,1
Enterococcus faecalis_gapfilled_347,1
Enterococcus faecalis_gapfilled_647,1
Enterococcus faecalis_gapfilled_279,1
Enterococcus faecalis_gapfilled_488,1
Enterococcus faecalis_gapfilled_673,1
Enterococcus faecalis_gapfilled_366,0
Enterococcus faecalis_gapfilled_124,1
Enterococcus faecalis_gapfilled_462,1
Enterococcus faecalis_gapfilled_383,0
Enterococcus faecalis_gapfilled_79,0
Enterococcus faecalis_gapfilled_608,1
Enterococcus faecalis_gapfilled_903,0
Enterococcus faecalis_gapfilled_971,1
Enterococcus faecalis_gapfilled_558,1
Enterococcus faecalis_gapfilled_591,0
Enterococcus faecalis_gapfilled_373,1
Enterococcus faecalis_gapfilled_73,0
Enterococcus faecalis_gapfilled_182,1
Enterococcus faecalis_gapfilled_602,1
Enterococcus faecalis_gapfilled_512,1
Enterococcus faecalis_gapfilled_524,1
Enterococcus faecalis_gapfilled_955,1
Enterococcus faecalis_gapfilled_979,0
Enterococcus faecalis_gapfilled_998,1
Enterococcus faecalis_gapfilled_5,1
Enterococcus faecalis_gapfilled_164,0
Enterococcus faecalis_gapfilled_11,1
Enterococcus faecalis_gapfilled_941,0
Enterococcus faecalis_gapfilled_133,1
Enterococcus faecalis_gapfilled_679,1
Enterococcus faecalis_gapfilled_397,1
Enterococcus faecalis_gapfilled_398,1
Enterococcus faecalis_gapfilled_531,1
Enterococcus faecalis_gapfilled_352,1
Enterococcus faecalis_gapfilled_81,1
Enterococcus faecalis_gapfilled_846,0
Enterococcus faecalis_gapfilled_137,1
Enterococcus faecalis_gapfilled_429,1
Enterococcus faecalis_gapfilled_976,1
Enterococcus faecalis_gapfilled_115,1
Enterococcus faecalis_gapfilled_598,1
Enterococcus faecalis_gapfilled_437,0
Enterococcus faecalis_gapfilled_771,0
Enterococcus faecalis_gapfilled_229,1
Enterococcus faecalis_gapfilled_70,1
Enterococcus faecalis_gapfilled_536,0
Enterococcus faecalis_gapfilled_703,1
Enterococcus faecalis_gapfilled_521,1
Enterococcus faecalis_gapfilled_696,1
Enterococcus faecalis_gapfilled_365,1
Enterococcus faecalis_gapfilled_692,1
Enterococcus faecalis_gapfilled_116,1
Enterococcus faecalis_gapfilled_522,1
Enterococcus faecalis_gapfilled_176,1
Enterococcus faecalis_gapfilled_805,1
Enterococcus faecalis_gapfilled_114,1
Enterococcus faecalis_gapfilled_724,1
Enterococcus faecalis_gapfilled_466,0
Enterococcus faecalis_gapfilled_717,1
Enterococcus faecalis_gapfilled_893,1
Enterococcus faecalis_gapfilled_84,1
Enterococcus faecalis_gapfilled_627,0
Enterococcus faecalis_gapfilled_803,1
Enterococcus faecalis_gapfilled_196,1
Enterococcus faecalis_gapfilled_752,0
Enterococcus faecalis_gapfilled_797,1
Enterococcus faecalis_gapfilled_904,1
Enterococcus faecalis_gapfilled_857,0
Enterococcus faecalis_gapfilled_345,0
Enterococcus faecalis_gapfilled_621,0
Enterococcus faecalis_gapfilled_518,0
Enterococcus faecalis_gapfilled_166,0
Enterococcus faecalis_gapfilled_762,1
Enterococcus faecalis_gapfilled_745,1
Enterococcus faecalis_gapfilled_97,1
Enterococcus faecalis_gapfilled_519,1
Enterococcus faecalis_gapfilled_654,1
Enterococcus faecalis_gapfilled_967,1
Enterococcus faecalis_gapfilled_36,1
Enterococcus faecalis_gapfilled_852,1
Enterococcus faecalis_gapfilled_438,1
Enterococcus faecalis_gapfilled_154,1
Enterococcus faecalis_gapfilled_756,1
Enterococcus faecalis_gapfilled_96,1
Enterococcus faecalis_gapfilled_30,1
Enterococcus faecalis_gapfilled_642,1
Enterococcus faecalis_gapfilled_694,0
Enterococcus faecalis_gapfilled_404,1
Enterococcus faecalis_gapfilled_94,1
Enterococcus faecalis_gapfilled_53,1
Enterococcus faecalis_gapfilled_168,1
Enterococcus faecalis_gapfilled_346,1
Enterococcus faecalis_gapfilled_173,1
Enterococcus faecalis_gapfilled_855,1
Enterococcus faecalis_gapfilled_614,1
Enterococcus faecalis_gapfilled_297,1
Enterococcus faecalis_gapfilled_413,1
Enterococcus faecalis_gapfilled_167,1
Enterococcus faecalis_gapfilled_41,0
Enterococcus faecalis_gapfilled_586,1
Enterococcus faecalis_gapfilled_824,1
Enterococcus faecalis_gapfilled_763,0
Enterococcus faecalis_gapfilled_485,1
Enterococcus faecalis_gapfilled_733,1
Enterococcus faecalis_gapfilled_459,1
Enterococcus faecalis_gapfilled_64,0
Enterococcus faecalis_gapfilled_283,1
Enterococcus faecalis_gapfilled_348,1
Enterococcus faecalis_gapfilled_111,1
Enterococcus faecalis_gapfilled_701,1
Enterococcus faecalis_gapfilled_986,1
Enterococcus faecalis_gapfilled_213,0
Enterococcus faecalis_gapfilled_648,1
Enterococcus faecalis_gapfilled_920,1
Enterococcus faecalis_gapfilled_7,0
Enterococcus faecalis_gapfilled_67,1
Enterococcus faecalis_gapfilled_895,1
Enterococcus faecalis_gapfilled_632,1
Enterococcus faecalis_gapfilled_816,0
Enterococcus faecalis_gapfilled_751,1
Enterococcus faecalis_gapfilled_263,1
Enterococcus faecalis_gapfilled_360,1
Enterococcus faecalis_gapfilled_794,1
Enterococcus faecalis_gapfilled_742,1
Enterococcus faecalis_gapfilled_18,1
Enterococcus faecalis_gapfilled_481,1
Enterococcus faecalis_gapfilled_755,0
Enterococcus faecalis_gapfilled_840,1
Enterococcus faecalis_gapfilled_387,1
Enterococcus faecalis_gapfilled_837,0
Enterococcus faecalis_gapfilled_826,1
Enterococcus faecalis_gapfilled_384,1
Enterococcus faecalis_gapfilled_122,1
Enterococcus faecalis_gapfilled_891,1
Enterococcus faecalis_gapfilled_258,1
Enterococcus faecalis_gapfilled_147,1
Enterococcus faecalis_gapfilled_357,1
Enterococcus faecalis_gapfilled_704,1
Enterococcus faecalis_gapfilled_180,0
Enterococcus faecalis_gapfilled_375,1
Enterococcus faecalis_gapfilled_567,0
Enterococcus faecalis_gapfilled_831,1
Enterococcus faecalis_gapfilled_669,1
Enterococcus faecalis_gapfilled_457,1
Enterococcus faecalis_gapfilled_823,1
Enterococcus faecalis_gapfilled_612,0
Enterococcus faecalis_gapfilled_665,0
Enterococcus faecalis_gapfilled_550,0
Enterococcus faecalis_gapfilled_760,1
Enterococcus faecalis_gapfilled_917,0
Enterococcus faecalis_gapfilled_697,0
Enterococcus faecalis_gapfilled_63,1
Enterococcus faecalis_gapfilled_40,0
Enterococcus faecalis_gapfilled_923,1
Enterococcus faecalis_gapfilled_432,1
Enterococcus faecalis_gapfilled_39,0
Enterococcus faecalis_gapfilled_699,1
Enterococcus faecalis_gapfilled_789,0
Enterococcus faecalis_gapfilled_185,1
Enterococcus faecalis_gapfilled_367,1
Enterococcus faecalis_gapfilled_92,1
Enterococcus faecalis_gapfilled_624,1
Enterococcus faecalis_gapfilled_248,1
Enterococcus faecalis_gapfilled_637,1
Enterococcus faecalis_gapfilled_48,0
Enterococcus faecalis_gapfilled_502,1
Enterococcus faecalis_gapfilled_628,1
Enterococcus faecalis_gapfilled_372,1
Enterococcus faecalis_gapfilled_380,1
Enterococcus faecalis_gapfilled_526,1
Enterococcus faecalis_gapfilled_601,0
Enterococcus faecalis_gapfilled_617,1
Enterococcus faecalis_gapfilled_639,1
Enterococcus faecalis_gapfilled_9,1
Enterococcus faecalis_gapfilled_156,1
Enterococcus faecalis_gapfilled_161,0
Enterococcus faecalis_gapfilled_33,1
Enterococcus faecalis_gapfilled_13,1
Enterococcus faecalis_gapfilled_994,0
Enterococcus faecalis_gapfilled_491,0
Enterococcus faecalis_gapfilled_468,1
Enterococcus faecalis_gapfilled_584,1
Enterococcus faecalis_gapfilled_473,1
Enterococcus faecalis_gapfilled_487,1
Enterococcus faecalis_gapfilled_332,1
Enterococcus faecalis_gapfilled_216,1
Enterococcus faecalis_gapfilled_770,0
Enterococcus faecalis_gapfilled_690,1
Enterococcus faecalis_gapfilled_772,1
Enterococcus faecalis_gapfilled_141,1
Enterococcus faecalis_gapfilled_939,1
Enterococcus faecalis_gapfilled_155,1
Enterococcus faecalis_gapfilled_520,1
Enterococcus faecalis_gapfilled_929,0
Enterococcus faecalis_gapfilled_565,1
Enterococcus faecalis_gapfilled_2,1
Enterococcus faecalis_gapfilled_51,0
Enterococcus faecalis_gapfilled_212,1
Enterococcus faecalis_gapfilled_259,1
Enterococcus faecalis_gapfilled_835,1
Enterococcus faecalis_gapfilled_886,1
Enterococcus faecalis_gapfilled_60,0
Enterococcus faecalis_gapfilled_604,1
Enterococcus faecalis_gapfilled_118,1
Enterococcus faecalis_gapfilled_948,1
Enterococcus faecalis_gapfilled_20,1
Enterococcus faecalis_gapfilled_318,1
Enterococcus faecalis_gapfilled_392,1
Enterococcus faecalis_gapfilled_662,1
Enterococcus faecalis_gapfilled_305,1
Enterococcus faecalis_gapfilled_714,1
Enterococcus faecalis_gapfilled_866,1
Enterococcus faecalis_gapfilled_854,1
Enterococcus faecalis_gapfilled_204,1
Enterococcus faecalis_gapfilled_680,1
Enterococcus faecalis_gapfilled_940,0
Enterococcus faecalis_gapfilled_448,1
Enterococcus faecalis_gapfilled_342,1
Enterococcus faecalis_gapfilled_563,0
Enterococcus faecalis_gapfilled_572,1
Enterococcus faecalis_gapfilled_0,1
Enterococcus faecalis_gapfilled_476,1
Enterococcus faecalis_gapfilled_954,1
Enterococcus faecalis_gapfilled_291,1
Enterococcus faecalis_gapfilled_868,1
Enterococcus faecalis_gapfilled_775,1
Enterococcus faecalis_gapfilled_708,1
Enterococcus faecalis_gapfilled_623,1
Enterococcus faecalis_gapfilled_851,1
Enterococcus faecalis_gapfilled_580,1
Enterococcus faecalis_gapfilled_243,0
Enterococcus faecalis_gapfilled_396,1
Enterococcus faecalis_gapfilled_571,1
Enterococcus faecalis_gapfilled_781,1
Enterococcus faecalis_gapfilled_505,1
Enterococcus faecalis_gapfilled_914,1
Enterococcus faecalis_gapfilled_774,1
Enterococcus faecalis_gapfilled_227,0
Enterococcus faecalis_gapfilled_716,1
Enterococcus faecalis_gapfilled_847,1
Enterococcus faecalis_gapfilled_997,1
Enterococcus faecalis_gapfilled_842,1
Enterococcus faecalis_gapfilled_35,1
Enterococcus faecalis_gapfilled_878,0
Enterococcus faecalis_gapfilled_319,0
Enterococcus faecalis_gapfilled_630,1
Enterococcus faecalis_gapfilled_677,1
Enterococcus faecalis_gapfilled_146,1
Enterococcus faecalis_gapfilled_705,1
Enterococcus faecalis_gapfilled_689,1
Enterococcus faecalis_gapfilled_503,1
Enterococcus faecalis_gapfilled_552,0
Enterococcus faecalis_gapfilled_252,1
Enterococcus faecalis_gapfilled_105,0
Enterococcus faecalis_gapfilled_535,1
Enterococcus faecalis_gapfilled_828,1
Enterococcus faecalis_gapfilled_296,0
Enterococcus faecalis_gapfilled_953,0
Enterococcus faecalis_gapfilled_668,1
Enterococcus faecalis_gapfilled_792,1
Enterococcus faecalis_gapfilled_664,0
Enterococcus faecalis_gapfilled_564,1
Enterococcus faecalis_gapfilled_721,1
Enterococcus faecalis_gapfilled_783,1
Enterococcus faecalis_gapfilled_206,0
Enterococcus faecalis_gapfilled_936,1
Enterococcus faecalis_gapfilled_483,0
Enterococcus faecalis_gapfilled_578,1
Enterococcus faecalis_gapfilled_498,1
Enterococcus faecalis_gapfilled_625,0
Enterococcus faecalis_gapfilled_900,1
