Haemophilus influenzae_gapfilled_962,1
Haemophilus influenzae_gapfilled_942,1
Haemophilus influenzae_gapfilled_171,1
Haemophilus influenzae_gapfilled_4,0
Haemophilus influenzae_gapfilled_662,1
Haemophilus influenzae_gapfilled_143,1
Haemophilus influenzae_gapfilled_891,0
Haemophilus influenzae_gapfilled_563,0
Haemophilus influenzae_gapfilled_687,1
Haemophilus influenzae_gapfilled_474,1
Haemophilus influenzae_gapfilled_377,0
Haemophilus influenzae_gapfilled_503,1
Haemophilus influenzae_gapfilled_960,1
Haemophilus influenzae_gapfilled_883,1
Haemophilus influenzae_gapfilled_446,1
Haemophilus influenzae_gapfilled_237,1
Haemophilus influenzae_gapfilled_698,1
Haemophilus influenzae_gapfilled_577,1
Haemophilus influenzae_gapfilled_178,1
Haemophilus influenzae_gapfilled_6,0
Haemophilus influenzae_gapfilled_249,1
Haemophilus influenzae_gapfilled_599,0
Haemophilus influenzae_gapfilled_479,1
Haemophilus influenzae_gapfilled_684,1
Haemophilus influenzae_gapfilled_265,1
Haemophilus influenzae_gapfilled_780,1
Haemophilus influenzae_gapfilled_777,1
Haemophilus influenzae_gapfilled_311,1
Haemophilus influenzae_gapfilled_363,0
Haemophilus influenzae_gapfilled_220,1
Haemophilus influenzae_gapfilled_214,0
Haemophilus influenzae_gapfilled_355,1
Haemophilus influenzae_gapfilled_988,1
Haemophilus influenzae_gapfilled_372,0
Haemophilus influenzae_gapfilled_225,0
Haemophilus influenzae_gapfilled_130,1
Haemophilus influenzae_gapfilled_820,0
Haemophilus influenzae_gapfilled_620,1
Haemophilus influenzae_gapfilled_841,1
Haemophilus influenzae_gapfilled_752,1
Haemophilus influenzae_gapfilled_541,1
Haemophilus influenzae_gapfilled_990,1
Haemophilus influenzae_gapfilled_293,1
Haemophilus influenzae_gapfilled_826,1
Haemophilus influenzae_gapfilled_53,1
Haemophilus influenzae_gapfilled_453,1
Haemophilus influenzae_gapfilled_569,1
Haemophilus influenzae_gapfilled_70,1
Haemophilus influenzae_gapfilled_513,0
Haemophilus influenzae_gapfilled_473,1
Haemophilus influenzae_gapfilled_491,1
Haemophilus influenzae_gapfilled_432,1
Haemophilus influenzae_gapfilled_434,0
Haemophilus influenzae_gapfilled_464,0
Haemophilus influenzae_gapfilled_339,1
Haemophilus influenzae_gapfilled_553,1
Haemophilus influenzae_gapfilled_672,1
Haemophilus influenzae_gapfilled_359,1
Haemophilus influenzae_gapfilled_301,0
Haemophilus influenzae_gapfilled_627,1
Haemophilus influenzae_gapfilled_129,1
Haemophilus influenzae_gapfilled_907,1
Haemophilus influenzae_gapfilled_155,1
Haemophilus influenzae_gapfilled_844,0
Haemophilus influenzae_gapfilled_514,1
Haemophilus influenzae_gapfilled_594,1
Haemophilus influenzae_gapfilled_937,1
Haemophilus influenzae_gapfilled_357,1
Haemophilus influenzae_gapfilled_950,0
Haemophilus influenzae_gapfilled_213,1
Haemophilus influenzae_gapfilled_922,0
Haemophilus influenzae_gapfilled_925,1
Haemophilus influenzae_gapfilled_54,0
Haemophilus influenzae_gapfilled_25,1
Haemophilus influenzae_gapfilled_384,1
Haemophilus influenzae_gapfilled_497,1
Haemophilus influenzae_gapfilled_557,1
Haemophilus influenzae_gapfilled_348,1
Haemophilus influenzae_gapfilled_221,1
Haemophilus influenzae_gapfilled_153,0
Haemophilus influenzae_gapfilled_966,1
Haemophilus influenzae_gapfilled_78,0
Haemophilus influenzae_gapfilled_383,1
Haemophilus influenzae_gapfilled_995,1
Haemophilus influenzae_gapfilled_57,0
Haemophilus influenzae_gapfilled_659,1
Haemophilus influenzae_gapfilled_709,0
Haemophilus influenzae_gapfilled_91,1
Haemophilus influenzae_gapfilled_589,0
Haemophilus influenzae_gapfilled_806,1
Haemophilus influenzae_gapfilled_3,0
Haemophilus influenzae_gapfilled_932,0
Haemophilus influenzae_gapfilled_35,1
Haemophilus influenzae_gapfilled_685,1
Haemophilus influenzae_gapfilled_701,0
Haemophilus influenzae_gapfilled_197,1
Haemophilus influenzae_gapfilled_399,0
Haemophilus influenzae_gapfilled_561,1
Haemophilus influenzae_gapfilled_487,0
Haemophilus influenzae_gapfilled_799,1
Haemophilus influenzae_gapfilled_140,0
Haemophilus influenzae_gapfilled_916,1
Haemophilus influenzae_gapfilled_95,0
Haemophilus influenzae_gapfilled_330,1
Haemophilus influenzae_gapfilled_227,0
Haemophilus influenzae_gapfilled_72,1
Haemophilus influenzae_gapfilled_141,0
Haemophilus influenzae_gapfilled_108,1
Haemophilus influenzae_gapfilled_574,1
Haemophilus influenzae_gapfilled_279,0
Haemophilus influenzae_gapfilled_735,1
Haemophilus influenzae_gapfilled_890,1
Haemophilus influenzae_gapfilled_250,1
Haemophilus influenzae_gapfilled_136,1
Haemophilus influenzae_gapfilled_196,0
Haemophilus influenzae_gapfilled_499,1
Haemophilus influenzae_gapfilled_935,1
Haemophilus influenzae_gapfilled_905,1
Haemophilus influenzae_gapfilled_767,1
Haemophilus influenzae_gapfilled_731,1
Haemophilus influenzae_gapfilled_31,1
Haemophilus influenzae_gapfilled_367,0
Haemophilus influenzae_gapfilled_441,1
Haemophilus influenzae_gapfilled_46,0
Haemophilus influenzae_gapfilled_62,1
Haemophilus influenzae_gapfilled_537,0
Haemophilus influenzae_gapfilled_48,1
Haemophilus influenzae_gapfilled_669,1
Haemophilus influenzae_gapfilled_122,0
Haemophilus influenzae_gapfilled_297,1
Haemophilus influenzae_gapfilled_179,1
Haemophilus influenzae_gapfilled_356,1
Haemophilus influenzae_gapfilled_305,1
Haemophilus influenzae_gapfilled_811,1
Haemophilus influenzae_gapfilled_658,1
Haemophilus influenzae_gapfilled_968,1
Haemophilus influenzae_gapfilled_903,1
Haemophilus influenzae_gapfilled_705,0
Haemophilus influenzae_gapfilled_774,0
Haemophilus influenzae_gapfilled_862,0
Haemophilus influenzae_gapfilled_791,0
Haemophilus influenzae_gapfilled_84,1
Haemophilus influenzae_gapfilled_887,1
Haemophilus influenzae_gapfilled_505,0
Haemophilus influenzae_gapfilled_67,0
Haemophilus influenzae_gapfilled_675,1
Haemophilus influenzae_gapfilled_77,1
Haemophilus influenzae_gapfilled_199,0
Haemophilus influenzae_gapfilled_11,1
Haemophilus influenzae_gapfilled_808,0
Haemophilus influenzae_gapfilled_322,1
Haemophilus influenzae_gapfilled_901,1
Haemophilus influenzae_gapfilled_734,1
Haemophilus influenzae_gapfilled_286,1
Haemophilus influenzae_gapfilled_717,1
Haemophilus influenzae_gapfilled_466,1
Haemophilus influenzae_gapfilled_768,1
Haemophilus influenzae_gapfilled_838,1
Haemophilus influenzae_gapfilled_539,1
Haemophilus influenzae_gapfilled_455,0
Haemophilus influenzae_gapfilled_945,1
Haemophilus influenzae_gapfilled_813,0
Haemophilus influenzae_gapfilled_871,1
Haemophilus influenzae_gapfilled_778,1
Haemophilus influenzae_gapfilled_175,1
Haemophilus influenzae_gapfilled_289,1
Haemophilus influenzae_gapfilled_218,1
Haemophilus influenzae_gapfilled_931,1
Haemophilus influenzae_gapfilled_618,0
Haemophilus influenzae_gapfilled_547,1
Haemophilus influenzae_gapfilled_119,0
Haemophilus influenzae_gapfilled_766,1
Haemophilus influenzae_gapfilled_978,0
Haemophilus influenzae_gapfilled_520,1
Haemophilus influenzae_gapfilled_785,1
Haemophilus influenzae_gapfilled_994,1
Haemophilus influenzae_gapfilled_721,1
Haemophilus influenzae_gapfilled_55,0
Haemophilus influenzae_gapfilled_144,1
Haemophilus influenzae_gapfilled_33,1
Haemophilus influenzae_gapfilled_975,0
Haemophilus influenzae_gapfilled_551,1
Haemophilus influenzae_gapfilled_532,1
Haemophilus influenzae_gapfilled_865,1
Haemophilus influenzae_gapfilled_555,0
Haemophilus influenzae_gapfilled_92,1
Haemophilus influenzae_gapfilled_967,0
Haemophilus influenzae_gapfilled_32,0
Haemophilus influenzae_gapfilled_725,1
Haemophilus influenzae_gapfilled_645,1
Haemophilus influenzae_gapfilled_394,1
Haemophilus influenzae_gapfilled_139,0
Haemophilus influenzae_gapfilled_771,1
Haemophilus influenzae_gapfilled_974,1
Haemophilus influenzae_gapfilled_338,1
Haemophilus influenzae_gapfilled_764,0
Haemophilus influenzae_gapfilled_389,1
Haemophilus influenzae_gapfilled_886,1
Haemophilus influenzae_gapfilled_215,1
Haemophilus influenzae_gapfilled_457,1
Haemophilus influenzae_gapfilled_29,0
Haemophilus influenzae_gapfilled_552,1
Haemophilus influenzae_gapfilled_275,0
Haemophilus influenzae_gapfilled_874,1
Haemophilus influenzae_gapfilled_347,0
Haemophilus influenzae_gapfilled_909,1
Haemophilus influenzae_gapfilled_388,0
Haemophilus influenzae_gapfilled_633,0
Haemophilus influenzae_gapfilled_741,1
Haemophilus influenzae_gapfilled_751,0
Haemophilus influenzae_gapfilled_15,1
Haemophilus influenzae_gapfilled_162,0
Haemophilus influenzae_gapfilled_230,1
Haemophilus influenzae_gapfilled_39,1
Haemophilus influenzae_gapfilled_451,0
Haemophilus influenzae_gapfilled_495,0
Haemophilus influenzae_gapfilled_137,0
Haemophilus influenzae_gapfilled_418,1
Haemophilus influenzae_gapfilled_600,1
Haemophilus influenzae_gapfilled_333,1
Haemophilus influenzae_gapfilled_878,1
Haemophilus influenzae_gapfilled_361,1
Haemophilus influenzae_gapfilled_342,1
Haemophilus influenzae_gapfilled_566,0
Haemophilus influenzae_gapfilled_649,1
Haemophilus influenzae_gapfilled_427,0
Haemophilus influenzae_gapfilled_27,0
Haemophilus influenzae_gapfilled_748,0
Haemophilus influenzae_gapfilled_920,0
Haemophilus influenzae_gapfilled_81,1
Haemophilus influenzae_gapfilled_85,1
Haemophilus influenzae_gapfilled_606,1
Haemophilus influenzae_gapfilled_545,0
Haemophilus influenzae_gapfilled_75,1
Haemophilus influenzae_gapfilled_158,1
Haemophilus influenzae_gapfilled_337,1
Haemophilus influenzae_gapfilled_395,0
Haemophilus influenzae_gapfilled_267,1
Haemophilus influenzae_gapfilled_392,1
Haemophilus influenzae_gapfilled_530,1
Haemophilus influenzae_gapfilled_587,0
Haemophilus influenzae_gapfilled_832,1
Haemophilus influenzae_gapfilled_258,1
Haemophilus influenzae_gapfilled_651,0
Haemophilus influenzae_gapfilled_959,1
Haemophilus influenzae_gapfilled_79,0
Haemophilus influenzae_gapfilled_341,1
Haemophilus influenzae_gapfilled_405,1
Haemophilus influenzae_gapfilled_892,1
Haemophilus influenzae_gapfilled_720,1
Haemophilus influenzae_gapfilled_159,1
Haemophilus influenzae_gapfilled_852,1
Haemophilus influenzae_gapfilled_128,1
Haemophilus influenzae_gapfilled_26,0
Haemophilus influenzae_gapfilled_274,1
Haemophilus influenzae_gapfilled_271,1
Haemophilus influenzae_gapfilled_554,0
Haemophilus influenzae_gapfilled_679,1
Haemophilus influenzae_gapfilled_235,0
Haemophilus influenzae_gapfilled_200,1
Haemophilus influenzae_gapfilled_190,0
Haemophilus influenzae_gapfilled_867,1
Haemophilus influenzae_gapfilled_775,0
Haemophilus influenzae_gapfilled_268,1
Haemophilus influenzae_gapfilled_880,1
Haemophilus influenzae_gapfilled_949,0
Haemophilus influenzae_gapfilled_41,1
Haemophilus influenzae_gapfilled_13,0
Haemophilus influenzae_gapfilled_893,0
Haemophilus influenzae_gapfilled_407,1
Haemophilus influenzae_gapfilled_739,0
Haemophilus influenzae_gapfilled_522,1
Haemophilus influenzae_gapfilled_885,0
Haemophilus influenzae_gapfilled_807,1
Haemophilus influenzae_gapfilled_793,1
Haemophilus influenzae_gapfilled_21,1
Haemophilus influenzae_gapfilled_719,1
Haemophilus influenzae_gapfilled_864,0
Haemophilus influenzae_gapfilled_231,0
Haemophilus influenzae_gapfilled_568,1
Haemophilus influenzae_gapfilled_98,1
Haemophilus influenzae_gapfilled_10,1
Haemophilus influenzae_gapfilled_83,0
Haemophilus influenzae_gapfilled_535,0
Haemophilus influenzae_gapfilled_999,1
Haemophilus influenzae_gapfilled_421,0
Haemophilus influenzae_gapfilled_161,1
Haemophilus influenzae_gapfilled_276,0
Haemophilus influenzae_gapfilled_919,1
Haemophilus influenzae_gapfilled_654,0
Haemophilus influenzae_gapfilled_345,1
Haemophilus influenzae_gapfilled_110,1
Haemophilus influenzae_gapfilled_732,1
Haemophilus influenzae_gapfilled_123,1
Haemophilus influenzae_gapfilled_251,1
Haemophilus influenzae_gapfilled_987,1
Haemophilus influenzae_gapfilled_379,0
Haemophilus influenzae_gapfilled_934,1
Haemophilus influenzae_gapfilled_283,1
Haemophilus influenzae_gapfilled_507,1
Haemophilus influenzae_gapfilled_38,1
Haemophilus influenzae_gapfilled_193,1
Haemophilus influenzae_gapfilled_631,1
Haemophilus influenzae_gapfilled_976,0
Haemophilus influenzae_gapfilled_940,0
Haemophilus influenzae_gapfilled_352,0
Haemophilus influenzae_gapfilled_323,0
Haemophilus influenzae_gapfilled_665,1
Haemophilus influenzae_gapfilled_570,1
Haemophilus influenzae_gapfilled_430,1
Haemophilus influenzae_gapfilled_242,1
Haemophilus influenzae_gapfilled_488,1
Haemophilus influenzae_gapfilled_818,1
Haemophilus influenzae_gapfilled_74,1
Haemophilus influenzae_gapfilled_472,1
Haemophilus influenzae_gapfilled_16,0
Haemophilus influenzae_gapfilled_8,1
Haemophilus influenzae_gapfilled_733,1
Haemophilus influenzae_gapfilled_63,1
Haemophilus influenzae_gapfilled_224,0
Haemophilus influenzae_gapfilled_371,0
Haemophilus influenzae_gapfilled_295,1
Haemophilus influenzae_gapfilled_262,1
Haemophilus influenzae_gapfilled_36,1
Haemophilus influenzae_gapfilled_683,0
Haemophilus influenzae_gapfilled_380,0
Haemophilus influenzae_gapfilled_927,1
Haemophilus influenzae_gapfilled_952,1
Haemophilus influenzae_gapfilled_408,1
Haemophilus influenzae_gapfilled_259,1
Haemophilus influenzae_gapfilled_166,1
Haemophilus influenzae_gapfilled_546,1
Haemophilus influenzae_gapfilled_146,1
Haemophilus influenzae_gapfilled_753,0
Haemophilus influenzae_gapfilled_835,0
Haemophilus influenzae_gapfilled_510,1
Haemophilus influenzae_gapfilled_188,1
Haemophilus influenzae_gapfilled_277,1
Haemophilus influenzae_gapfilled_60,1
Haemophilus influenzae_gapfilled_592,0
Haemophilus influenzae_gapfilled_540,1
Haemophilus influenzae_gapfilled_61,1
Haemophilus influenzae_gapfilled_772,1
Haemophilus influenzae_gapfilled_58,1
Haemophilus influenzae_gapfilled_958,0
Haemophilus influenzae_gapfilled_534,1
Haemophilus influenzae_gapfilled_915,1
Haemophilus influenzae_gapfilled_944,1
Haemophilus influenzae_gapfilled_961,1
Haemophilus influenzae_gapfilled_469,1
Haemophilus influenzae_gapfilled_317,1
Haemophilus influenzae_gapfilled_638,0
Haemophilus influenzae_gapfilled_247,1
Haemophilus influenzae_gapfilled_114,1
Haemophilus influenzae_gapfilled_182,0
Haemophilus influenzae_gapfilled_263,0
Haemophilus influenzae_gapfilled_634,1
Haemophilus influenzae_gapfilled_425,1
Haemophilus influenzae_gapfilled_686,1
Haemophilus influenzae_gapfilled_121,1
Haemophilus influenzae_gapfilled_582,0
Haemophilus influenzae_gapfilled_713,0
Haemophilus influenzae_gapfilled_688,1
Haemophilus influenzae_gapfilled_918,1
Haemophilus influenzae_gapfilled_622,1
Haemophilus influenzae_gapfilled_637,1
Haemophilus influenzae_gapfilled_518,1
Haemophilus influenzae_gapfilled_306,1
Haemophilus influenzae_gapfilled_693,0
Haemophilus influenzae_gapfilled_583,0
Haemophilus influenzae_gapfilled_913,0
Haemophilus influenzae_gapfilled_972,1
Haemophilus influenzae_gapfilled_896,1
Haemophilus influenzae_gapfilled_212,1
Haemophilus influenzae_gapfilled_643,0
Haemophilus influenzae_gapfilled_519,1
Haemophilus influenzae_gapfilled_663,1
Haemophilus influenzae_gapfilled_117,1
Haemophilus influenzae_gapfilled_133,1
Haemophilus influenzae_gapfilled_285,1
Haemophilus influenzae_gapfilled_219,1
Haemophilus influenzae_gapfilled_326,1
Haemophilus influenzae_gapfilled_415,1
Haemophilus influenzae_gapfilled_186,0
Haemophilus influenzae_gapfilled_344,1
Haemophilus influenzae_gapfilled_382,0
Haemophilus influenzae_gapfilled_596,1
Haemophilus influenzae_gapfilled_151,1
Haemophilus influenzae_gapfilled_443,1
Haemophilus influenzae_gapfilled_877,1
Haemophilus influenzae_gapfilled_956,1
Haemophilus influenzae_gapfilled_573,1
Haemophilus influenzae_gapfilled_424,1
Haemophilus influenzae_gapfilled_461,1
Haemophilus influenzae_gapfilled_875,1
Haemophilus influenzae_gapfilled_435,1
Haemophilus influenzae_gapfilled_373,0
Haemophilus influenzae_gapfilled_533,0
Haemophilus influenzae_gapfilled_294,0
Haemophilus influenzae_gapfilled_955,1
Haemophilus influenzae_gapfilled_724,1
Haemophilus influenzae_gapfilled_192,1
Haemophilus influenzae_gapfilled_22,1
Haemophilus influenzae_gapfilled_544,0
Haemophilus influenzae_gapfilled_794,0
Haemophilus influenzae_gapfilled_17,0
Haemophilus influenzae_gapfilled_524,0
Haemophilus influenzae_gapfilled_912,1
Haemophilus influenzae_gapfilled_979,1
Haemophilus influenzae_gapfilled_463,1
Haemophilus influenzae_gapfilled_947,0
Haemophilus influenzae_gapfilled_381,1
Haemophilus influenzae_gapfilled_478,1
Haemophilus influenzae_gapfilled_385,1
Haemophilus influenzae_gapfilled_895,0
Haemophilus influenzae_gapfilled_906,0
Haemophilus influenzae_gapfilled_939,0
Haemophilus influenzae_gapfilled_112,1
Haemophilus influenzae_gapfilled_936,1
Haemophilus influenzae_gapfilled_489,1
Haemophilus influenzae_gapfilled_335,1
Haemophilus influenzae_gapfilled_351,1
Haemophilus influenzae_gapfilled_97,1
Haemophilus influenzae_gapfilled_964,0
Haemophilus influenzae_gapfilled_953,0
Haemophilus influenzae_gapfilled_460,1
Haemophilus influenzae_gapfilled_822,1
Haemophilus influenzae_gapfilled_888,1
Haemophilus influenzae_gapfilled_712,1
Haemophilus influenzae_gapfilled_511,1
Haemophilus influenzae_gapfilled_290,0
Haemophilus influenzae_gapfilled_365,1
Haemophilus influenzae_gapfilled_602,1
Haemophilus influenzae_gapfilled_971,1
Haemophilus influenzae_gapfilled_264,1
Haemophilus influenzae_gapfilled_667,0
Haemophilus influenzae_gapfilled_233,0
Haemophilus influenzae_gapfilled_938,1
Haemophilus influenzae_gapfilled_792,1
Haemophilus influenzae_gapfilled_349,1
Haemophilus influenzae_gapfilled_647,1
Haemophilus influenzae_gapfilled_229,1
Haemophilus influenzae_gapfilled_855,1
Haemophilus influenzae_gapfilled_796,0
Haemophilus influenzae_gapfilled_548,0
Haemophilus influenzae_gapfilled_889,0
Haemophilus influenzae_gapfilled_194,1
Haemophilus influenzae_gapfilled_863,1
Haemophilus influenzae_gapfilled_756,1
Haemophilus influenzae_gapfilled_673,1
Haemophilus influenzae_gapfilled_287,0
Haemophilus influenzae_gapfilled_810,1
Haemophilus influenzae_gapfilled_676,1
Haemophilus influenzae_gapfilled_743,1
Haemophilus influenzae_gapfilled_209,0
Haemophilus influenzae_gapfilled_47,1
Haemophilus influenzae_gapfilled_882,1
Haemophilus influenzae_gapfilled_619,1
Haemophilus influenzae_gapfilled_386,0
Haemophilus influenzae_gapfilled_529,0
Haemophilus influenzae_gapfilled_366,1
Haemophilus influenzae_gapfilled_624,1
Haemophilus influenzae_gapfilled_142,1
Haemophilus influenzae_gapfilled_240,1
Haemophilus influenzae_gapfilled_564,1
Haemophilus influenzae_gapfilled_398,0
Haemophilus influenzae_gapfilled_180,0
Haemophilus influenzae_gapfilled_908,1
Haemophilus influenzae_gapfilled_797,1
Haemophilus influenzae_gapfilled_543,0
Haemophilus influenzae_gapfilled_613,1
Haemophilus influenzae_gapfilled_856,0
Haemophilus influenzae_gapfilled_124,0
Haemophilus influenzae_gapfilled_59,1
Haemophilus influenzae_gapfilled_542,0
Haemophilus influenzae_gapfilled_324,0
Haemophilus influenzae_gapfilled_941,0
Haemophilus influenzae_gapfilled_786,1
Haemophilus influenzae_gapfilled_632,0
Haemophilus influenzae_gapfilled_845,1
Haemophilus influenzae_gapfilled_272,1
Haemophilus influenzae_gapfilled_204,0
Haemophilus influenzae_gapfilled_702,0
Haemophilus influenzae_gapfilled_703,0
Haemophilus influenzae_gapfilled_550,1
Haemophilus influenzae_gapfilled_758,1
Haemophilus influenzae_gapfilled_462,1
Haemophilus influenzae_gapfilled_223,1
Haemophilus influenzae_gapfilled_523,0
Haemophilus influenzae_gapfilled_985,0
Haemophilus influenzae_gapfilled_257,1
Haemophilus influenzae_gapfilled_644,1
Haemophilus influenzae_gapfilled_447,1
Haemophilus influenzae_gapfilled_690,0
Haemophilus influenzae_gapfilled_150,1
Haemophilus influenzae_gapfilled_404,0
Haemophilus influenzae_gapfilled_992,1
Haemophilus influenzae_gapfilled_396,1
Haemophilus influenzae_gapfilled_319,1
Haemophilus influenzae_gapfilled_393,1
Haemophilus influenzae_gapfilled_700,0
Haemophilus influenzae_gapfilled_660,1
Haemophilus influenzae_gapfilled_411,1
Haemophilus influenzae_gapfilled_484,0
Haemophilus influenzae_gapfilled_666,0
Haemophilus influenzae_gapfilled_521,1
Haemophilus influenzae_gapfilled_921,0
Haemophilus influenzae_gapfilled_445,1
Haemophilus influenzae_gapfilled_103,1
Haemophilus influenzae_gapfilled_837,1
Haemophilus influenzae_gapfilled_0,1
Haemophilus influenzae_gapfilled_900,1
Haemophilus influenzae_gapfilled_951,1
Haemophilus influenzae_gapfilled_43,1
Haemophilus influenzae_gapfilled_957,1
Haemophilus influenzae_gapfilled_44,1
Haemophilus influenzae_gapfilled_52,0
Haemophilus influenzae_gapfilled_515,1
Haemophilus influenzae_gapfilled_576,0
Haemophilus influenzae_gapfilled_222,0
Haemophilus influenzae_gapfilled_269,0
Haemophilus influenzae_gapfilled_5,1
Haemophilus influenzae_gapfilled_135,1
Haemophilus influenzae_gapfilled_827,1
Haemophilus influenzae_gapfilled_205,1
Haemophilus influenzae_gapfilled_902,1
Haemophilus influenzae_gapfilled_202,1
Haemophilus influenzae_gapfilled_69,1
Haemophilus influenzae_gapfilled_761,1
Haemophilus influenzae_gapfilled_207,0
Haemophilus influenzae_gapfilled_126,0
Haemophilus influenzae_gapfilled_650,1
Haemophilus influenzae_gapfilled_211,0
Haemophilus influenzae_gapfilled_674,1
Haemophilus influenzae_gapfilled_814,1
Haemophilus influenzae_gapfilled_494,1
Haemophilus influenzae_gapfilled_7,1
Haemophilus influenzae_gapfilled_309,0
Haemophilus influenzae_gapfilled_410,1
Haemophilus influenzae_gapfilled_403,1
Haemophilus influenzae_gapfilled_234,0
Haemophilus influenzae_gapfilled_625,1
Haemophilus influenzae_gapfilled_504,1
Haemophilus influenzae_gapfilled_400,1
Haemophilus influenzae_gapfilled_431,0
Haemophilus influenzae_gapfilled_246,1
Haemophilus influenzae_gapfilled_64,0
Haemophilus influenzae_gapfilled_538,1
Haemophilus influenzae_gapfilled_781,1
Haemophilus influenzae_gapfilled_742,1
Haemophilus influenzae_gapfilled_318,0
Haemophilus influenzae_gapfilled_118,0
Haemophilus influenzae_gapfilled_549,1
Haemophilus influenzae_gapfilled_754,0
Haemophilus influenzae_gapfilled_167,0
Haemophilus influenzae_gapfilled_824,1
Haemophilus influenzae_gapfilled_304,1
Haemophilus influenzae_gapfilled_71,1
Haemophilus influenzae_gapfilled_243,1
Haemophilus influenzae_gapfilled_113,1
Haemophilus influenzae_gapfilled_636,1
Haemophilus influenzae_gapfilled_101,1
Haemophilus influenzae_gapfilled_364,1
Haemophilus influenzae_gapfilled_226,0
Haemophilus influenzae_gapfilled_917,1
Haemophilus influenzae_gapfilled_648,1
Haemophilus influenzae_gapfilled_996,1
Haemophilus influenzae_gapfilled_100,1
Haemophilus influenzae_gapfilled_299,0
Haemophilus influenzae_gapfilled_860,1
Haemophilus influenzae_gapfilled_623,0
Haemophilus influenzae_gapfilled_354,0
Haemophilus influenzae_gapfilled_789,0
Haemophilus influenzae_gapfilled_729,0
Haemophilus influenzae_gapfilled_168,1
Haemophilus influenzae_gapfilled_802,1
Haemophilus influenzae_gapfilled_173,1
Haemophilus influenzae_gapfilled_217,1
Haemophilus influenzae_gapfilled_107,1
Haemophilus influenzae_gapfilled_585,0
Haemophilus influenzae_gapfilled_423,1
Haemophilus influenzae_gapfilled_433,1
Haemophilus influenzae_gapfilled_470,1
Haemophilus influenzae_gapfilled_163,0
Haemophilus influenzae_gapfilled_929,1
Haemophilus influenzae_gapfilled_438,1
Haemophilus influenzae_gapfilled_946,1
Haemophilus influenzae_gapfilled_429,1
Haemophilus influenzae_gapfilled_368,1
Haemophilus influenzae_gapfilled_56,1
Haemophilus influenzae_gapfilled_744,1
Haemophilus influenzae_gapfilled_652,1
Haemophilus influenzae_gapfilled_986,1
Haemophilus influenzae_gapfilled_722,0
Haemophilus influenzae_gapfilled_374,0
Haemophilus influenzae_gapfilled_750,1
Haemophilus influenzae_gapfilled_870,1
Haemophilus influenzae_gapfilled_989,1
Haemophilus influenzae_gapfilled_284,1
Haemophilus influenzae_gapfilled_127,1
Haemophilus influenzae_gapfilled_861,1
Haemophilus influenzae_gapfilled_664,1
Haemophilus influenzae_gapfilled_562,1
Haemophilus influenzae_gapfilled_476,1
Haemophilus influenzae_gapfilled_238,0
Haemophilus influenzae_gapfilled_156,1
Haemophilus influenzae_gapfilled_726,1
Haemophilus influenzae_gapfilled_565,1
Haemophilus influenzae_gapfilled_486,1
Haemophilus influenzae_gapfilled_343,1
Haemophilus influenzae_gapfilled_805,1
Haemophilus influenzae_gapfilled_629,1
Haemophilus influenzae_gapfilled_984,0
Haemophilus influenzae_gapfilled_402,1
Haemophilus influenzae_gapfilled_816,0
Haemophilus influenzae_gapfilled_842,0
Haemophilus influenzae_gapfilled_390,1
Haemophilus influenzae_gapfilled_387,1
Haemophilus influenzae_gapfilled_677,0
Haemophilus influenzae_gapfilled_170,1
Haemophilus influenzae_gapfilled_236,0
Haemophilus influenzae_gapfilled_428,1
Haemophilus influenzae_gapfilled_340,1
Haemophilus influenzae_gapfilled_641,0
Haemophilus influenzae_gapfilled_714,1
Haemophilus influenzae_gapfilled_416,1
Haemophilus influenzae_gapfilled_208,1
Haemophilus influenzae_gapfilled_86,1
Haemophilus influenzae_gapfilled_815,0
Haemophilus influenzae_gapfilled_621,0
Haemophilus influenzae_gapfilled_851,0
Haemophilus influenzae_gapfilled_783,1
Haemophilus influenzae_gapfilled_894,0
Haemophilus influenzae_gapfilled_914,1
Haemophilus influenzae_gapfilled_899,1
Haemophilus influenzae_gapfilled_588,0
Haemophilus influenzae_gapfilled_353,1
Haemophilus influenzae_gapfilled_169,0
Haemophilus influenzae_gapfilled_840,1
Haemophilus influenzae_gapfilled_954,1
Haemophilus influenzae_gapfilled_933,0
Haemophilus influenzae_gapfilled_704,1
Haemophilus influenzae_gapfilled_803,0
Haemophilus influenzae_gapfilled_828,1
Haemophilus influenzae_gapfilled_868,1
Haemophilus influenzae_gapfilled_185,1
Haemophilus influenzae_gapfilled_332,1
Haemophilus influenzae_gapfilled_201,1
Haemophilus influenzae_gapfilled_440,1
Haemophilus influenzae_gapfilled_593,1
Haemophilus influenzae_gapfilled_198,0
Haemophilus influenzae_gapfilled_165,1
Haemophilus influenzae_gapfilled_628,1
Haemophilus influenzae_gapfilled_738,0
Haemophilus influenzae_gapfilled_23,1
Haemophilus influenzae_gapfilled_727,1
Haemophilus influenzae_gapfilled_578,1
Haemophilus influenzae_gapfilled_181,1
Haemophilus influenzae_gapfilled_102,0
Haemophilus influenzae_gapfilled_148,1
Haemophilus influenzae_gapfilled_477,1
Haemophilus influenzae_gapfilled_493,1
Haemophilus influenzae_gapfilled_873,1
Haemophilus influenzae_gapfilled_997,0
Haemophilus influenzae_gapfilled_836,0
Haemophilus influenzae_gapfilled_821,0
Haemophilus influenzae_gapfilled_829,0
Haemophilus influenzae_gapfilled_391,1
Haemophilus influenzae_gapfilled_68,1
Haemophilus influenzae_gapfilled_413,1
Haemophilus influenzae_gapfilled_527,1
Haemophilus influenzae_gapfilled_584,1
Haemophilus influenzae_gapfilled_320,1
Haemophilus influenzae_gapfilled_496,0
Haemophilus influenzae_gapfilled_252,0
Haemophilus influenzae_gapfilled_417,0
Haemophilus influenzae_gapfilled_66,1
Haemophilus influenzae_gapfilled_94,1
Haemophilus influenzae_gapfilled_104,0
Haemophilus influenzae_gapfilled_475,1
Haemophilus influenzae_gapfilled_800,0
Haemophilus influenzae_gapfilled_307,0
Haemophilus influenzae_gapfilled_730,1
Haemophilus influenzae_gapfilled_788,1
Haemophilus influenzae_gapfilled_328,1
Haemophilus influenzae_gapfilled_983,0
Haemophilus influenzae_gapfilled_281,0
Haemophilus influenzae_gapfilled_876,0
Haemophilus influenzae_gapfilled_360,0
Haemophilus influenzae_gapfilled_412,1
Haemophilus influenzae_gapfilled_172,1
Haemophilus influenzae_gapfilled_615,1
Haemophilus influenzae_gapfilled_910,1
Haemophilus influenzae_gapfilled_244,0
Haemophilus influenzae_gapfilled_850,0
Haemophilus influenzae_gapfilled_819,1
Haemophilus influenzae_gapfilled_50,1
Haemophilus influenzae_gapfilled_120,1
Haemophilus influenzae_gapfilled_879,1
Haemophilus influenzae_gapfilled_839,1
Haemophilus influenzae_gapfilled_132,0
Haemophilus influenzae_gapfilled_414,1
Haemophilus influenzae_gapfilled_492,0
Haemophilus influenzae_gapfilled_787,0
Haemophilus influenzae_gapfilled_467,0
Haemophilus influenzae_gapfilled_19,0
Haemophilus influenzae_gapfilled_930,1
Haemophilus influenzae_gapfilled_292,1
Haemophilus influenzae_gapfilled_350,0
Haemophilus influenzae_gapfilled_14,0
Haemophilus influenzae_gapfilled_980,0
Haemophilus influenzae_gapfilled_131,1
Haemophilus influenzae_gapfilled_923,0
Haemophilus influenzae_gapfilled_782,0
Haemophilus influenzae_gapfilled_605,0
Haemophilus influenzae_gapfilled_298,1
Haemophilus influenzae_gapfilled_314,0
Haemophilus influenzae_gapfilled_728,0
Haemophilus influenzae_gapfilled_34,1
Haemophilus influenzae_gapfilled_697,0
Haemophilus influenzae_gapfilled_981,1
Haemophilus influenzae_gapfilled_241,0
Haemophilus influenzae_gapfilled_329,1
Haemophilus influenzae_gapfilled_370,0
Haemophilus influenzae_gapfilled_138,1
Haemophilus influenzae_gapfilled_439,1
Haemophilus influenzae_gapfilled_480,0
Haemophilus influenzae_gapfilled_670,1
Haemophilus influenzae_gapfilled_152,1
Haemophilus influenzae_gapfilled_454,1
Haemophilus influenzae_gapfilled_154,0
Haemophilus influenzae_gapfilled_755,0
Haemophilus influenzae_gapfilled_759,1
Haemophilus influenzae_gapfilled_965,1
Haemophilus influenzae_gapfilled_694,1
Haemophilus influenzae_gapfilled_452,1
Haemophilus influenzae_gapfilled_740,0
Haemophilus influenzae_gapfilled_769,1
Haemophilus influenzae_gapfilled_278,0
Haemophilus influenzae_gapfilled_125,1
Haemophilus influenzae_gapfilled_177,0
Haemophilus influenzae_gapfilled_239,1
Haemophilus influenzae_gapfilled_948,1
Haemophilus influenzae_gapfilled_560,1
Haemophilus influenzae_gapfilled_591,1
Haemophilus influenzae_gapfilled_849,1
Haemophilus influenzae_gapfilled_866,1
Haemophilus influenzae_gapfilled_657,1
Haemophilus influenzae_gapfilled_174,1
Haemophilus influenzae_gapfilled_691,1
Haemophilus influenzae_gapfilled_189,0
Haemophilus influenzae_gapfilled_99,0
Haemophilus influenzae_gapfilled_711,0
Haemophilus influenzae_gapfilled_442,0
Haemophilus influenzae_gapfilled_248,0
Haemophilus influenzae_gapfilled_869,1
Haemophilus influenzae_gapfilled_420,0
Haemophilus influenzae_gapfilled_76,1
Haemophilus influenzae_gapfilled_747,0
Haemophilus influenzae_gapfilled_490,0
Haemophilus influenzae_gapfilled_898,1
Haemophilus influenzae_gapfilled_661,0
Haemophilus influenzae_gapfilled_65,1
Haemophilus influenzae_gapfilled_579,1
Haemophilus influenzae_gapfilled_804,1
Haemophilus influenzae_gapfilled_604,1
Haemophilus influenzae_gapfilled_737,0
Haemophilus influenzae_gapfilled_798,1
Haemophilus influenzae_gapfilled_846,1
Haemophilus influenzae_gapfilled_449,1
Haemophilus influenzae_gapfilled_501,0
Haemophilus influenzae_gapfilled_261,1
Haemophilus influenzae_gapfilled_993,1
Haemophilus influenzae_gapfilled_109,1
Haemophilus influenzae_gapfilled_590,1
Haemophilus influenzae_gapfilled_206,0
Haemophilus influenzae_gapfilled_195,1
Haemophilus influenzae_gapfilled_336,1
Haemophilus influenzae_gapfilled_73,0
Haemophilus influenzae_gapfilled_773,1
Haemophilus influenzae_gapfilled_157,1
Haemophilus influenzae_gapfilled_718,0
Haemophilus influenzae_gapfilled_310,1
Haemophilus influenzae_gapfilled_776,1
Haemophilus influenzae_gapfilled_459,0
Haemophilus influenzae_gapfilled_831,0
Haemophilus influenzae_gapfilled_401,1
Haemophilus influenzae_gapfilled_859,1
Haemophilus influenzae_gapfilled_111,1
Haemophilus influenzae_gapfilled_843,1
Haemophilus influenzae_gapfilled_512,1
Haemophilus influenzae_gapfilled_812,1
Haemophilus influenzae_gapfilled_963,1
Haemophilus influenzae_gapfilled_28,1
Haemophilus influenzae_gapfilled_770,1
Haemophilus influenzae_gapfilled_282,1
Haemophilus influenzae_gapfilled_610,1
Haemophilus influenzae_gapfilled_253,0
Haemophilus influenzae_gapfilled_82,1
Haemophilus influenzae_gapfilled_904,1
Haemophilus influenzae_gapfilled_315,0
Haemophilus influenzae_gapfilled_715,1
Haemophilus influenzae_gapfilled_291,1
Haemophilus influenzae_gapfilled_51,1
Haemophilus influenzae_gapfilled_369,1
Haemophilus influenzae_gapfilled_790,0
Haemophilus influenzae_gapfilled_998,1
Haemophilus influenzae_gapfilled_801,1
Haemophilus influenzae_gapfilled_280,1
Haemophilus influenzae_gapfilled_397,1
Haemophilus influenzae_gapfilled_671,0
Haemophilus influenzae_gapfilled_708,1
Haemophilus influenzae_gapfilled_89,0
Haemophilus influenzae_gapfilled_696,1
Haemophilus influenzae_gapfilled_848,1
Haemophilus influenzae_gapfilled_558,1
Haemophilus influenzae_gapfilled_833,0
Haemophilus influenzae_gapfilled_817,0
Haemophilus influenzae_gapfilled_500,0
Haemophilus influenzae_gapfilled_689,1
Haemophilus influenzae_gapfilled_20,1
Haemophilus influenzae_gapfilled_255,1
Haemophilus influenzae_gapfilled_749,0
Haemophilus influenzae_gapfilled_526,1
Haemophilus influenzae_gapfilled_525,1
Haemophilus influenzae_gapfilled_982,1
Haemophilus influenzae_gapfilled_325,0
Haemophilus influenzae_gapfilled_448,1
Haemophilus influenzae_gapfilled_149,1
Haemophilus influenzae_gapfilled_763,0
Haemophilus influenzae_gapfilled_809,1
Haemophilus influenzae_gapfilled_575,1
Haemophilus influenzae_gapfilled_203,1
Haemophilus influenzae_gapfilled_830,1
Haemophilus influenzae_gapfilled_426,1
Haemophilus influenzae_gapfilled_911,0
Haemophilus influenzae_gapfilled_313,1
Haemophilus influenzae_gapfilled_409,1
Haemophilus influenzae_gapfilled_572,0
Haemophilus influenzae_gapfilled_321,1
Haemophilus influenzae_gapfilled_580,0
Haemophilus influenzae_gapfilled_762,0
Haemophilus influenzae_gapfilled_897,1
Haemophilus influenzae_gapfilled_642,0
Haemophilus influenzae_gapfilled_736,0
Haemophilus influenzae_gapfilled_288,1
Haemophilus influenzae_gapfilled_973,0
Haemophilus influenzae_gapfilled_485,1
Haemophilus influenzae_gapfilled_655,1
Haemophilus influenzae_gapfilled_617,0
Haemophilus influenzae_gapfilled_823,1
Haemophilus influenzae_gapfilled_106,1
Haemophilus influenzae_gapfilled_626,1
Haemophilus influenzae_gapfilled_334,1
Haemophilus influenzae_gapfilled_176,1
Haemophilus influenzae_gapfilled_183,1
Haemophilus influenzae_gapfilled_760,1
Haemophilus influenzae_gapfilled_164,1
Haemophilus influenzae_gapfilled_508,1
Haemophilus influenzae_gapfilled_656,0
Haemophilus influenzae_gapfilled_312,1
Haemophilus influenzae_gapfilled_93,0
Haemophilus influenzae_gapfilled_795,1
Haemophilus influenzae_gapfilled_924,1
Haemophilus influenzae_gapfilled_482,1
Haemophilus influenzae_gapfilled_88,0
Haemophilus influenzae_gapfilled_528,0
Haemophilus influenzae_gapfilled_607,1
Haemophilus influenzae_gapfilled_303,1
Haemophilus influenzae_gapfilled_681,0
Haemophilus influenzae_gapfilled_571,1
Haemophilus influenzae_gapfilled_12,1
Haemophilus influenzae_gapfilled_969,1
Haemophilus influenzae_gapfilled_228,1
Haemophilus influenzae_gapfilled_746,0
Haemophilus influenzae_gapfilled_254,1
Haemophilus influenzae_gapfilled_187,1
Haemophilus influenzae_gapfilled_49,0
Haemophilus influenzae_gapfilled_556,1
Haemophilus influenzae_gapfilled_184,1
Haemophilus influenzae_gapfilled_695,0
Haemophilus influenzae_gapfilled_716,1
Haemophilus influenzae_gapfilled_834,0
Haemophilus influenzae_gapfilled_680,1
Haemophilus influenzae_gapfilled_847,1
Haemophilus influenzae_gapfilled_444,1
Haemophilus influenzae_gapfilled_378,1
Haemophilus influenzae_gapfilled_116,1
Haemophilus influenzae_gapfilled_531,1
Haemophilus influenzae_gapfilled_601,0
Haemophilus influenzae_gapfilled_603,0
Haemophilus influenzae_gapfilled_45,1
Haemophilus influenzae_gapfilled_857,1
Haemophilus influenzae_gapfilled_854,1
Haemophilus influenzae_gapfilled_42,1
Haemophilus influenzae_gapfilled_765,1
Haemophilus influenzae_gapfilled_105,0
Haemophilus influenzae_gapfilled_586,1
Haemophilus influenzae_gapfilled_516,1
Haemophilus influenzae_gapfilled_745,0
Haemophilus influenzae_gapfilled_928,1
Haemophilus influenzae_gapfilled_87,0
Haemophilus influenzae_gapfilled_635,1
Haemophilus influenzae_gapfilled_699,0
Haemophilus influenzae_gapfilled_450,1
Haemophilus influenzae_gapfilled_517,1
Haemophilus influenzae_gapfilled_611,1
Haemophilus influenzae_gapfilled_506,1
Haemophilus influenzae_gapfilled_926,0
Haemophilus influenzae_gapfilled_134,1
Haemophilus influenzae_gapfilled_825,0
Haemophilus influenzae_gapfilled_609,1
Haemophilus influenzae_gapfilled_80,0
Haemophilus influenzae_gapfilled_90,1
Haemophilus influenzae_gapfilled_682,0
Haemophilus influenzae_gapfilled_640,1
Haemophilus influenzae_gapfilled_977,1
Haemophilus influenzae_gapfilled_2,0
Haemophilus influenzae_gapfilled_668,1
Haemophilus influenzae_gapfilled_436,1
Haemophilus influenzae_gapfilled_858,0
Haemophilus influenzae_gapfilled_308,0
Haemophilus influenzae_gapfilled_779,0
Haemophilus influenzae_gapfilled_437,1
Haemophilus influenzae_gapfilled_509,1
Haemophilus influenzae_gapfilled_327,1
Haemophilus influenzae_gapfilled_943,1
Haemophilus influenzae_gapfilled_191,1
Haemophilus influenzae_gapfilled_266,0
Haemophilus influenzae_gapfilled_706,0
Haemophilus influenzae_gapfilled_710,0
Haemophilus influenzae_gapfilled_1,1
Haemophilus influenzae_gapfilled_9,0
Haemophilus influenzae_gapfilled_639,1
Haemophilus influenzae_gapfilled_24,1
Haemophilus influenzae_gapfilled_160,0
Haemophilus influenzae_gapfilled_260,1
Haemophilus influenzae_gapfilled_498,1
Haemophilus influenzae_gapfilled_232,1
Haemophilus influenzae_gapfilled_616,1
Haemophilus influenzae_gapfilled_145,0
Haemophilus influenzae_gapfilled_567,1
Haemophilus influenzae_gapfilled_481,1
Haemophilus influenzae_gapfilled_37,0
Haemophilus influenzae_gapfilled_757,1
Haemophilus influenzae_gapfilled_559,1
Haemophilus influenzae_gapfilled_300,0
Haemophilus influenzae_gapfilled_678,0
Haemophilus influenzae_gapfilled_597,1
Haemophilus influenzae_gapfilled_296,1
Haemophilus influenzae_gapfilled_96,1
Haemophilus influenzae_gapfilled_598,1
Haemophilus influenzae_gapfilled_406,1
Haemophilus influenzae_gapfilled_40,1
Haemophilus influenzae_gapfilled_468,1
Haemophilus influenzae_gapfilled_422,1
Haemophilus influenzae_gapfilled_316,0
Haemophilus influenzae_gapfilled_210,0
Haemophilus influenzae_gapfilled_245,1
Haemophilus influenzae_gapfilled_270,1
Haemophilus influenzae_gapfilled_630,1
Haemophilus influenzae_gapfilled_612,1
Haemophilus influenzae_gapfilled_502,1
Haemophilus influenzae_gapfilled_362,0
Haemophilus influenzae_gapfilled_872,1
Haemophilus influenzae_gapfilled_376,1
Haemophilus influenzae_gapfilled_346,1
Haemophilus influenzae_gapfilled_970,0
Haemophilus influenzae_gapfilled_302,1
Haemophilus influenzae_gapfilled_646,1
Haemophilus influenzae_gapfilled_723,0
Haemophilus influenzae_gapfilled_784,0
Haemophilus influenzae_gapfilled_595,1
Haemophilus influenzae_gapfilled_331,1
Haemophilus influenzae_gapfilled_458,1
Haemophilus influenzae_gapfilled_653,1
Haemophilus influenzae_gapfilled_884,1
Haemophilus influenzae_gapfilled_273,1
Haemophilus influenzae_gapfilled_30,0
Haemophilus influenzae_gapfilled_881,0
