Listeria seeligeri_gapfilled_261,0
Listeria seeligeri_gapfilled_60,0
Listeria seeligeri_gapfilled_861,1
Listeria seeligeri_gapfilled_318,0
Listeria seeligeri_gapfilled_250,0
Listeria seeligeri_gapfilled_369,0
Listeria seeligeri_gapfilled_159,0
Listeria seeligeri_gapfilled_415,0
Listeria seeligeri_gapfilled_732,0
Listeria seeligeri_gapfilled_587,1
Listeria seeligeri_gapfilled_660,0
Listeria seeligeri_gapfilled_421,0
Listeria seeligeri_gapfilled_933,0
Listeria seeligeri_gapfilled_136,0
Listeria seeligeri_gapfilled_795,1
Listeria seeligeri_gapfilled_715,1
Listeria seeligeri_gapfilled_366,0
Listeria seeligeri_gapfilled_728,0
Listeria seeligeri_gapfilled_613,1
Listeria seeligeri_gapfilled_133,0
Listeria seeligeri_gapfilled_236,1
Listeria seeligeri_gapfilled_200,0
Listeria seeligeri_gapfilled_767,1
Listeria seeligeri_gapfilled_784,0
Listeria seeligeri_gapfilled_879,1
Listeria seeligeri_gapfilled_664,1
Listeria seeligeri_gapfilled_827,0
Listeria seeligeri_gapfilled_970,1
Listeria seeligeri_gapfilled_422,0
Listeria seeligeri_gapfilled_25,1
Listeria seeligeri_gapfilled_509,0
Listeria seeligeri_gapfilled_915,1
Listeria seeligeri_gapfilled_418,1
Listeria seeligeri_gapfilled_47,1
Listeria seeligeri_gapfilled_806,0
Listeria seeligeri_gapfilled_686,0
Listeria seeligeri_gapfilled_599,1
Listeria seeligeri_gapfilled_167,0
Listeria seeligeri_gapfilled_559,0
Listeria seeligeri_gapfilled_518,0
Listeria seeligeri_gapfilled_490,1
Listeria seeligeri_gapfilled_901,1
Listeria seeligeri_gapfilled_596,0
Listeria seeligeri_gapfilled_385,1
Listeria seeligeri_gapfilled_496,1
Listeria seeligeri_gapfilled_647,0
Listeria seeligeri_gapfilled_803,0
Listeria seeligeri_gapfilled_597,1
Listeria seeligeri_gapfilled_259,0
Listeria seeligeri_gapfilled_627,0
Listeria seeligeri_gapfilled_209,0
Listeria seeligeri_gapfilled_676,0
Listeria seeligeri_gapfilled_522,1
Listeria seeligeri_gapfilled_870,0
Listeria seeligeri_gapfilled_203,1
Listeria seeligeri_gapfilled_221,1
Listeria seeligeri_gapfilled_749,0
Listeria seeligeri_gapfilled_541,1
Listeria seeligeri_gapfilled_55,1
Listeria seeligeri_gapfilled_244,1
Listeria seeligeri_gapfilled_161,1
Listeria seeligeri_gapfilled_672,0
Listeria seeligeri_gapfilled_484,1
Listeria seeligeri_gapfilled_120,0
Listeria seeligeri_gapfilled_469,0
Listeria seeligeri_gapfilled_387,0
Listeria seeligeri_gapfilled_646,0
Listeria seeligeri_gapfilled_583,1
Listeria seeligeri_gapfilled_857,0
Listeria seeligeri_gapfilled_980,0
Listeria seeligeri_gapfilled_760,0
Listeria seeligeri_gapfilled_336,0
Listeria seeligeri_gapfilled_286,0
Listeria seeligeri_gapfilled_918,1
Listeria seeligeri_gapfilled_265,1
Listeria seeligeri_gapfilled_819,1
Listeria seeligeri_gapfilled_880,0
Listeria seeligeri_gapfilled_860,0
Listeria seeligeri_gapfilled_439,0
Listeria seeligeri_gapfilled_540,1
Listeria seeligeri_gapfilled_692,0
Listeria seeligeri_gapfilled_301,0
Listeria seeligeri_gapfilled_269,1
Listeria seeligeri_gapfilled_986,1
Listeria seeligeri_gapfilled_57,1
Listeria seeligeri_gapfilled_169,0
Listeria seeligeri_gapfilled_279,1
Listeria seeligeri_gapfilled_983,0
Listeria seeligeri_gapfilled_590,0
Listeria seeligeri_gapfilled_27,0
Listeria seeligeri_gapfilled_582,0
Listeria seeligeri_gapfilled_517,0
Listeria seeligeri_gapfilled_247,0
Listeria seeligeri_gapfilled_709,1
Listeria seeligeri_gapfilled_192,0
Listeria seeligeri_gapfilled_612,0
Listeria seeligeri_gapfilled_179,1
Listeria seeligeri_gapfilled_464,0
Listeria seeligeri_gapfilled_502,0
Listeria seeligeri_gapfilled_177,1
Listeria seeligeri_gapfilled_114,1
Listeria seeligeri_gapfilled_277,0
Listeria seeligeri_gapfilled_762,0
Listeria seeligeri_gapfilled_335,1
Listeria seeligeri_gapfilled_185,1
Listeria seeligeri_gapfilled_785,1
Listeria seeligeri_gapfilled_963,1
Listeria seeligeri_gapfilled_89,0
Listeria seeligeri_gapfilled_345,1
Listeria seeligeri_gapfilled_166,1
Listeria seeligeri_gapfilled_398,1
Listeria seeligeri_gapfilled_146,0
Listeria seeligeri_gapfilled_322,0
Listeria seeligeri_gapfilled_291,0
Listeria seeligeri_gapfilled_513,0
Listeria seeligeri_gapfilled_85,1
Listeria seeligeri_gapfilled_163,1
Listeria seeligeri_gapfilled_397,0
Listeria seeligeri_gapfilled_851,0
Listeria seeligeri_gapfilled_925,0
Listeria seeligeri_gapfilled_873,1
Listeria seeligeri_gapfilled_891,0
Listeria seeligeri_gapfilled_267,0
Listeria seeligeri_gapfilled_255,0
Listeria seeligeri_gapfilled_594,1
Listeria seeligeri_gapfilled_671,1
Listeria seeligeri_gapfilled_390,0
Listeria seeligeri_gapfilled_825,0
Listeria seeligeri_gapfilled_629,1
Listeria seeligeri_gapfilled_911,1
Listeria seeligeri_gapfilled_220,1
Listeria seeligeri_gapfilled_383,0
Listeria seeligeri_gapfilled_373,0
Listeria seeligeri_gapfilled_500,0
Listeria seeligeri_gapfilled_959,0
Listeria seeligeri_gapfilled_440,0
Listeria seeligeri_gapfilled_818,1
Listeria seeligeri_gapfilled_595,1
Listeria seeligeri_gapfilled_232,0
Listeria seeligeri_gapfilled_779,1
Listeria seeligeri_gapfilled_293,0
Listeria seeligeri_gapfilled_323,0
Listeria seeligeri_gapfilled_51,0
Listeria seeligeri_gapfilled_674,0
Listeria seeligeri_gapfilled_515,1
Listeria seeligeri_gapfilled_944,1
Listeria seeligeri_gapfilled_718,1
Listeria seeligeri_gapfilled_535,1
Listeria seeligeri_gapfilled_707,1
Listeria seeligeri_gapfilled_74,0
Listeria seeligeri_gapfilled_460,0
Listeria seeligeri_gapfilled_626,0
Listeria seeligeri_gapfilled_893,1
Listeria seeligeri_gapfilled_182,0
Listeria seeligeri_gapfilled_290,1
Listeria seeligeri_gapfilled_946,0
Listeria seeligeri_gapfilled_164,0
Listeria seeligeri_gapfilled_673,1
Listeria seeligeri_gapfilled_607,1
Listeria seeligeri_gapfilled_223,0
Listeria seeligeri_gapfilled_445,1
Listeria seeligeri_gapfilled_41,0
Listeria seeligeri_gapfilled_568,0
Listeria seeligeri_gapfilled_700,0
Listeria seeligeri_gapfilled_711,0
Listeria seeligeri_gapfilled_389,0
Listeria seeligeri_gapfilled_705,0
Listeria seeligeri_gapfilled_845,0
Listeria seeligeri_gapfilled_916,1
Listeria seeligeri_gapfilled_58,1
Listeria seeligeri_gapfilled_992,0
Listeria seeligeri_gapfilled_769,1
Listeria seeligeri_gapfilled_180,0
Listeria seeligeri_gapfilled_632,0
Listeria seeligeri_gapfilled_990,0
Listeria seeligeri_gapfilled_780,0
Listeria seeligeri_gapfilled_283,0
Listeria seeligeri_gapfilled_528,0
Listeria seeligeri_gapfilled_56,1
Listeria seeligeri_gapfilled_88,0
Listeria seeligeri_gapfilled_619,0
Listeria seeligeri_gapfilled_788,0
Listeria seeligeri_gapfilled_740,0
Listeria seeligeri_gapfilled_940,0
Listeria seeligeri_gapfilled_747,1
Listeria seeligeri_gapfilled_8,0
Listeria seeligeri_gapfilled_325,1
Listeria seeligeri_gapfilled_187,1
Listeria seeligeri_gapfilled_958,1
Listeria seeligeri_gapfilled_936,0
Listeria seeligeri_gapfilled_69,1
Listeria seeligeri_gapfilled_462,0
Listeria seeligeri_gapfilled_588,0
Listeria seeligeri_gapfilled_622,0
Listeria seeligeri_gapfilled_907,1
Listeria seeligeri_gapfilled_886,0
Listeria seeligeri_gapfilled_303,0
Listeria seeligeri_gapfilled_751,0
Listeria seeligeri_gapfilled_549,0
Listeria seeligeri_gapfilled_262,0
Listeria seeligeri_gapfilled_773,0
Listeria seeligeri_gapfilled_307,0
Listeria seeligeri_gapfilled_716,0
Listeria seeligeri_gapfilled_2,1
Listeria seeligeri_gapfilled_699,0
Listeria seeligeri_gapfilled_826,0
Listeria seeligeri_gapfilled_77,0
Listeria seeligeri_gapfilled_781,0
Listeria seeligeri_gapfilled_37,1
Listeria seeligeri_gapfilled_841,1
Listeria seeligeri_gapfilled_13,0
Listeria seeligeri_gapfilled_317,1
Listeria seeligeri_gapfilled_299,0
Listeria seeligeri_gapfilled_581,0
Listeria seeligeri_gapfilled_763,0
Listeria seeligeri_gapfilled_454,0
Listeria seeligeri_gapfilled_349,1
Listeria seeligeri_gapfilled_468,0
Listeria seeligeri_gapfilled_553,1
Listeria seeligeri_gapfilled_575,0
Listeria seeligeri_gapfilled_923,0
Listeria seeligeri_gapfilled_189,0
Listeria seeligeri_gapfilled_868,1
Listeria seeligeri_gapfilled_459,0
Listeria seeligeri_gapfilled_547,1
Listeria seeligeri_gapfilled_865,0
Listeria seeligeri_gapfilled_15,0
Listeria seeligeri_gapfilled_165,0
Listeria seeligeri_gapfilled_761,0
Listeria seeligeri_gapfilled_142,1
Listeria seeligeri_gapfilled_631,1
Listeria seeligeri_gapfilled_687,1
Listeria seeligeri_gapfilled_849,1
Listeria seeligeri_gapfilled_207,1
Listeria seeligeri_gapfilled_801,0
Listeria seeligeri_gapfilled_938,0
Listeria seeligeri_gapfilled_364,0
Listeria seeligeri_gapfilled_100,0
Listeria seeligeri_gapfilled_149,0
Listeria seeligeri_gapfilled_514,0
Listeria seeligeri_gapfilled_355,1
Listeria seeligeri_gapfilled_62,0
Listeria seeligeri_gapfilled_12,0
Listeria seeligeri_gapfilled_831,0
Listeria seeligeri_gapfilled_663,1
Listeria seeligeri_gapfilled_503,1
Listeria seeligeri_gapfilled_693,0
Listeria seeligeri_gapfilled_551,1
Listeria seeligeri_gapfilled_110,1
Listeria seeligeri_gapfilled_150,1
Listeria seeligeri_gapfilled_10,1
Listeria seeligeri_gapfilled_340,0
Listeria seeligeri_gapfilled_381,0
Listeria seeligeri_gapfilled_505,1
Listeria seeligeri_gapfilled_9,0
Listeria seeligeri_gapfilled_701,1
Listeria seeligeri_gapfilled_571,1
Listeria seeligeri_gapfilled_557,1
Listeria seeligeri_gapfilled_410,0
Listeria seeligeri_gapfilled_755,0
Listeria seeligeri_gapfilled_912,1
Listeria seeligeri_gapfilled_641,0
Listeria seeligeri_gapfilled_486,0
Listeria seeligeri_gapfilled_376,1
Listeria seeligeri_gapfilled_618,0
Listeria seeligeri_gapfilled_772,1
Listeria seeligeri_gapfilled_836,0
Listeria seeligeri_gapfilled_623,1
Listeria seeligeri_gapfilled_843,0
Listeria seeligeri_gapfilled_29,0
Listeria seeligeri_gapfilled_361,0
Listeria seeligeri_gapfilled_147,1
Listeria seeligeri_gapfilled_754,0
Listeria seeligeri_gapfilled_450,1
Listeria seeligeri_gapfilled_853,0
Listeria seeligeri_gapfilled_123,1
Listeria seeligeri_gapfilled_614,1
Listeria seeligeri_gapfilled_66,0
Listeria seeligeri_gapfilled_889,0
Listeria seeligeri_gapfilled_296,0
Listeria seeligeri_gapfilled_603,0
Listeria seeligeri_gapfilled_501,0
Listeria seeligeri_gapfilled_264,0
Listeria seeligeri_gapfilled_294,0
Listeria seeligeri_gapfilled_448,0
Listeria seeligeri_gapfilled_624,1
Listeria seeligeri_gapfilled_305,0
Listeria seeligeri_gapfilled_121,1
Listeria seeligeri_gapfilled_457,0
Listeria seeligeri_gapfilled_419,0
Listeria seeligeri_gapfilled_134,0
Listeria seeligeri_gapfilled_358,0
Listeria seeligeri_gapfilled_360,0
Listeria seeligeri_gapfilled_681,0
Listeria seeligeri_gapfilled_53,0
Listeria seeligeri_gapfilled_637,0
Listeria seeligeri_gapfilled_87,1
Listeria seeligeri_gapfilled_386,0
Listeria seeligeri_gapfilled_877,0
Listeria seeligeri_gapfilled_848,1
Listeria seeligeri_gapfilled_878,1
Listeria seeligeri_gapfilled_890,0
Listeria seeligeri_gapfilled_859,1
Listeria seeligeri_gapfilled_98,0
Listeria seeligeri_gapfilled_173,1
Listeria seeligeri_gapfilled_285,0
Listeria seeligeri_gapfilled_756,1
Listeria seeligeri_gapfilled_931,0
Listeria seeligeri_gapfilled_328,0
Listeria seeligeri_gapfilled_556,1
Listeria seeligeri_gapfilled_175,1
Listeria seeligeri_gapfilled_251,0
Listeria seeligeri_gapfilled_332,0
Listeria seeligeri_gapfilled_64,0
Listeria seeligeri_gapfilled_997,1
Listeria seeligeri_gapfilled_855,0
Listeria seeligeri_gapfilled_812,1
Listeria seeligeri_gapfilled_176,0
Listeria seeligeri_gapfilled_679,0
Listeria seeligeri_gapfilled_570,0
Listeria seeligeri_gapfilled_766,1
Listeria seeligeri_gapfilled_914,0
Listeria seeligeri_gapfilled_989,0
Listeria seeligeri_gapfilled_943,0
Listeria seeligeri_gapfilled_196,0
Listeria seeligeri_gapfilled_585,1
Listeria seeligeri_gapfilled_316,0
Listeria seeligeri_gapfilled_229,1
Listeria seeligeri_gapfilled_218,1
Listeria seeligeri_gapfilled_408,1
Listeria seeligeri_gapfilled_917,0
Listeria seeligeri_gapfilled_139,1
Listeria seeligeri_gapfilled_698,0
Listeria seeligeri_gapfilled_654,0
Listeria seeligeri_gapfilled_144,1
Listeria seeligeri_gapfilled_153,1
Listeria seeligeri_gapfilled_975,0
Listeria seeligeri_gapfilled_884,1
Listeria seeligeri_gapfilled_119,0
Listeria seeligeri_gapfilled_128,1
Listeria seeligeri_gapfilled_6,0
Listeria seeligeri_gapfilled_388,0
Listeria seeligeri_gapfilled_921,0
Listeria seeligeri_gapfilled_466,0
Listeria seeligeri_gapfilled_404,0
Listeria seeligeri_gapfilled_292,0
Listeria seeligeri_gapfilled_498,0
Listeria seeligeri_gapfilled_739,0
Listeria seeligeri_gapfilled_59,1
Listeria seeligeri_gapfilled_99,1
Listeria seeligeri_gapfilled_558,1
Listeria seeligeri_gapfilled_219,0
Listeria seeligeri_gapfilled_171,0
Listeria seeligeri_gapfilled_297,1
Listeria seeligeri_gapfilled_820,0
Listeria seeligeri_gapfilled_240,1
Listeria seeligeri_gapfilled_694,1
Listeria seeligeri_gapfilled_483,0
Listeria seeligeri_gapfilled_635,1
Listeria seeligeri_gapfilled_154,1
Listeria seeligeri_gapfilled_32,0
Listeria seeligeri_gapfilled_84,0
Listeria seeligeri_gapfilled_636,0
Listeria seeligeri_gapfilled_809,1
Listeria seeligeri_gapfilled_519,0
Listeria seeligeri_gapfilled_370,1
Listeria seeligeri_gapfilled_278,1
Listeria seeligeri_gapfilled_896,0
Listeria seeligeri_gapfilled_604,0
Listeria seeligeri_gapfilled_227,1
Listeria seeligeri_gapfilled_249,0
Listeria seeligeri_gapfilled_655,0
Listeria seeligeri_gapfilled_151,0
Listeria seeligeri_gapfilled_950,0
Listeria seeligeri_gapfilled_308,1
Listeria seeligeri_gapfilled_16,1
Listeria seeligeri_gapfilled_538,0
Listeria seeligeri_gapfilled_750,0
Listeria seeligeri_gapfilled_650,0
Listeria seeligeri_gapfilled_36,1
Listeria seeligeri_gapfilled_245,0
Listeria seeligeri_gapfilled_731,1
Listeria seeligeri_gapfilled_4,1
Listeria seeligeri_gapfilled_887,0
Listeria seeligeri_gapfilled_446,0
Listeria seeligeri_gapfilled_257,0
Listeria seeligeri_gapfilled_897,0
Listeria seeligeri_gapfilled_39,0
Listeria seeligeri_gapfilled_193,1
Listeria seeligeri_gapfilled_116,1
Listeria seeligeri_gapfilled_507,0
Listeria seeligeri_gapfilled_34,0
Listeria seeligeri_gapfilled_783,0
Listeria seeligeri_gapfilled_774,0
Listeria seeligeri_gapfilled_140,1
Listeria seeligeri_gapfilled_226,1
Listeria seeligeri_gapfilled_759,1
Listeria seeligeri_gapfilled_584,0
Listeria seeligeri_gapfilled_378,0
Listeria seeligeri_gapfilled_379,0
Listeria seeligeri_gapfilled_198,1
Listeria seeligeri_gapfilled_320,0
Listeria seeligeri_gapfilled_375,0
Listeria seeligeri_gapfilled_40,0
Listeria seeligeri_gapfilled_866,0
Listeria seeligeri_gapfilled_407,0
Listeria seeligeri_gapfilled_493,1
Listeria seeligeri_gapfilled_564,0
Listeria seeligeri_gapfilled_391,0
Listeria seeligeri_gapfilled_266,0
Listeria seeligeri_gapfilled_412,0
Listeria seeligeri_gapfilled_816,1
Listeria seeligeri_gapfilled_600,0
Listeria seeligeri_gapfilled_656,0
Listeria seeligeri_gapfilled_333,0
Listeria seeligeri_gapfilled_456,0
Listeria seeligeri_gapfilled_947,0
Listeria seeligeri_gapfilled_108,0
Listeria seeligeri_gapfilled_952,0
Listeria seeligeri_gapfilled_276,1
Listeria seeligeri_gapfilled_697,0
Listeria seeligeri_gapfilled_155,0
Listeria seeligeri_gapfilled_832,0
Listeria seeligeri_gapfilled_284,1
Listeria seeligeri_gapfilled_768,0
Listeria seeligeri_gapfilled_430,0
Listeria seeligeri_gapfilled_14,0
Listeria seeligeri_gapfilled_530,1
Listeria seeligeri_gapfilled_400,0
Listeria seeligeri_gapfilled_476,1
Listeria seeligeri_gapfilled_652,0
Listeria seeligeri_gapfilled_61,0
Listeria seeligeri_gapfilled_374,0
Listeria seeligeri_gapfilled_423,0
Listeria seeligeri_gapfilled_658,0
Listeria seeligeri_gapfilled_743,0
Listeria seeligeri_gapfilled_684,0
Listeria seeligeri_gapfilled_858,1
Listeria seeligeri_gapfilled_869,0
Listeria seeligeri_gapfilled_765,0
Listeria seeligeri_gapfilled_81,0
Listeria seeligeri_gapfilled_132,0
Listeria seeligeri_gapfilled_574,0
Listeria seeligeri_gapfilled_876,1
Listeria seeligeri_gapfilled_111,1
Listeria seeligeri_gapfilled_895,0
Listeria seeligeri_gapfilled_80,0
Listeria seeligeri_gapfilled_948,0
Listeria seeligeri_gapfilled_645,0
Listeria seeligeri_gapfilled_871,1
Listeria seeligeri_gapfilled_260,0
Listeria seeligeri_gapfilled_717,1
Listeria seeligeri_gapfilled_999,0
Listeria seeligeri_gapfilled_239,0
Listeria seeligeri_gapfilled_274,0
Listeria seeligeri_gapfilled_979,0
Listeria seeligeri_gapfilled_392,1
Listeria seeligeri_gapfilled_548,0
Listeria seeligeri_gapfilled_900,0
Listeria seeligeri_gapfilled_434,0
Listeria seeligeri_gapfilled_353,0
Listeria seeligeri_gapfilled_295,0
Listeria seeligeri_gapfilled_894,1
Listeria seeligeri_gapfilled_969,1
Listeria seeligeri_gapfilled_420,1
Listeria seeligeri_gapfilled_28,1
Listeria seeligeri_gapfilled_396,0
Listeria seeligeri_gapfilled_561,0
Listeria seeligeri_gapfilled_35,0
Listeria seeligeri_gapfilled_734,0
Listeria seeligeri_gapfilled_508,1
Listeria seeligeri_gapfilled_856,1
Listeria seeligeri_gapfilled_18,1
Listeria seeligeri_gapfilled_722,1
Listeria seeligeri_gapfilled_776,1
Listeria seeligeri_gapfilled_205,0
Listeria seeligeri_gapfilled_298,0
Listeria seeligeri_gapfilled_356,0
Listeria seeligeri_gapfilled_263,0
Listeria seeligeri_gapfilled_610,0
Listeria seeligeri_gapfilled_216,1
Listeria seeligeri_gapfilled_844,0
Listeria seeligeri_gapfilled_170,0
Listeria seeligeri_gapfilled_821,1
Listeria seeligeri_gapfilled_982,1
Listeria seeligeri_gapfilled_346,0
Listeria seeligeri_gapfilled_93,1
Listeria seeligeri_gapfilled_109,1
Listeria seeligeri_gapfilled_971,1
Listeria seeligeri_gapfilled_617,1
Listeria seeligeri_gapfilled_288,0
Listeria seeligeri_gapfilled_135,0
Listeria seeligeri_gapfilled_919,0
Listeria seeligeri_gapfilled_248,0
Listeria seeligeri_gapfilled_127,0
Listeria seeligeri_gapfilled_65,0
Listeria seeligeri_gapfilled_786,0
Listeria seeligeri_gapfilled_770,0
Listeria seeligeri_gapfilled_330,0
Listeria seeligeri_gapfilled_102,0
Listeria seeligeri_gapfilled_835,0
Listeria seeligeri_gapfilled_906,1
Listeria seeligeri_gapfilled_42,1
Listeria seeligeri_gapfilled_367,0
Listeria seeligeri_gapfilled_327,1
Listeria seeligeri_gapfilled_436,1
Listeria seeligeri_gapfilled_202,1
Listeria seeligeri_gapfilled_395,1
Listeria seeligeri_gapfilled_158,1
Listeria seeligeri_gapfilled_527,0
Listeria seeligeri_gapfilled_811,0
Listeria seeligeri_gapfilled_107,0
Listeria seeligeri_gapfilled_46,0
Listeria seeligeri_gapfilled_789,0
Listeria seeligeri_gapfilled_246,1
Listeria seeligeri_gapfilled_234,0
Listeria seeligeri_gapfilled_231,1
Listeria seeligeri_gapfilled_426,1
Listeria seeligeri_gapfilled_432,0
Listeria seeligeri_gapfilled_542,0
Listeria seeligeri_gapfilled_713,0
Listeria seeligeri_gapfilled_922,0
Listeria seeligeri_gapfilled_525,1
Listeria seeligeri_gapfilled_566,0
Listeria seeligeri_gapfilled_31,1
Listeria seeligeri_gapfilled_978,0
Listeria seeligeri_gapfilled_125,1
Listeria seeligeri_gapfilled_863,0
Listeria seeligeri_gapfilled_531,0
Listeria seeligeri_gapfilled_913,1
Listeria seeligeri_gapfilled_362,0
Listeria seeligeri_gapfilled_273,0
Listeria seeligeri_gapfilled_977,1
Listeria seeligeri_gapfilled_725,0
Listeria seeligeri_gapfilled_720,1
Listeria seeligeri_gapfilled_475,1
Listeria seeligeri_gapfilled_300,0
Listeria seeligeri_gapfilled_281,0
Listeria seeligeri_gapfilled_480,0
Listeria seeligeri_gapfilled_441,0
Listeria seeligeri_gapfilled_495,1
Listeria seeligeri_gapfilled_852,1
Listeria seeligeri_gapfilled_526,1
Listeria seeligeri_gapfilled_282,0
Listeria seeligeri_gapfilled_455,0
Listeria seeligeri_gapfilled_961,0
Listeria seeligeri_gapfilled_842,0
Listeria seeligeri_gapfilled_33,0
Listeria seeligeri_gapfilled_511,1
Listeria seeligeri_gapfilled_885,1
Listeria seeligeri_gapfilled_488,0
Listeria seeligeri_gapfilled_76,0
Listeria seeligeri_gapfilled_615,0
Listeria seeligeri_gapfilled_235,1
Listeria seeligeri_gapfilled_243,0
Listeria seeligeri_gapfilled_688,1
Listeria seeligeri_gapfilled_954,0
Listeria seeligeri_gapfilled_103,0
Listeria seeligeri_gapfilled_903,0
Listeria seeligeri_gapfilled_348,0
Listeria seeligeri_gapfilled_351,0
Listeria seeligeri_gapfilled_771,0
Listeria seeligeri_gapfilled_352,0
Listeria seeligeri_gapfilled_368,0
Listeria seeligeri_gapfilled_452,1
Listeria seeligeri_gapfilled_927,0
Listeria seeligeri_gapfilled_130,0
Listeria seeligeri_gapfilled_976,0
Listeria seeligeri_gapfilled_867,0
Listeria seeligeri_gapfilled_23,1
Listeria seeligeri_gapfilled_199,1
Listeria seeligeri_gapfilled_384,1
Listeria seeligeri_gapfilled_960,0
Listeria seeligeri_gapfilled_691,0
Listeria seeligeri_gapfilled_909,0
Listeria seeligeri_gapfilled_892,0
Listeria seeligeri_gapfilled_611,1
Listeria seeligeri_gapfilled_222,1
Listeria seeligeri_gapfilled_945,1
Listeria seeligeri_gapfilled_883,0
Listeria seeligeri_gapfilled_987,0
Listeria seeligeri_gapfilled_211,0
Listeria seeligeri_gapfilled_529,0
Listeria seeligeri_gapfilled_152,0
Listeria seeligeri_gapfilled_606,0
Listeria seeligeri_gapfilled_411,1
Listeria seeligeri_gapfilled_935,1
Listeria seeligeri_gapfilled_241,0
Listeria seeligeri_gapfilled_372,0
Listeria seeligeri_gapfilled_416,0
Listeria seeligeri_gapfilled_371,0
Listeria seeligeri_gapfilled_643,0
Listeria seeligeri_gapfilled_268,1
Listeria seeligeri_gapfilled_92,0
Listeria seeligeri_gapfilled_160,1
Listeria seeligeri_gapfilled_473,1
Listeria seeligeri_gapfilled_19,1
Listeria seeligeri_gapfilled_433,1
Listeria seeligeri_gapfilled_377,1
Listeria seeligeri_gapfilled_738,0
Listeria seeligeri_gapfilled_733,0
Listeria seeligeri_gapfilled_113,0
Listeria seeligeri_gapfilled_649,0
Listeria seeligeri_gapfilled_981,1
Listeria seeligeri_gapfilled_543,1
Listeria seeligeri_gapfilled_680,0
Listeria seeligeri_gapfilled_839,0
Listeria seeligeri_gapfilled_640,0
Listeria seeligeri_gapfilled_572,0
Listeria seeligeri_gapfilled_794,1
Listeria seeligeri_gapfilled_516,0
Listeria seeligeri_gapfilled_26,1
Listeria seeligeri_gapfilled_338,0
Listeria seeligeri_gapfilled_719,0
Listeria seeligeri_gapfilled_609,1
Listeria seeligeri_gapfilled_82,0
Listeria seeligeri_gapfilled_406,0
Listeria seeligeri_gapfilled_242,0
Listeria seeligeri_gapfilled_343,0
Listeria seeligeri_gapfilled_683,0
Listeria seeligeri_gapfilled_682,1
Listeria seeligeri_gapfilled_953,0
Listeria seeligeri_gapfilled_224,0
Listeria seeligeri_gapfilled_156,1
Listeria seeligeri_gapfilled_799,1
Listeria seeligeri_gapfilled_510,1
Listeria seeligeri_gapfilled_964,1
Listeria seeligeri_gapfilled_21,0
Listeria seeligeri_gapfilled_487,1
Listeria seeligeri_gapfilled_96,1
Listeria seeligeri_gapfilled_365,0
Listeria seeligeri_gapfilled_118,0
Listeria seeligeri_gapfilled_210,1
Listeria seeligeri_gapfilled_48,0
Listeria seeligeri_gapfilled_228,0
Listeria seeligeri_gapfilled_233,1
Listeria seeligeri_gapfilled_470,0
Listeria seeligeri_gapfilled_787,0
Listeria seeligeri_gapfilled_598,0
Listeria seeligeri_gapfilled_939,1
Listeria seeligeri_gapfilled_956,1
Listeria seeligeri_gapfilled_91,0
Listeria seeligeri_gapfilled_899,0
Listeria seeligeri_gapfilled_215,1
Listeria seeligeri_gapfilled_431,1
Listeria seeligeri_gapfilled_186,1
Listeria seeligeri_gapfilled_405,0
Listeria seeligeri_gapfilled_764,1
Listeria seeligeri_gapfilled_745,0
Listeria seeligeri_gapfilled_837,1
Listeria seeligeri_gapfilled_910,0
Listeria seeligeri_gapfilled_115,1
Listeria seeligeri_gapfilled_665,0
Listeria seeligeri_gapfilled_306,0
Listeria seeligeri_gapfilled_54,0
Listeria seeligeri_gapfilled_188,1
Listeria seeligeri_gapfilled_554,1
Listeria seeligeri_gapfilled_949,1
Listeria seeligeri_gapfilled_148,1
Listeria seeligeri_gapfilled_1,0
Listeria seeligeri_gapfilled_253,0
Listeria seeligeri_gapfilled_204,1
Listeria seeligeri_gapfilled_393,0
Listeria seeligeri_gapfilled_401,1
Listeria seeligeri_gapfilled_735,0
Listeria seeligeri_gapfilled_577,1
Listeria seeligeri_gapfilled_183,0
Listeria seeligeri_gapfilled_409,0
Listeria seeligeri_gapfilled_810,1
Listeria seeligeri_gapfilled_68,0
Listeria seeligeri_gapfilled_797,0
Listeria seeligeri_gapfilled_86,1
Listeria seeligeri_gapfilled_833,1
Listeria seeligeri_gapfilled_828,1
Listeria seeligeri_gapfilled_552,0
Listeria seeligeri_gapfilled_807,0
Listeria seeligeri_gapfilled_324,1
Listeria seeligeri_gapfilled_847,0
Listeria seeligeri_gapfilled_991,0
Listeria seeligeri_gapfilled_882,0
Listeria seeligeri_gapfilled_314,1
Listeria seeligeri_gapfilled_685,0
Listeria seeligeri_gapfilled_817,1
Listeria seeligeri_gapfilled_560,1
Listeria seeligeri_gapfilled_78,0
Listeria seeligeri_gapfilled_424,0
Listeria seeligeri_gapfilled_451,1
Listeria seeligeri_gapfilled_162,0
Listeria seeligeri_gapfilled_576,1
Listeria seeligeri_gapfilled_43,0
Listeria seeligeri_gapfilled_796,0
Listeria seeligeri_gapfilled_657,1
Listeria seeligeri_gapfilled_736,0
Listeria seeligeri_gapfilled_75,0
Listeria seeligeri_gapfilled_667,0
Listeria seeligeri_gapfilled_813,1
Listeria seeligeri_gapfilled_465,1
Listeria seeligeri_gapfilled_689,0
Listeria seeligeri_gapfilled_998,1
Listeria seeligeri_gapfilled_782,0
Listeria seeligeri_gapfilled_539,0
Listeria seeligeri_gapfilled_872,0
Listeria seeligeri_gapfilled_937,0
Listeria seeligeri_gapfilled_644,0
Listeria seeligeri_gapfilled_49,0
Listeria seeligeri_gapfilled_536,1
Listeria seeligeri_gapfilled_287,0
Listeria seeligeri_gapfilled_494,1
Listeria seeligeri_gapfilled_578,1
Listeria seeligeri_gapfilled_962,0
Listeria seeligeri_gapfilled_744,0
Listeria seeligeri_gapfilled_143,0
Listeria seeligeri_gapfilled_932,1
Listeria seeligeri_gapfilled_504,1
Listeria seeligeri_gapfilled_638,0
Listeria seeligeri_gapfilled_70,0
Listeria seeligeri_gapfilled_137,1
Listeria seeligeri_gapfilled_492,1
Listeria seeligeri_gapfilled_661,1
Listeria seeligeri_gapfilled_474,1
Listeria seeligeri_gapfilled_830,0
Listeria seeligeri_gapfilled_479,0
Listeria seeligeri_gapfilled_341,1
Listeria seeligeri_gapfilled_565,1
Listeria seeligeri_gapfilled_79,0
Listeria seeligeri_gapfilled_45,0
Listeria seeligeri_gapfilled_800,1
Listeria seeligeri_gapfilled_537,1
Listeria seeligeri_gapfilled_573,0
Listeria seeligeri_gapfilled_966,0
Listeria seeligeri_gapfilled_334,1
Listeria seeligeri_gapfilled_195,0
Listeria seeligeri_gapfilled_414,0
Listeria seeligeri_gapfilled_881,1
Listeria seeligeri_gapfilled_601,1
Listeria seeligeri_gapfilled_138,0
Listeria seeligeri_gapfilled_38,1
Listeria seeligeri_gapfilled_748,0
Listeria seeligeri_gapfilled_653,1
Listeria seeligeri_gapfilled_814,0
Listeria seeligeri_gapfilled_846,0
Listeria seeligeri_gapfilled_438,0
Listeria seeligeri_gapfilled_238,0
Listeria seeligeri_gapfilled_461,1
Listeria seeligeri_gapfilled_721,0
Listeria seeligeri_gapfilled_131,0
Listeria seeligeri_gapfilled_712,0
Listeria seeligeri_gapfilled_737,0
Listeria seeligeri_gapfilled_905,0
Listeria seeligeri_gapfilled_973,0
Listeria seeligeri_gapfilled_453,1
Listeria seeligeri_gapfilled_403,1
Listeria seeligeri_gapfilled_363,0
Listeria seeligeri_gapfilled_230,0
Listeria seeligeri_gapfilled_497,1
Listeria seeligeri_gapfilled_117,1
Listeria seeligeri_gapfilled_428,0
Listeria seeligeri_gapfilled_908,0
Listeria seeligeri_gapfilled_589,0
Listeria seeligeri_gapfilled_729,0
Listeria seeligeri_gapfilled_458,1
Listeria seeligeri_gapfilled_326,0
Listeria seeligeri_gapfilled_994,0
Listeria seeligeri_gapfilled_258,1
Listeria seeligeri_gapfilled_523,1
Listeria seeligeri_gapfilled_289,0
Listeria seeligeri_gapfilled_696,0
Listeria seeligeri_gapfilled_97,1
Listeria seeligeri_gapfilled_280,1
Listeria seeligeri_gapfilled_929,0
Listeria seeligeri_gapfilled_668,0
Listeria seeligeri_gapfilled_201,0
Listeria seeligeri_gapfilled_532,1
Listeria seeligeri_gapfilled_489,1
Listeria seeligeri_gapfilled_449,1
Listeria seeligeri_gapfilled_101,0
Listeria seeligeri_gapfilled_485,0
Listeria seeligeri_gapfilled_481,0
Listeria seeligeri_gapfilled_467,1
Listeria seeligeri_gapfilled_447,1
Listeria seeligeri_gapfilled_72,0
Listeria seeligeri_gapfilled_90,1
Listeria seeligeri_gapfilled_562,0
Listeria seeligeri_gapfilled_271,0
Listeria seeligeri_gapfilled_521,1
Listeria seeligeri_gapfilled_52,0
Listeria seeligeri_gapfilled_331,1
Listeria seeligeri_gapfilled_726,0
Listeria seeligeri_gapfilled_157,0
Listeria seeligeri_gapfilled_213,0
Listeria seeligeri_gapfilled_73,0
Listeria seeligeri_gapfilled_822,1
Listeria seeligeri_gapfilled_339,0
Listeria seeligeri_gapfilled_304,0
Listeria seeligeri_gapfilled_746,1
Listeria seeligeri_gapfilled_988,1
Listeria seeligeri_gapfilled_112,0
Listeria seeligeri_gapfilled_354,0
Listeria seeligeri_gapfilled_838,1
Listeria seeligeri_gapfilled_544,0
Listeria seeligeri_gapfilled_996,1
Listeria seeligeri_gapfilled_793,1
Listeria seeligeri_gapfilled_642,0
Listeria seeligeri_gapfilled_862,0
Listeria seeligeri_gapfilled_5,0
Listeria seeligeri_gapfilled_382,1
Listeria seeligeri_gapfilled_310,0
Listeria seeligeri_gapfilled_24,0
Listeria seeligeri_gapfilled_616,1
Listeria seeligeri_gapfilled_904,0
Listeria seeligeri_gapfilled_850,0
Listeria seeligeri_gapfilled_71,1
Listeria seeligeri_gapfilled_429,1
Listeria seeligeri_gapfilled_359,1
Listeria seeligeri_gapfilled_524,1
Listeria seeligeri_gapfilled_427,0
Listeria seeligeri_gapfilled_63,0
Listeria seeligeri_gapfilled_974,1
Listeria seeligeri_gapfilled_272,0
Listeria seeligeri_gapfilled_628,1
Listeria seeligeri_gapfilled_168,1
Listeria seeligeri_gapfilled_194,1
Listeria seeligeri_gapfilled_708,0
Listeria seeligeri_gapfilled_254,1
Listeria seeligeri_gapfilled_478,0
Listeria seeligeri_gapfilled_344,0
Listeria seeligeri_gapfilled_669,0
Listeria seeligeri_gapfilled_471,0
Listeria seeligeri_gapfilled_321,0
Listeria seeligeri_gapfilled_710,0
Listeria seeligeri_gapfilled_106,0
Listeria seeligeri_gapfilled_924,0
Listeria seeligeri_gapfilled_499,1
Listeria seeligeri_gapfilled_741,1
Listeria seeligeri_gapfilled_399,1
Listeria seeligeri_gapfilled_579,1
Listeria seeligeri_gapfilled_648,0
Listeria seeligeri_gapfilled_875,0
Listeria seeligeri_gapfilled_854,1
Listeria seeligeri_gapfilled_864,0
Listeria seeligeri_gapfilled_214,0
Listeria seeligeri_gapfilled_802,0
Listeria seeligeri_gapfilled_394,1
Listeria seeligeri_gapfilled_208,1
Listeria seeligeri_gapfilled_437,1
Listeria seeligeri_gapfilled_790,0
Listeria seeligeri_gapfilled_874,0
Listeria seeligeri_gapfilled_633,0
Listeria seeligeri_gapfilled_662,1
Listeria seeligeri_gapfilled_706,1
Listeria seeligeri_gapfilled_823,0
Listeria seeligeri_gapfilled_315,0
Listeria seeligeri_gapfilled_212,0
Listeria seeligeri_gapfilled_313,0
Listeria seeligeri_gapfilled_902,0
Listeria seeligeri_gapfilled_829,1
Listeria seeligeri_gapfilled_533,0
Listeria seeligeri_gapfilled_968,0
Listeria seeligeri_gapfilled_20,0
Listeria seeligeri_gapfilled_30,1
Listeria seeligeri_gapfilled_941,1
Listeria seeligeri_gapfilled_993,0
Listeria seeligeri_gapfilled_942,0
Listeria seeligeri_gapfilled_757,1
Listeria seeligeri_gapfilled_145,0
Listeria seeligeri_gapfilled_181,0
Listeria seeligeri_gapfilled_791,0
Listeria seeligeri_gapfilled_67,0
Listeria seeligeri_gapfilled_592,0
Listeria seeligeri_gapfilled_675,0
Listeria seeligeri_gapfilled_546,1
Listeria seeligeri_gapfilled_758,0
Listeria seeligeri_gapfilled_252,0
Listeria seeligeri_gapfilled_184,1
Listeria seeligeri_gapfilled_695,0
Listeria seeligeri_gapfilled_805,0
Listeria seeligeri_gapfilled_126,1
Listeria seeligeri_gapfilled_122,1
Listeria seeligeri_gapfilled_95,1
Listeria seeligeri_gapfilled_928,0
Listeria seeligeri_gapfilled_22,0
Listeria seeligeri_gapfilled_625,1
Listeria seeligeri_gapfilled_237,0
Listeria seeligeri_gapfilled_972,0
Listeria seeligeri_gapfilled_798,0
Listeria seeligeri_gapfilled_678,1
Listeria seeligeri_gapfilled_141,0
Listeria seeligeri_gapfilled_659,1
Listeria seeligeri_gapfilled_413,0
Listeria seeligeri_gapfilled_172,1
Listeria seeligeri_gapfilled_545,0
Listeria seeligeri_gapfilled_984,1
Listeria seeligeri_gapfilled_104,0
Listeria seeligeri_gapfilled_555,0
Listeria seeligeri_gapfilled_435,0
Listeria seeligeri_gapfilled_442,1
Listeria seeligeri_gapfilled_443,0
Listeria seeligeri_gapfilled_312,1
Listeria seeligeri_gapfilled_463,1
Listeria seeligeri_gapfilled_753,1
Listeria seeligeri_gapfilled_225,0
Listeria seeligeri_gapfilled_506,1
Listeria seeligeri_gapfilled_926,0
Listeria seeligeri_gapfilled_930,1
Listeria seeligeri_gapfilled_605,0
Listeria seeligeri_gapfilled_124,1
Listeria seeligeri_gapfilled_666,1
Listeria seeligeri_gapfilled_670,0
Listeria seeligeri_gapfilled_482,0
Listeria seeligeri_gapfilled_777,0
Listeria seeligeri_gapfilled_724,0
Listeria seeligeri_gapfilled_0,0
Listeria seeligeri_gapfilled_94,0
Listeria seeligeri_gapfilled_955,0
Listeria seeligeri_gapfilled_965,0
Listeria seeligeri_gapfilled_775,1
Listeria seeligeri_gapfilled_714,0
Listeria seeligeri_gapfilled_534,1
Listeria seeligeri_gapfilled_444,0
Listeria seeligeri_gapfilled_347,1
Listeria seeligeri_gapfilled_727,1
Listeria seeligeri_gapfilled_804,1
Listeria seeligeri_gapfilled_7,1
Listeria seeligeri_gapfilled_319,1
Listeria seeligeri_gapfilled_425,0
Listeria seeligeri_gapfilled_824,1
Listeria seeligeri_gapfilled_337,1
Listeria seeligeri_gapfilled_815,1
Listeria seeligeri_gapfilled_567,1
Listeria seeligeri_gapfilled_834,0
Listeria seeligeri_gapfilled_350,0
Listeria seeligeri_gapfilled_703,0
Listeria seeligeri_gapfilled_651,0
Listeria seeligeri_gapfilled_898,1
Listeria seeligeri_gapfilled_197,0
Listeria seeligeri_gapfilled_342,1
Listeria seeligeri_gapfilled_621,0
Listeria seeligeri_gapfilled_593,1
Listeria seeligeri_gapfilled_569,0
Listeria seeligeri_gapfilled_591,0
Listeria seeligeri_gapfilled_808,0
Listeria seeligeri_gapfilled_311,0
Listeria seeligeri_gapfilled_620,1
Listeria seeligeri_gapfilled_105,1
Listeria seeligeri_gapfilled_920,0
Listeria seeligeri_gapfilled_702,0
Listeria seeligeri_gapfilled_83,1
Listeria seeligeri_gapfilled_730,0
Listeria seeligeri_gapfilled_191,1
Listeria seeligeri_gapfilled_129,0
Listeria seeligeri_gapfilled_630,1
Listeria seeligeri_gapfilled_512,0
Listeria seeligeri_gapfilled_951,0
Listeria seeligeri_gapfilled_704,0
Listeria seeligeri_gapfilled_985,1
Listeria seeligeri_gapfilled_17,0
Listeria seeligeri_gapfilled_477,1
Listeria seeligeri_gapfilled_840,1
Listeria seeligeri_gapfilled_778,1
Listeria seeligeri_gapfilled_309,1
Listeria seeligeri_gapfilled_934,1
Listeria seeligeri_gapfilled_329,0
Listeria seeligeri_gapfilled_639,0
Listeria seeligeri_gapfilled_174,0
Listeria seeligeri_gapfilled_190,0
Listeria seeligeri_gapfilled_3,0
Listeria seeligeri_gapfilled_580,1
Listeria seeligeri_gapfilled_380,1
Listeria seeligeri_gapfilled_957,0
Listeria seeligeri_gapfilled_256,1
Listeria seeligeri_gapfilled_44,1
Listeria seeligeri_gapfilled_742,1
Listeria seeligeri_gapfilled_472,0
Listeria seeligeri_gapfilled_520,1
Listeria seeligeri_gapfilled_402,1
Listeria seeligeri_gapfilled_357,0
Listeria seeligeri_gapfilled_967,0
Listeria seeligeri_gapfilled_602,0
Listeria seeligeri_gapfilled_550,0
Listeria seeligeri_gapfilled_417,0
Listeria seeligeri_gapfilled_178,0
Listeria seeligeri_gapfilled_270,1
Listeria seeligeri_gapfilled_752,0
Listeria seeligeri_gapfilled_563,0
Listeria seeligeri_gapfilled_206,1
Listeria seeligeri_gapfilled_792,1
Listeria seeligeri_gapfilled_677,0
Listeria seeligeri_gapfilled_690,0
Listeria seeligeri_gapfilled_217,0
Listeria seeligeri_gapfilled_491,0
