Pseudomonas stutzeri_gapfilled_873,1
Pseudomonas stutzeri_gapfilled_748,1
Pseudomonas stutzeri_gapfilled_970,1
Pseudomonas stutzeri_gapfilled_806,1
Pseudomonas stutzeri_gapfilled_980,1
Pseudomonas stutzeri_gapfilled_298,1
Pseudomonas stutzeri_gapfilled_867,1
Pseudomonas stutzeri_gapfilled_315,1
Pseudomonas stutzeri_gapfilled_839,1
Pseudomonas stutzeri_gapfilled_154,1
Pseudomonas stutzeri_gapfilled_361,1
Pseudomonas stutzeri_gapfilled_833,1
Pseudomonas stutzeri_gapfilled_230,0
Pseudomonas stutzeri_gapfilled_646,1
Pseudomonas stutzeri_gapfilled_846,1
Pseudomonas stutzeri_gapfilled_329,1
Pseudomonas stutzeri_gapfilled_320,1
Pseudomonas stutzeri_gapfilled_874,1
Pseudomonas stutzeri_gapfilled_90,1
Pseudomonas stutzeri_gapfilled_649,1
Pseudomonas stutzeri_gapfilled_635,1
Pseudomonas stutzeri_gapfilled_515,1
Pseudomonas stutzeri_gapfilled_9,1
Pseudomonas stutzeri_gapfilled_262,1
Pseudomonas stutzeri_gapfilled_757,1
Pseudomonas stutzeri_gapfilled_477,1
Pseudomonas stutzeri_gapfilled_724,1
Pseudomonas stutzeri_gapfilled_335,1
Pseudomonas stutzeri_gapfilled_194,1
Pseudomonas stutzeri_gapfilled_93,1
Pseudomonas stutzeri_gapfilled_21,1
Pseudomonas stutzeri_gapfilled_615,1
Pseudomonas stutzeri_gapfilled_380,1
Pseudomonas stutzeri_gapfilled_170,1
Pseudomonas stutzeri_gapfilled_618,1
Pseudomonas stutzeri_gapfilled_950,1
Pseudomonas stutzeri_gapfilled_104,0
Pseudomonas stutzeri_gapfilled_935,1
Pseudomonas stutzeri_gapfilled_721,1
Pseudomonas stutzeri_gapfilled_280,1
Pseudomonas stutzeri_gapfilled_173,0
Pseudomonas stutzeri_gapfilled_667,1
Pseudomonas stutzeri_gapfilled_895,1
Pseudomonas stutzeri_gapfilled_416,1
Pseudomonas stutzeri_gapfilled_86,1
Pseudomonas stutzeri_gapfilled_283,1
Pseudomonas stutzeri_gapfilled_227,1
Pseudomonas stutzeri_gapfilled_457,1
Pseudomonas stutzeri_gapfilled_196,1
Pseudomonas stutzeri_gapfilled_442,1
Pseudomonas stutzeri_gapfilled_268,1
Pseudomonas stutzeri_gapfilled_799,1
Pseudomonas stutzeri_gapfilled_187,1
Pseudomonas stutzeri_gapfilled_453,1
Pseudomonas stutzeri_gapfilled_564,1
Pseudomonas stutzeri_gapfilled_930,1
Pseudomonas stutzeri_gapfilled_619,1
Pseudomonas stutzeri_gapfilled_299,1
Pseudomonas stutzeri_gapfilled_136,1
Pseudomonas stutzeri_gapfilled_480,1
Pseudomonas stutzeri_gapfilled_83,1
Pseudomonas stutzeri_gapfilled_917,1
Pseudomonas stutzeri_gapfilled_391,1
Pseudomonas stutzeri_gapfilled_704,1
Pseudomonas stutzeri_gapfilled_541,1
Pseudomonas stutzeri_gapfilled_673,1
Pseudomonas stutzeri_gapfilled_990,1
Pseudomonas stutzeri_gapfilled_192,1
Pseudomonas stutzeri_gapfilled_323,0
Pseudomonas stutzeri_gapfilled_488,1
Pseudomonas stutzeri_gapfilled_63,1
Pseudomonas stutzeri_gapfilled_597,1
Pseudomonas stutzeri_gapfilled_928,0
Pseudomonas stutzeri_gapfilled_301,1
Pseudomonas stutzeri_gapfilled_193,0
Pseudomonas stutzeri_gapfilled_562,0
Pseudomonas stutzeri_gapfilled_808,1
Pseudomonas stutzeri_gapfilled_534,1
Pseudomonas stutzeri_gapfilled_786,1
Pseudomonas stutzeri_gapfilled_855,1
Pseudomonas stutzeri_gapfilled_842,1
Pseudomonas stutzeri_gapfilled_627,1
Pseudomonas stutzeri_gapfilled_226,1
Pseudomonas stutzeri_gapfilled_362,1
Pseudomonas stutzeri_gapfilled_356,1
Pseudomonas stutzeri_gapfilled_215,1
Pseudomonas stutzeri_gapfilled_640,0
Pseudomonas stutzeri_gapfilled_815,1
Pseudomonas stutzeri_gapfilled_856,1
Pseudomonas stutzeri_gapfilled_466,1
Pseudomonas stutzeri_gapfilled_225,1
Pseudomonas stutzeri_gapfilled_773,1
Pseudomonas stutzeri_gapfilled_918,1
Pseudomonas stutzeri_gapfilled_185,1
Pseudomonas stutzeri_gapfilled_218,1
Pseudomonas stutzeri_gapfilled_620,1
Pseudomonas stutzeri_gapfilled_671,1
Pseudomonas stutzeri_gapfilled_400,1
Pseudomonas stutzeri_gapfilled_697,1
Pseudomonas stutzeri_gapfilled_370,1
Pseudomonas stutzeri_gapfilled_48,1
Pseudomonas stutzeri_gapfilled_291,1
Pseudomonas stutzeri_gapfilled_981,1
Pseudomonas stutzeri_gapfilled_155,1
Pseudomonas stutzeri_gapfilled_169,1
Pseudomonas stutzeri_gapfilled_250,1
Pseudomonas stutzeri_gapfilled_444,1
Pseudomonas stutzeri_gapfilled_55,1
Pseudomonas stutzeri_gapfilled_439,0
Pseudomonas stutzeri_gapfilled_406,0
Pseudomonas stutzeri_gapfilled_835,1
Pseudomonas stutzeri_gapfilled_426,1
Pseudomonas stutzeri_gapfilled_189,1
Pseudomonas stutzeri_gapfilled_159,1
Pseudomonas stutzeri_gapfilled_472,1
Pseudomonas stutzeri_gapfilled_556,1
Pseudomonas stutzeri_gapfilled_347,1
Pseudomonas stutzeri_gapfilled_143,1
Pseudomonas stutzeri_gapfilled_344,1
Pseudomonas stutzeri_gapfilled_836,1
Pseudomonas stutzeri_gapfilled_631,1
Pseudomonas stutzeri_gapfilled_343,1
Pseudomonas stutzeri_gapfilled_47,1
Pseudomonas stutzeri_gapfilled_450,0
Pseudomonas stutzeri_gapfilled_941,1
Pseudomonas stutzeri_gapfilled_989,1
Pseudomonas stutzeri_gapfilled_502,0
Pseudomonas stutzeri_gapfilled_565,1
Pseudomonas stutzeri_gapfilled_146,1
Pseudomonas stutzeri_gapfilled_644,0
Pseudomonas stutzeri_gapfilled_927,1
Pseudomonas stutzeri_gapfilled_386,1
Pseudomonas stutzeri_gapfilled_121,1
Pseudomonas stutzeri_gapfilled_265,1
Pseudomonas stutzeri_gapfilled_3,1
Pseudomonas stutzeri_gapfilled_267,1
Pseudomonas stutzeri_gapfilled_220,1
Pseudomonas stutzeri_gapfilled_369,1
Pseudomonas stutzeri_gapfilled_290,1
Pseudomonas stutzeri_gapfilled_511,1
Pseudomonas stutzeri_gapfilled_523,1
Pseudomonas stutzeri_gapfilled_35,1
Pseudomonas stutzeri_gapfilled_703,1
Pseudomonas stutzeri_gapfilled_388,1
Pseudomonas stutzeri_gapfilled_906,0
Pseudomonas stutzeri_gapfilled_709,1
Pseudomonas stutzeri_gapfilled_489,1
Pseudomonas stutzeri_gapfilled_129,1
Pseudomonas stutzeri_gapfilled_166,1
Pseudomonas stutzeri_gapfilled_632,1
Pseudomonas stutzeri_gapfilled_281,1
Pseudomonas stutzeri_gapfilled_582,1
Pseudomonas stutzeri_gapfilled_759,1
Pseudomonas stutzeri_gapfilled_591,1
Pseudomonas stutzeri_gapfilled_995,1
Pseudomonas stutzeri_gapfilled_796,1
Pseudomonas stutzeri_gapfilled_751,0
Pseudomonas stutzeri_gapfilled_13,0
Pseudomonas stutzeri_gapfilled_367,1
Pseudomonas stutzeri_gapfilled_341,1
Pseudomonas stutzeri_gapfilled_749,1
Pseudomonas stutzeri_gapfilled_607,1
Pseudomonas stutzeri_gapfilled_844,1
Pseudomonas stutzeri_gapfilled_411,1
Pseudomonas stutzeri_gapfilled_251,1
Pseudomonas stutzeri_gapfilled_396,1
Pseudomonas stutzeri_gapfilled_750,1
Pseudomonas stutzeri_gapfilled_661,1
Pseudomonas stutzeri_gapfilled_289,1
Pseudomonas stutzeri_gapfilled_349,1
Pseudomonas stutzeri_gapfilled_769,1
Pseudomonas stutzeri_gapfilled_449,1
Pseudomonas stutzeri_gapfilled_601,1
Pseudomonas stutzeri_gapfilled_736,1
Pseudomonas stutzeri_gapfilled_66,1
Pseudomonas stutzeri_gapfilled_392,1
Pseudomonas stutzeri_gapfilled_814,1
Pseudomonas stutzeri_gapfilled_294,1
Pseudomonas stutzeri_gapfilled_789,1
Pseudomonas stutzeri_gapfilled_766,1
Pseudomonas stutzeri_gapfilled_39,1
Pseudomonas stutzeri_gapfilled_112,1
Pseudomonas stutzeri_gapfilled_758,1
Pseudomonas stutzeri_gapfilled_614,0
Pseudomonas stutzeri_gapfilled_316,1
Pseudomonas stutzeri_gapfilled_691,1
Pseudomonas stutzeri_gapfilled_233,1
Pseudomonas stutzeri_gapfilled_147,1
Pseudomonas stutzeri_gapfilled_740,1
Pseudomonas stutzeri_gapfilled_6,0
Pseudomonas stutzeri_gapfilled_532,0
Pseudomonas stutzeri_gapfilled_775,1
Pseudomonas stutzeri_gapfilled_986,0
Pseudomonas stutzeri_gapfilled_407,1
Pseudomonas stutzeri_gapfilled_351,1
Pseudomonas stutzeri_gapfilled_373,1
Pseudomonas stutzeri_gapfilled_907,1
Pseudomonas stutzeri_gapfilled_811,0
Pseudomonas stutzeri_gapfilled_435,1
Pseudomonas stutzeri_gapfilled_739,1
Pseudomonas stutzeri_gapfilled_395,1
Pseudomonas stutzeri_gapfilled_838,1
Pseudomonas stutzeri_gapfilled_735,0
Pseudomonas stutzeri_gapfilled_151,1
Pseudomonas stutzeri_gapfilled_747,1
Pseudomonas stutzeri_gapfilled_893,1
Pseudomonas stutzeri_gapfilled_106,1
Pseudomonas stutzeri_gapfilled_999,1
Pseudomonas stutzeri_gapfilled_830,1
Pseudomonas stutzeri_gapfilled_680,1
Pseudomonas stutzeri_gapfilled_526,1
Pseudomonas stutzeri_gapfilled_885,0
Pseudomonas stutzeri_gapfilled_305,1
Pseudomonas stutzeri_gapfilled_686,1
Pseudomonas stutzeri_gapfilled_688,1
Pseudomonas stutzeri_gapfilled_216,1
Pseudomonas stutzeri_gapfilled_44,1
Pseudomonas stutzeri_gapfilled_956,0
Pseudomonas stutzeri_gapfilled_605,1
Pseudomonas stutzeri_gapfilled_584,0
Pseudomonas stutzeri_gapfilled_89,1
Pseudomonas stutzeri_gapfilled_519,1
Pseudomonas stutzeri_gapfilled_234,0
Pseudomonas stutzeri_gapfilled_384,0
Pseudomonas stutzeri_gapfilled_76,1
Pseudomonas stutzeri_gapfilled_777,1
Pseudomonas stutzeri_gapfilled_58,1
Pseudomonas stutzeri_gapfilled_203,1
Pseudomonas stutzeri_gapfilled_862,1
Pseudomonas stutzeri_gapfilled_825,1
Pseudomonas stutzeri_gapfilled_942,1
Pseudomonas stutzeri_gapfilled_962,1
Pseudomonas stutzeri_gapfilled_794,1
Pseudomonas stutzeri_gapfilled_56,1
Pseudomonas stutzeri_gapfilled_924,1
Pseudomonas stutzeri_gapfilled_529,1
Pseudomonas stutzeri_gapfilled_920,1
Pseudomonas stutzeri_gapfilled_654,0
Pseudomonas stutzeri_gapfilled_522,1
Pseudomonas stutzeri_gapfilled_675,1
Pseudomonas stutzeri_gapfilled_508,1
Pseudomonas stutzeri_gapfilled_172,1
Pseudomonas stutzeri_gapfilled_527,1
Pseudomonas stutzeri_gapfilled_797,1
Pseudomonas stutzeri_gapfilled_946,0
Pseudomonas stutzeri_gapfilled_82,1
Pseudomonas stutzeri_gapfilled_774,0
Pseudomonas stutzeri_gapfilled_877,1
Pseudomonas stutzeri_gapfilled_101,0
Pseudomonas stutzeri_gapfilled_43,1
Pseudomonas stutzeri_gapfilled_521,1
Pseudomonas stutzeri_gapfilled_360,1
Pseudomonas stutzeri_gapfilled_126,1
Pseudomonas stutzeri_gapfilled_244,1
Pseudomonas stutzeri_gapfilled_581,1
Pseudomonas stutzeri_gapfilled_666,1
Pseudomonas stutzeri_gapfilled_638,1
Pseudomonas stutzeri_gapfilled_448,0
Pseudomonas stutzeri_gapfilled_850,1
Pseudomonas stutzeri_gapfilled_161,0
Pseudomonas stutzeri_gapfilled_492,1
Pseudomonas stutzeri_gapfilled_732,1
Pseudomonas stutzeri_gapfilled_807,1
Pseudomonas stutzeri_gapfilled_506,1
Pseudomonas stutzeri_gapfilled_69,1
Pseudomonas stutzeri_gapfilled_670,1
Pseudomonas stutzeri_gapfilled_969,1
Pseudomonas stutzeri_gapfilled_931,1
Pseudomonas stutzeri_gapfilled_629,1
Pseudomonas stutzeri_gapfilled_662,1
Pseudomonas stutzeri_gapfilled_837,1
Pseudomonas stutzeri_gapfilled_139,1
Pseudomonas stutzeri_gapfilled_755,1
Pseudomonas stutzeri_gapfilled_2,1
Pseudomonas stutzeri_gapfilled_765,1
Pseudomonas stutzeri_gapfilled_285,1
Pseudomonas stutzeri_gapfilled_574,1
Pseudomonas stutzeri_gapfilled_332,1
Pseudomonas stutzeri_gapfilled_871,1
Pseudomonas stutzeri_gapfilled_894,1
Pseudomonas stutzeri_gapfilled_31,1
Pseudomonas stutzeri_gapfilled_983,1
Pseudomonas stutzeri_gapfilled_405,1
Pseudomonas stutzeri_gapfilled_456,1
Pseudomonas stutzeri_gapfilled_328,1
Pseudomonas stutzeri_gapfilled_955,1
Pseudomonas stutzeri_gapfilled_964,1
Pseudomonas stutzeri_gapfilled_99,1
Pseudomonas stutzeri_gapfilled_222,0
Pseudomonas stutzeri_gapfilled_258,1
Pseudomonas stutzeri_gapfilled_568,1
Pseudomonas stutzeri_gapfilled_40,1
Pseudomonas stutzeri_gapfilled_575,1
Pseudomonas stutzeri_gapfilled_772,1
Pseudomonas stutzeri_gapfilled_791,1
Pseudomonas stutzeri_gapfilled_429,1
Pseudomonas stutzeri_gapfilled_317,0
Pseudomonas stutzeri_gapfilled_958,1
Pseudomonas stutzeri_gapfilled_976,1
Pseudomonas stutzeri_gapfilled_158,0
Pseudomonas stutzeri_gapfilled_94,1
Pseudomonas stutzeri_gapfilled_478,1
Pseudomonas stutzeri_gapfilled_354,1
Pseudomonas stutzeri_gapfilled_318,1
Pseudomonas stutzeri_gapfilled_484,1
Pseudomonas stutzeri_gapfilled_455,1
Pseudomonas stutzeri_gapfilled_255,1
Pseudomonas stutzeri_gapfilled_113,1
Pseudomonas stutzeri_gapfilled_245,1
Pseudomonas stutzeri_gapfilled_804,1
Pseudomonas stutzeri_gapfilled_231,1
Pseudomonas stutzeri_gapfilled_939,1
Pseudomonas stutzeri_gapfilled_722,1
Pseudomonas stutzeri_gapfilled_826,1
Pseudomonas stutzeri_gapfilled_764,1
Pseudomonas stutzeri_gapfilled_152,1
Pseudomonas stutzeri_gapfilled_375,1
Pseudomonas stutzeri_gapfilled_252,1
Pseudomonas stutzeri_gapfilled_254,1
Pseudomonas stutzeri_gapfilled_363,1
Pseudomonas stutzeri_gapfilled_452,1
Pseudomonas stutzeri_gapfilled_28,1
Pseudomonas stutzeri_gapfilled_589,1
Pseudomonas stutzeri_gapfilled_397,1
Pseudomonas stutzeri_gapfilled_651,1
Pseudomonas stutzeri_gapfilled_866,1
Pseudomonas stutzeri_gapfilled_292,1
Pseudomonas stutzeri_gapfilled_733,1
Pseudomonas stutzeri_gapfilled_648,1
Pseudomonas stutzeri_gapfilled_569,1
Pseudomonas stutzeri_gapfilled_41,1
Pseudomonas stutzeri_gapfilled_27,1
Pseudomonas stutzeri_gapfilled_75,1
Pseudomonas stutzeri_gapfilled_307,1
Pseudomonas stutzeri_gapfilled_59,1
Pseudomonas stutzeri_gapfilled_951,1
Pseudomonas stutzeri_gapfilled_346,1
Pseudomonas stutzeri_gapfilled_630,1
Pseudomonas stutzeri_gapfilled_914,1
Pseudomonas stutzeri_gapfilled_530,1
Pseudomonas stutzeri_gapfilled_681,1
Pseudomonas stutzeri_gapfilled_74,1
Pseudomonas stutzeri_gapfilled_462,1
Pseudomonas stutzeri_gapfilled_993,0
Pseudomonas stutzeri_gapfilled_497,1
Pseudomonas stutzeri_gapfilled_609,0
Pseudomonas stutzeri_gapfilled_297,0
Pseudomonas stutzeri_gapfilled_841,1
Pseudomonas stutzeri_gapfilled_965,1
Pseudomonas stutzeri_gapfilled_975,1
Pseudomonas stutzeri_gapfilled_752,1
Pseudomonas stutzeri_gapfilled_145,1
Pseudomonas stutzeri_gapfilled_843,1
Pseudomonas stutzeri_gapfilled_434,1
Pseudomonas stutzeri_gapfilled_358,1
Pseudomonas stutzeri_gapfilled_228,1
Pseudomonas stutzeri_gapfilled_518,1
Pseudomonas stutzeri_gapfilled_762,1
Pseudomonas stutzeri_gapfilled_714,1
Pseudomonas stutzeri_gapfilled_165,0
Pseudomonas stutzeri_gapfilled_548,1
Pseudomonas stutzeri_gapfilled_377,1
Pseudomonas stutzeri_gapfilled_337,1
Pseudomonas stutzeri_gapfilled_50,1
Pseudomonas stutzeri_gapfilled_516,1
Pseudomonas stutzeri_gapfilled_293,1
Pseudomonas stutzeri_gapfilled_471,1
Pseudomonas stutzeri_gapfilled_432,1
Pseudomonas stutzeri_gapfilled_728,1
Pseudomonas stutzeri_gapfilled_599,1
Pseudomonas stutzeri_gapfilled_242,0
Pseudomonas stutzeri_gapfilled_394,1
Pseudomonas stutzeri_gapfilled_987,1
Pseudomonas stutzeri_gapfilled_816,1
Pseudomonas stutzeri_gapfilled_690,1
Pseudomonas stutzeri_gapfilled_621,0
Pseudomonas stutzeri_gapfilled_550,1
Pseudomonas stutzeri_gapfilled_350,1
Pseudomonas stutzeri_gapfilled_857,0
Pseudomonas stutzeri_gapfilled_23,0
Pseudomonas stutzeri_gapfilled_798,1
Pseudomonas stutzeri_gapfilled_705,1
Pseudomonas stutzeri_gapfilled_971,1
Pseudomonas stutzeri_gapfilled_672,1
Pseudomonas stutzeri_gapfilled_22,1
Pseudomonas stutzeri_gapfilled_423,1
Pseudomonas stutzeri_gapfilled_909,1
Pseudomonas stutzeri_gapfilled_883,1
Pseudomonas stutzeri_gapfilled_507,1
Pseudomonas stutzeri_gapfilled_253,1
Pseudomonas stutzeri_gapfilled_24,1
Pseudomonas stutzeri_gapfilled_445,0
Pseudomonas stutzeri_gapfilled_934,1
Pseudomonas stutzeri_gapfilled_729,1
Pseudomonas stutzeri_gapfilled_336,0
Pseudomonas stutzeri_gapfilled_622,1
Pseudomonas stutzeri_gapfilled_676,1
Pseudomonas stutzeri_gapfilled_887,0
Pseudomonas stutzeri_gapfilled_483,1
Pseudomonas stutzeri_gapfilled_257,0
Pseudomonas stutzeri_gapfilled_345,1
Pseudomonas stutzeri_gapfilled_404,1
Pseudomonas stutzeri_gapfilled_249,0
Pseudomonas stutzeri_gapfilled_801,1
Pseudomonas stutzeri_gapfilled_490,1
Pseudomonas stutzeri_gapfilled_713,1
Pseudomonas stutzeri_gapfilled_819,1
Pseudomonas stutzeri_gapfilled_583,1
Pseudomonas stutzeri_gapfilled_742,1
Pseudomonas stutzeri_gapfilled_211,0
Pseudomonas stutzeri_gapfilled_921,1
Pseudomonas stutzeri_gapfilled_271,1
Pseudomonas stutzeri_gapfilled_623,1
Pseudomonas stutzeri_gapfilled_427,1
Pseudomonas stutzeri_gapfilled_509,1
Pseudomonas stutzeri_gapfilled_425,1
Pseudomonas stutzeri_gapfilled_235,0
Pseudomonas stutzeri_gapfilled_309,1
Pseudomonas stutzeri_gapfilled_520,1
Pseudomonas stutzeri_gapfilled_525,1
Pseudomonas stutzeri_gapfilled_979,1
Pseudomonas stutzeri_gapfilled_880,0
Pseudomonas stutzeri_gapfilled_641,0
Pseudomonas stutzeri_gapfilled_650,1
Pseudomonas stutzeri_gapfilled_558,1
Pseudomonas stutzeri_gapfilled_221,0
Pseudomonas stutzeri_gapfilled_454,1
Pseudomonas stutzeri_gapfilled_270,0
Pseudomonas stutzeri_gapfilled_897,1
Pseudomonas stutzeri_gapfilled_30,1
Pseudomonas stutzeri_gapfilled_325,1
Pseudomonas stutzeri_gapfilled_812,0
Pseudomonas stutzeri_gapfilled_900,1
Pseudomonas stutzeri_gapfilled_273,1
Pseudomonas stutzeri_gapfilled_683,1
Pseudomonas stutzeri_gapfilled_658,1
Pseudomonas stutzeri_gapfilled_852,1
Pseudomonas stutzeri_gapfilled_829,0
Pseudomonas stutzeri_gapfilled_655,0
Pseudomonas stutzeri_gapfilled_114,1
Pseudomonas stutzeri_gapfilled_994,1
Pseudomonas stutzeri_gapfilled_715,1
Pseudomonas stutzeri_gapfilled_279,1
Pseudomonas stutzeri_gapfilled_647,1
Pseudomonas stutzeri_gapfilled_474,1
Pseudomonas stutzeri_gapfilled_148,1
Pseudomonas stutzeri_gapfilled_832,1
Pseudomonas stutzeri_gapfilled_7,1
Pseudomonas stutzeri_gapfilled_911,1
Pseudomonas stutzeri_gapfilled_306,1
Pseudomonas stutzeri_gapfilled_903,1
Pseudomonas stutzeri_gapfilled_60,1
Pseudomonas stutzeri_gapfilled_37,1
Pseudomonas stutzeri_gapfilled_726,1
Pseudomonas stutzeri_gapfilled_122,0
Pseudomonas stutzeri_gapfilled_256,1
Pseudomonas stutzeri_gapfilled_97,0
Pseudomonas stutzeri_gapfilled_263,1
Pseudomonas stutzeri_gapfilled_138,1
Pseudomonas stutzeri_gapfilled_707,1
Pseudomonas stutzeri_gapfilled_818,1
Pseudomonas stutzeri_gapfilled_868,1
Pseudomonas stutzeri_gapfilled_710,1
Pseudomonas stutzeri_gapfilled_972,1
Pseudomonas stutzeri_gapfilled_689,1
Pseudomonas stutzeri_gapfilled_528,1
Pseudomonas stutzeri_gapfilled_34,1
Pseudomonas stutzeri_gapfilled_563,1
Pseudomonas stutzeri_gapfilled_210,1
Pseudomonas stutzeri_gapfilled_603,1
Pseudomonas stutzeri_gapfilled_200,0
Pseudomonas stutzeri_gapfilled_727,1
Pseudomonas stutzeri_gapfilled_966,1
Pseudomonas stutzeri_gapfilled_716,1
Pseudomonas stutzeri_gapfilled_111,1
Pseudomonas stutzeri_gapfilled_514,1
Pseudomonas stutzeri_gapfilled_679,1
Pseudomonas stutzeri_gapfilled_87,1
Pseudomonas stutzeri_gapfilled_901,1
Pseudomonas stutzeri_gapfilled_473,1
Pseudomonas stutzeri_gapfilled_547,1
Pseudomonas stutzeri_gapfilled_420,1
Pseudomonas stutzeri_gapfilled_460,1
Pseudomonas stutzeri_gapfilled_888,1
Pseudomonas stutzeri_gapfilled_321,1
Pseudomonas stutzeri_gapfilled_387,1
Pseudomonas stutzeri_gapfilled_167,1
Pseudomonas stutzeri_gapfilled_782,0
Pseudomonas stutzeri_gapfilled_557,1
Pseudomonas stutzeri_gapfilled_366,0
Pseudomonas stutzeri_gapfilled_754,1
Pseudomonas stutzeri_gapfilled_202,1
Pseudomonas stutzeri_gapfilled_720,1
Pseudomonas stutzeri_gapfilled_277,0
Pseudomonas stutzeri_gapfilled_559,1
Pseudomonas stutzeri_gapfilled_236,1
Pseudomonas stutzeri_gapfilled_105,1
Pseudomonas stutzeri_gapfilled_940,1
Pseudomonas stutzeri_gapfilled_195,1
Pseudomonas stutzeri_gapfilled_996,1
Pseudomonas stutzeri_gapfilled_685,1
Pseudomonas stutzeri_gapfilled_608,1
Pseudomonas stutzeri_gapfilled_447,1
Pseudomonas stutzeri_gapfilled_778,1
Pseudomonas stutzeri_gapfilled_760,1
Pseudomonas stutzeri_gapfilled_977,1
Pseudomonas stutzeri_gapfilled_365,1
Pseudomonas stutzeri_gapfilled_133,1
Pseudomonas stutzeri_gapfilled_653,1
Pseudomonas stutzeri_gapfilled_639,1
Pseudomonas stutzeri_gapfilled_359,1
Pseudomonas stutzeri_gapfilled_687,1
Pseudomonas stutzeri_gapfilled_5,1
Pseudomonas stutzeri_gapfilled_188,1
Pseudomonas stutzeri_gapfilled_694,1
Pseudomonas stutzeri_gapfilled_153,1
Pseudomonas stutzeri_gapfilled_875,1
Pseudomonas stutzeri_gapfilled_974,0
Pseudomonas stutzeri_gapfilled_861,0
Pseudomonas stutzeri_gapfilled_12,1
Pseudomonas stutzeri_gapfilled_805,1
Pseudomonas stutzeri_gapfilled_991,1
Pseudomonas stutzeri_gapfilled_217,1
Pseudomonas stutzeri_gapfilled_199,1
Pseudomonas stutzeri_gapfilled_596,1
Pseudomonas stutzeri_gapfilled_340,1
Pseudomonas stutzeri_gapfilled_414,1
Pseudomonas stutzeri_gapfilled_756,1
Pseudomonas stutzeri_gapfilled_390,1
Pseudomonas stutzeri_gapfilled_71,1
Pseudomonas stutzeri_gapfilled_81,1
Pseudomonas stutzeri_gapfilled_612,0
Pseudomonas stutzeri_gapfilled_572,1
Pseudomonas stutzeri_gapfilled_512,1
Pseudomonas stutzeri_gapfilled_190,1
Pseudomonas stutzeri_gapfilled_219,0
Pseudomonas stutzeri_gapfilled_272,1
Pseudomonas stutzeri_gapfilled_663,1
Pseudomonas stutzeri_gapfilled_36,1
Pseudomonas stutzeri_gapfilled_500,1
Pseudomonas stutzeri_gapfilled_553,1
Pseudomonas stutzeri_gapfilled_467,0
Pseudomonas stutzeri_gapfilled_561,0
Pseudomonas stutzeri_gapfilled_692,1
Pseudomonas stutzeri_gapfilled_322,0
Pseudomonas stutzeri_gapfilled_475,1
Pseudomonas stutzeri_gapfilled_731,1
Pseudomonas stutzeri_gapfilled_287,1
Pseudomonas stutzeri_gapfilled_827,1
Pseudomonas stutzeri_gapfilled_919,1
Pseudomonas stutzeri_gapfilled_403,1
Pseudomonas stutzeri_gapfilled_886,0
Pseudomonas stutzeri_gapfilled_952,1
Pseudomonas stutzeri_gapfilled_29,1
Pseudomonas stutzeri_gapfilled_898,1
Pseudomonas stutzeri_gapfilled_51,1
Pseudomonas stutzeri_gapfilled_784,0
Pseudomonas stutzeri_gapfilled_310,1
Pseudomonas stutzeri_gapfilled_295,1
Pseudomonas stutzeri_gapfilled_864,1
Pseudomonas stutzeri_gapfilled_540,1
Pseudomonas stutzeri_gapfilled_890,1
Pseudomonas stutzeri_gapfilled_860,0
Pseudomonas stutzeri_gapfilled_702,1
Pseudomonas stutzeri_gapfilled_348,1
Pseudomonas stutzeri_gapfilled_237,1
Pseudomonas stutzeri_gapfilled_809,1
Pseudomonas stutzeri_gapfilled_135,1
Pseudomonas stutzeri_gapfilled_859,1
Pseudomonas stutzeri_gapfilled_552,1
Pseudomonas stutzeri_gapfilled_588,1
Pseudomonas stutzeri_gapfilled_834,1
Pseudomonas stutzeri_gapfilled_52,1
Pseudomonas stutzeri_gapfilled_1,1
Pseudomonas stutzeri_gapfilled_881,0
Pseudomonas stutzeri_gapfilled_276,1
Pseudomonas stutzeri_gapfilled_201,1
Pseudomonas stutzeri_gapfilled_968,1
Pseudomonas stutzeri_gapfilled_938,1
Pseudomonas stutzeri_gapfilled_372,1
Pseudomonas stutzeri_gapfilled_831,1
Pseudomonas stutzeri_gapfilled_963,1
Pseudomonas stutzeri_gapfilled_486,0
Pseudomonas stutzeri_gapfilled_398,1
Pseudomonas stutzeri_gapfilled_761,1
Pseudomonas stutzeri_gapfilled_485,1
Pseudomonas stutzeri_gapfilled_699,1
Pseudomonas stutzeri_gapfilled_389,1
Pseudomonas stutzeri_gapfilled_150,1
Pseudomonas stutzeri_gapfilled_402,0
Pseudomonas stutzeri_gapfilled_567,1
Pseudomonas stutzeri_gapfilled_415,1
Pseudomonas stutzeri_gapfilled_62,1
Pseudomonas stutzeri_gapfilled_491,1
Pseudomonas stutzeri_gapfilled_745,1
Pseudomonas stutzeri_gapfilled_207,1
Pseudomonas stutzeri_gapfilled_324,1
Pseudomonas stutzeri_gapfilled_533,0
Pseudomonas stutzeri_gapfilled_96,1
Pseudomonas stutzeri_gapfilled_929,1
Pseudomonas stutzeri_gapfilled_209,1
Pseudomonas stutzeri_gapfilled_513,0
Pseudomonas stutzeri_gapfilled_269,1
Pseudomonas stutzeri_gapfilled_312,1
Pseudomonas stutzeri_gapfilled_333,1
Pseudomonas stutzeri_gapfilled_342,1
Pseudomonas stutzeri_gapfilled_645,1
Pseudomonas stutzeri_gapfilled_682,1
Pseudomonas stutzeri_gapfilled_858,1
Pseudomonas stutzeri_gapfilled_576,0
Pseudomonas stutzeri_gapfilled_504,1
Pseudomonas stutzeri_gapfilled_57,1
Pseudomonas stutzeri_gapfilled_313,1
Pseudomonas stutzeri_gapfilled_967,1
Pseudomonas stutzeri_gapfilled_882,1
Pseudomonas stutzeri_gapfilled_198,1
Pseudomonas stutzeri_gapfilled_140,1
Pseudomonas stutzeri_gapfilled_223,1
Pseudomonas stutzeri_gapfilled_677,1
Pseudomonas stutzeri_gapfilled_771,0
Pseudomonas stutzeri_gapfilled_465,1
Pseudomonas stutzeri_gapfilled_693,1
Pseudomonas stutzeri_gapfilled_352,1
Pseudomonas stutzeri_gapfilled_566,1
Pseudomonas stutzeri_gapfilled_741,1
Pseudomonas stutzeri_gapfilled_982,1
Pseudomonas stutzeri_gapfilled_115,1
Pseudomonas stutzeri_gapfilled_0,1
Pseudomonas stutzeri_gapfilled_495,1
Pseudomonas stutzeri_gapfilled_636,1
Pseudomonas stutzeri_gapfilled_925,1
Pseudomonas stutzeri_gapfilled_613,1
Pseudomonas stutzeri_gapfilled_878,1
Pseudomonas stutzeri_gapfilled_869,1
Pseudomonas stutzeri_gapfilled_959,1
Pseudomonas stutzeri_gapfilled_863,0
Pseudomonas stutzeri_gapfilled_353,1
Pseudomonas stutzeri_gapfilled_191,1
Pseudomonas stutzeri_gapfilled_544,0
Pseudomonas stutzeri_gapfilled_17,1
Pseudomonas stutzeri_gapfilled_953,1
Pseudomonas stutzeri_gapfilled_45,1
Pseudomonas stutzeri_gapfilled_204,1
Pseudomonas stutzeri_gapfilled_408,1
Pseudomonas stutzeri_gapfilled_433,1
Pseudomonas stutzeri_gapfilled_72,1
Pseudomonas stutzeri_gapfilled_79,1
Pseudomonas stutzeri_gapfilled_399,1
Pseudomonas stutzeri_gapfilled_338,1
Pseudomonas stutzeri_gapfilled_738,1
Pseudomonas stutzeri_gapfilled_725,1
Pseudomonas stutzeri_gapfilled_555,1
Pseudomonas stutzeri_gapfilled_80,1
Pseudomonas stutzeri_gapfilled_865,1
Pseudomonas stutzeri_gapfilled_937,1
Pseudomonas stutzeri_gapfilled_371,1
Pseudomonas stutzeri_gapfilled_128,1
Pseudomonas stutzeri_gapfilled_117,1
Pseudomonas stutzeri_gapfilled_123,0
Pseudomonas stutzeri_gapfilled_961,1
Pseudomonas stutzeri_gapfilled_933,1
Pseudomonas stutzeri_gapfilled_20,0
Pseudomonas stutzeri_gapfilled_53,1
Pseudomonas stutzeri_gapfilled_300,1
Pseudomonas stutzeri_gapfilled_571,1
Pseudomonas stutzeri_gapfilled_431,1
Pseudomonas stutzeri_gapfilled_625,1
Pseudomonas stutzeri_gapfilled_783,1
Pseudomonas stutzeri_gapfilled_800,1
Pseudomonas stutzeri_gapfilled_706,1
Pseudomonas stutzeri_gapfilled_241,1
Pseudomonas stutzeri_gapfilled_891,1
Pseudomonas stutzeri_gapfilled_600,1
Pseudomonas stutzeri_gapfilled_246,1
Pseudomonas stutzeri_gapfilled_374,1
Pseudomonas stutzeri_gapfilled_334,0
Pseudomonas stutzeri_gapfilled_19,0
Pseudomonas stutzeri_gapfilled_824,1
Pseudomonas stutzeri_gapfilled_364,0
Pseudomonas stutzeri_gapfilled_103,1
Pseudomonas stutzeri_gapfilled_642,0
Pseudomonas stutzeri_gapfilled_719,1
Pseudomonas stutzeri_gapfilled_821,0
Pseudomonas stutzeri_gapfilled_168,1
Pseudomonas stutzeri_gapfilled_770,1
Pseudomonas stutzeri_gapfilled_240,0
Pseudomonas stutzeri_gapfilled_753,1
Pseudomonas stutzeri_gapfilled_481,1
Pseudomonas stutzeri_gapfilled_357,1
Pseudomonas stutzeri_gapfilled_889,1
Pseudomonas stutzeri_gapfilled_107,0
Pseudomonas stutzeri_gapfilled_537,1
Pseudomonas stutzeri_gapfilled_314,1
Pseudomonas stutzeri_gapfilled_922,1
Pseudomonas stutzeri_gapfilled_944,1
Pseudomonas stutzeri_gapfilled_505,1
Pseudomonas stutzeri_gapfilled_419,1
Pseudomonas stutzeri_gapfilled_296,1
Pseudomonas stutzeri_gapfilled_665,1
Pseudomonas stutzeri_gapfilled_430,1
Pseudomonas stutzeri_gapfilled_803,1
Pseudomonas stutzeri_gapfilled_18,1
Pseudomonas stutzeri_gapfilled_247,0
Pseudomonas stutzeri_gapfilled_379,1
Pseudomonas stutzeri_gapfilled_278,1
Pseudomonas stutzeri_gapfilled_945,1
Pseudomonas stutzeri_gapfilled_908,1
Pseudomonas stutzeri_gapfilled_162,0
Pseudomonas stutzeri_gapfilled_503,1
Pseudomonas stutzeri_gapfilled_896,1
Pseudomonas stutzeri_gapfilled_853,1
Pseudomonas stutzeri_gapfilled_780,1
Pseudomonas stutzeri_gapfilled_303,0
Pseudomonas stutzeri_gapfilled_180,1
Pseudomonas stutzeri_gapfilled_14,1
Pseudomonas stutzeri_gapfilled_73,1
Pseudomonas stutzeri_gapfilled_378,1
Pseudomonas stutzeri_gapfilled_884,1
Pseudomonas stutzeri_gapfilled_598,1
Pseudomonas stutzeri_gapfilled_542,1
Pseudomonas stutzeri_gapfilled_723,1
Pseudomonas stutzeri_gapfilled_108,1
Pseudomonas stutzeri_gapfilled_451,1
Pseudomonas stutzeri_gapfilled_401,1
Pseudomonas stutzeri_gapfilled_110,0
Pseudomonas stutzeri_gapfilled_428,1
Pseudomonas stutzeri_gapfilled_382,1
Pseudomonas stutzeri_gapfilled_948,1
Pseudomonas stutzeri_gapfilled_286,1
Pseudomonas stutzeri_gapfilled_536,1
Pseudomonas stutzeri_gapfilled_932,1
Pseudomonas stutzeri_gapfilled_585,1
Pseudomonas stutzeri_gapfilled_441,1
Pseudomonas stutzeri_gapfilled_854,1
Pseudomonas stutzeri_gapfilled_579,1
Pseudomonas stutzeri_gapfilled_822,1
Pseudomonas stutzeri_gapfilled_437,1
Pseudomonas stutzeri_gapfilled_902,0
Pseudomonas stutzeri_gapfilled_178,0
Pseudomonas stutzeri_gapfilled_936,1
Pseudomonas stutzeri_gapfilled_763,1
Pseudomonas stutzeri_gapfilled_46,1
Pseudomonas stutzeri_gapfilled_266,1
Pseudomonas stutzeri_gapfilled_517,0
Pseudomonas stutzeri_gapfilled_573,1
Pseudomonas stutzeri_gapfilled_282,1
Pseudomonas stutzeri_gapfilled_438,1
Pseudomonas stutzeri_gapfilled_643,1
Pseudomonas stutzeri_gapfilled_656,0
Pseudomonas stutzeri_gapfilled_330,1
Pseudomonas stutzeri_gapfilled_768,1
Pseudomonas stutzeri_gapfilled_487,1
Pseudomonas stutzeri_gapfilled_98,0
Pseudomonas stutzeri_gapfilled_61,1
Pseudomonas stutzeri_gapfilled_288,1
Pseudomonas stutzeri_gapfilled_840,1
Pseudomonas stutzeri_gapfilled_440,1
Pseudomonas stutzeri_gapfilled_376,1
Pseudomonas stutzeri_gapfilled_594,1
Pseudomonas stutzeri_gapfilled_142,1
Pseudomonas stutzeri_gapfilled_767,0
Pseudomonas stutzeri_gapfilled_38,1
Pseudomonas stutzeri_gapfilled_802,1
Pseudomonas stutzeri_gapfilled_208,1
Pseudomonas stutzeri_gapfilled_984,0
Pseudomonas stutzeri_gapfilled_260,1
Pseudomonas stutzeri_gapfilled_793,1
Pseudomonas stutzeri_gapfilled_602,1
Pseudomonas stutzeri_gapfilled_479,1
Pseudomonas stutzeri_gapfilled_381,1
Pseudomonas stutzeri_gapfilled_496,1
Pseudomonas stutzeri_gapfilled_476,1
Pseudomonas stutzeri_gapfilled_578,1
Pseudomonas stutzeri_gapfilled_144,1
Pseudomonas stutzeri_gapfilled_701,1
Pseudomonas stutzeri_gapfilled_120,1
Pseudomonas stutzeri_gapfilled_810,1
Pseudomonas stutzeri_gapfilled_183,1
Pseudomonas stutzeri_gapfilled_212,1
Pseudomonas stutzeri_gapfilled_943,1
Pseudomonas stutzeri_gapfilled_546,1
Pseudomonas stutzeri_gapfilled_593,1
Pseudomonas stutzeri_gapfilled_737,1
Pseudomonas stutzeri_gapfilled_421,1
Pseudomonas stutzeri_gapfilled_545,1
Pseudomonas stutzeri_gapfilled_134,1
Pseudomonas stutzeri_gapfilled_554,1
Pseudomonas stutzeri_gapfilled_54,1
Pseudomonas stutzeri_gapfilled_141,1
Pseudomonas stutzeri_gapfilled_696,1
Pseudomonas stutzeri_gapfilled_744,1
Pseudomonas stutzeri_gapfilled_634,1
Pseudomonas stutzeri_gapfilled_157,1
Pseudomonas stutzeri_gapfilled_624,0
Pseudomonas stutzeri_gapfilled_820,1
Pseudomonas stutzeri_gapfilled_70,1
Pseudomonas stutzeri_gapfilled_470,0
Pseudomonas stutzeri_gapfilled_137,1
Pseudomonas stutzeri_gapfilled_131,1
Pseudomonas stutzeri_gapfilled_498,1
Pseudomonas stutzeri_gapfilled_65,1
Pseudomonas stutzeri_gapfilled_149,1
Pseudomonas stutzeri_gapfilled_68,1
Pseudomonas stutzeri_gapfilled_102,0
Pseudomonas stutzeri_gapfilled_610,1
Pseudomonas stutzeri_gapfilled_590,1
Pseudomonas stutzeri_gapfilled_633,1
Pseudomonas stutzeri_gapfilled_851,1
Pseudomonas stutzeri_gapfilled_116,1
Pseudomonas stutzeri_gapfilled_49,1
Pseudomonas stutzeri_gapfilled_326,1
Pseudomonas stutzeri_gapfilled_604,1
Pseudomonas stutzeri_gapfilled_275,0
Pseudomonas stutzeri_gapfilled_538,1
Pseudomonas stutzeri_gapfilled_985,1
Pseudomonas stutzeri_gapfilled_978,1
Pseudomonas stutzeri_gapfilled_327,1
Pseudomonas stutzeri_gapfilled_91,1
Pseudomonas stutzeri_gapfilled_238,1
Pseudomonas stutzeri_gapfilled_892,1
Pseudomonas stutzeri_gapfilled_712,1
Pseudomonas stutzeri_gapfilled_229,0
Pseudomonas stutzeri_gapfilled_16,1
Pseudomonas stutzeri_gapfilled_42,1
Pseudomonas stutzeri_gapfilled_586,1
Pseudomonas stutzeri_gapfilled_319,1
Pseudomonas stutzeri_gapfilled_26,1
Pseudomonas stutzeri_gapfilled_88,1
Pseudomonas stutzeri_gapfilled_817,1
Pseudomonas stutzeri_gapfilled_960,1
Pseudomonas stutzeri_gapfilled_179,1
Pseudomonas stutzeri_gapfilled_85,0
Pseudomonas stutzeri_gapfilled_494,0
Pseudomonas stutzeri_gapfilled_118,0
Pseudomonas stutzeri_gapfilled_64,1
Pseudomonas stutzeri_gapfilled_418,1
Pseudomonas stutzeri_gapfilled_664,1
Pseudomonas stutzeri_gapfilled_790,1
Pseudomonas stutzeri_gapfilled_905,0
Pseudomonas stutzeri_gapfilled_206,1
Pseudomonas stutzeri_gapfilled_923,1
Pseudomonas stutzeri_gapfilled_718,1
Pseudomonas stutzeri_gapfilled_785,1
Pseudomonas stutzeri_gapfilled_992,0
Pseudomonas stutzeri_gapfilled_845,1
Pseudomonas stutzeri_gapfilled_109,1
Pseudomonas stutzeri_gapfilled_910,1
Pseudomonas stutzeri_gapfilled_468,0
Pseudomonas stutzeri_gapfilled_879,1
Pseudomonas stutzeri_gapfilled_302,1
Pseudomonas stutzeri_gapfilled_698,1
Pseudomonas stutzeri_gapfilled_551,1
Pseudomonas stutzeri_gapfilled_8,1
Pseudomonas stutzeri_gapfilled_828,1
Pseudomonas stutzeri_gapfilled_595,1
Pseudomonas stutzeri_gapfilled_77,1
Pseudomonas stutzeri_gapfilled_464,1
Pseudomonas stutzeri_gapfilled_626,1
Pseudomonas stutzeri_gapfilled_870,0
Pseudomonas stutzeri_gapfilled_539,1
Pseudomonas stutzeri_gapfilled_954,1
Pseudomonas stutzeri_gapfilled_461,1
Pseudomonas stutzeri_gapfilled_531,1
Pseudomonas stutzeri_gapfilled_652,1
Pseudomonas stutzeri_gapfilled_32,1
Pseudomonas stutzeri_gapfilled_160,1
Pseudomonas stutzeri_gapfilled_214,1
Pseudomonas stutzeri_gapfilled_436,1
Pseudomonas stutzeri_gapfilled_510,1
Pseudomonas stutzeri_gapfilled_186,1
Pseudomonas stutzeri_gapfilled_872,1
Pseudomonas stutzeri_gapfilled_730,1
Pseudomonas stutzeri_gapfilled_916,1
Pseudomonas stutzeri_gapfilled_95,1
Pseudomonas stutzeri_gapfilled_549,1
Pseudomonas stutzeri_gapfilled_261,1
Pseudomonas stutzeri_gapfilled_847,1
Pseudomonas stutzeri_gapfilled_469,1
Pseudomonas stutzeri_gapfilled_499,1
Pseudomonas stutzeri_gapfilled_876,1
Pseudomonas stutzeri_gapfilled_501,1
Pseudomonas stutzeri_gapfilled_10,1
Pseudomonas stutzeri_gapfilled_734,1
Pseudomonas stutzeri_gapfilled_592,1
Pseudomonas stutzeri_gapfilled_331,1
Pseudomonas stutzeri_gapfilled_587,0
Pseudomonas stutzeri_gapfilled_459,1
Pseudomonas stutzeri_gapfilled_788,1
Pseudomonas stutzeri_gapfilled_899,1
Pseudomonas stutzeri_gapfilled_915,1
Pseudomonas stutzeri_gapfilled_413,1
Pseudomonas stutzeri_gapfilled_15,1
Pseudomonas stutzeri_gapfilled_912,1
Pseudomonas stutzeri_gapfilled_175,1
Pseudomonas stutzeri_gapfilled_988,1
Pseudomonas stutzeri_gapfilled_535,1
Pseudomonas stutzeri_gapfilled_100,1
Pseudomonas stutzeri_gapfilled_163,1
Pseudomonas stutzeri_gapfilled_606,1
Pseudomonas stutzeri_gapfilled_264,1
Pseudomonas stutzeri_gapfilled_446,0
Pseudomonas stutzeri_gapfilled_176,1
Pseudomonas stutzeri_gapfilled_182,1
Pseudomonas stutzeri_gapfilled_717,1
Pseudomonas stutzeri_gapfilled_543,1
Pseudomonas stutzeri_gapfilled_913,1
Pseudomonas stutzeri_gapfilled_181,1
Pseudomonas stutzeri_gapfilled_947,1
Pseudomonas stutzeri_gapfilled_708,1
Pseudomonas stutzeri_gapfilled_84,1
Pseudomonas stutzeri_gapfilled_232,0
Pseudomonas stutzeri_gapfilled_259,1
Pseudomonas stutzeri_gapfilled_274,1
Pseudomonas stutzeri_gapfilled_443,1
Pseudomonas stutzeri_gapfilled_224,1
Pseudomonas stutzeri_gapfilled_746,1
Pseudomonas stutzeri_gapfilled_849,1
Pseudomonas stutzeri_gapfilled_184,0
Pseudomonas stutzeri_gapfilled_25,1
Pseudomonas stutzeri_gapfilled_524,1
Pseudomonas stutzeri_gapfilled_33,1
Pseudomonas stutzeri_gapfilled_213,0
Pseudomonas stutzeri_gapfilled_393,1
Pseudomonas stutzeri_gapfilled_695,1
Pseudomonas stutzeri_gapfilled_660,1
Pseudomonas stutzeri_gapfilled_67,1
Pseudomonas stutzeri_gapfilled_248,1
Pseudomonas stutzeri_gapfilled_368,1
Pseudomonas stutzeri_gapfilled_308,1
Pseudomonas stutzeri_gapfilled_205,1
Pseudomonas stutzeri_gapfilled_848,0
Pseudomonas stutzeri_gapfilled_304,0
Pseudomonas stutzeri_gapfilled_119,1
Pseudomonas stutzeri_gapfilled_628,1
Pseudomonas stutzeri_gapfilled_11,1
Pseudomonas stutzeri_gapfilled_92,1
Pseudomonas stutzeri_gapfilled_130,0
Pseudomonas stutzeri_gapfilled_311,1
Pseudomonas stutzeri_gapfilled_482,1
Pseudomonas stutzeri_gapfilled_156,1
Pseudomonas stutzeri_gapfilled_616,1
Pseudomonas stutzeri_gapfilled_78,1
Pseudomonas stutzeri_gapfilled_493,0
Pseudomonas stutzeri_gapfilled_617,0
Pseudomonas stutzeri_gapfilled_570,1
Pseudomonas stutzeri_gapfilled_998,1
Pseudomonas stutzeri_gapfilled_776,1
Pseudomonas stutzeri_gapfilled_174,0
Pseudomonas stutzeri_gapfilled_458,1
Pseudomonas stutzeri_gapfilled_997,1
Pseudomonas stutzeri_gapfilled_410,1
Pseudomonas stutzeri_gapfilled_949,1
Pseudomonas stutzeri_gapfilled_668,1
Pseudomonas stutzeri_gapfilled_637,1
Pseudomonas stutzeri_gapfilled_243,1
Pseudomonas stutzeri_gapfilled_4,1
Pseudomonas stutzeri_gapfilled_669,1
Pseudomonas stutzeri_gapfilled_684,0
Pseudomonas stutzeri_gapfilled_904,1
Pseudomonas stutzeri_gapfilled_424,1
Pseudomonas stutzeri_gapfilled_560,1
Pseudomonas stutzeri_gapfilled_417,1
Pseudomonas stutzeri_gapfilled_973,1
Pseudomonas stutzeri_gapfilled_580,1
Pseudomonas stutzeri_gapfilled_355,1
Pseudomonas stutzeri_gapfilled_463,1
Pseudomonas stutzeri_gapfilled_132,1
Pseudomonas stutzeri_gapfilled_412,1
Pseudomonas stutzeri_gapfilled_577,1
Pseudomonas stutzeri_gapfilled_678,1
Pseudomonas stutzeri_gapfilled_659,1
Pseudomonas stutzeri_gapfilled_792,1
Pseudomonas stutzeri_gapfilled_197,1
Pseudomonas stutzeri_gapfilled_926,1
Pseudomonas stutzeri_gapfilled_700,1
Pseudomonas stutzeri_gapfilled_284,1
Pseudomonas stutzeri_gapfilled_164,1
Pseudomonas stutzeri_gapfilled_385,1
Pseudomonas stutzeri_gapfilled_177,1
Pseudomonas stutzeri_gapfilled_813,1
Pseudomonas stutzeri_gapfilled_383,1
Pseudomonas stutzeri_gapfilled_743,1
Pseudomonas stutzeri_gapfilled_779,1
Pseudomonas stutzeri_gapfilled_239,1
Pseudomonas stutzeri_gapfilled_795,0
Pseudomonas stutzeri_gapfilled_674,1
Pseudomonas stutzeri_gapfilled_125,1
Pseudomonas stutzeri_gapfilled_171,1
Pseudomonas stutzeri_gapfilled_957,1
Pseudomonas stutzeri_gapfilled_422,1
Pseudomonas stutzeri_gapfilled_823,1
Pseudomonas stutzeri_gapfilled_787,1
Pseudomonas stutzeri_gapfilled_339,1
Pseudomonas stutzeri_gapfilled_781,1
Pseudomonas stutzeri_gapfilled_711,1
Pseudomonas stutzeri_gapfilled_409,1
Pseudomonas stutzeri_gapfilled_611,1
