Sphingobacterium spiritivorum_gapfilled_26,1
Sphingobacterium spiritivorum_gapfilled_25,1
Sphingobacterium spiritivorum_gapfilled_721,1
Sphingobacterium spiritivorum_gapfilled_675,0
Sphingobacterium spiritivorum_gapfilled_12,1
Sphingobacterium spiritivorum_gapfilled_591,1
Sphingobacterium spiritivorum_gapfilled_778,1
Sphingobacterium spiritivorum_gapfilled_690,1
Sphingobacterium spiritivorum_gapfilled_926,1
Sphingobacterium spiritivorum_gapfilled_302,1
Sphingobacterium spiritivorum_gapfilled_760,1
Sphingobacterium spiritivorum_gapfilled_64,1
Sphingobacterium spiritivorum_gapfilled_433,1
Sphingobacterium spiritivorum_gapfilled_427,1
Sphingobacterium spiritivorum_gapfilled_364,1
Sphingobacterium spiritivorum_gapfilled_832,1
Sphingobacterium spiritivorum_gapfilled_939,1
Sphingobacterium spiritivorum_gapfilled_576,1
Sphingobacterium spiritivorum_gapfilled_918,1
Sphingobacterium spiritivorum_gapfilled_426,1
Sphingobacterium spiritivorum_gapfilled_40,1
Sphingobacterium spiritivorum_gapfilled_852,0
Sphingobacterium spiritivorum_gapfilled_716,0
Sphingobacterium spiritivorum_gapfilled_255,1
Sphingobacterium spiritivorum_gapfilled_76,1
Sphingobacterium spiritivorum_gapfilled_179,1
Sphingobacterium spiritivorum_gapfilled_360,1
Sphingobacterium spiritivorum_gapfilled_488,1
Sphingobacterium spiritivorum_gapfilled_938,1
Sphingobacterium spiritivorum_gapfilled_11,1
Sphingobacterium spiritivorum_gapfilled_260,0
Sphingobacterium spiritivorum_gapfilled_67,0
Sphingobacterium spiritivorum_gapfilled_540,1
Sphingobacterium spiritivorum_gapfilled_999,1
Sphingobacterium spiritivorum_gapfilled_418,0
Sphingobacterium spiritivorum_gapfilled_535,1
Sphingobacterium spiritivorum_gapfilled_818,1
Sphingobacterium spiritivorum_gapfilled_516,1
Sphingobacterium spiritivorum_gapfilled_45,1
Sphingobacterium spiritivorum_gapfilled_656,1
Sphingobacterium spiritivorum_gapfilled_977,1
Sphingobacterium spiritivorum_gapfilled_628,1
Sphingobacterium spiritivorum_gapfilled_755,1
Sphingobacterium spiritivorum_gapfilled_96,1
Sphingobacterium spiritivorum_gapfilled_209,1
Sphingobacterium spiritivorum_gapfilled_812,0
Sphingobacterium spiritivorum_gapfilled_320,1
Sphingobacterium spiritivorum_gapfilled_435,1
Sphingobacterium spiritivorum_gapfilled_561,1
Sphingobacterium spiritivorum_gapfilled_58,1
Sphingobacterium spiritivorum_gapfilled_677,1
Sphingobacterium spiritivorum_gapfilled_141,1
Sphingobacterium spiritivorum_gapfilled_730,1
Sphingobacterium spiritivorum_gapfilled_529,1
Sphingobacterium spiritivorum_gapfilled_480,1
Sphingobacterium spiritivorum_gapfilled_185,1
Sphingobacterium spiritivorum_gapfilled_303,1
Sphingobacterium spiritivorum_gapfilled_147,1
Sphingobacterium spiritivorum_gapfilled_836,1
Sphingobacterium spiritivorum_gapfilled_49,1
Sphingobacterium spiritivorum_gapfilled_904,0
Sphingobacterium spiritivorum_gapfilled_151,0
Sphingobacterium spiritivorum_gapfilled_738,1
Sphingobacterium spiritivorum_gapfilled_75,1
Sphingobacterium spiritivorum_gapfilled_554,0
Sphingobacterium spiritivorum_gapfilled_610,1
Sphingobacterium spiritivorum_gapfilled_254,1
Sphingobacterium spiritivorum_gapfilled_243,1
Sphingobacterium spiritivorum_gapfilled_404,0
Sphingobacterium spiritivorum_gapfilled_762,1
Sphingobacterium spiritivorum_gapfilled_669,1
Sphingobacterium spiritivorum_gapfilled_541,0
Sphingobacterium spiritivorum_gapfilled_154,1
Sphingobacterium spiritivorum_gapfilled_647,1
Sphingobacterium spiritivorum_gapfilled_196,1
Sphingobacterium spiritivorum_gapfilled_649,1
Sphingobacterium spiritivorum_gapfilled_108,0
Sphingobacterium spiritivorum_gapfilled_465,1
Sphingobacterium spiritivorum_gapfilled_150,1
Sphingobacterium spiritivorum_gapfilled_829,1
Sphingobacterium spiritivorum_gapfilled_528,1
Sphingobacterium spiritivorum_gapfilled_484,1
Sphingobacterium spiritivorum_gapfilled_887,1
Sphingobacterium spiritivorum_gapfilled_994,1
Sphingobacterium spiritivorum_gapfilled_123,1
Sphingobacterium spiritivorum_gapfilled_455,0
Sphingobacterium spiritivorum_gapfilled_454,1
Sphingobacterium spiritivorum_gapfilled_823,1
Sphingobacterium spiritivorum_gapfilled_802,1
Sphingobacterium spiritivorum_gapfilled_160,1
Sphingobacterium spiritivorum_gapfilled_258,1
Sphingobacterium spiritivorum_gapfilled_200,1
Sphingobacterium spiritivorum_gapfilled_902,0
Sphingobacterium spiritivorum_gapfilled_502,0
Sphingobacterium spiritivorum_gapfilled_896,1
Sphingobacterium spiritivorum_gapfilled_888,1
Sphingobacterium spiritivorum_gapfilled_626,1
Sphingobacterium spiritivorum_gapfilled_477,1
Sphingobacterium spiritivorum_gapfilled_353,1
Sphingobacterium spiritivorum_gapfilled_597,1
Sphingobacterium spiritivorum_gapfilled_207,1
Sphingobacterium spiritivorum_gapfilled_278,1
Sphingobacterium spiritivorum_gapfilled_701,1
Sphingobacterium spiritivorum_gapfilled_13,1
Sphingobacterium spiritivorum_gapfilled_986,0
Sphingobacterium spiritivorum_gapfilled_851,1
Sphingobacterium spiritivorum_gapfilled_880,1
Sphingobacterium spiritivorum_gapfilled_860,0
Sphingobacterium spiritivorum_gapfilled_773,1
Sphingobacterium spiritivorum_gapfilled_632,1
Sphingobacterium spiritivorum_gapfilled_221,1
Sphingobacterium spiritivorum_gapfilled_374,1
Sphingobacterium spiritivorum_gapfilled_644,1
Sphingobacterium spiritivorum_gapfilled_692,1
Sphingobacterium spiritivorum_gapfilled_153,1
Sphingobacterium spiritivorum_gapfilled_166,1
Sphingobacterium spiritivorum_gapfilled_187,1
Sphingobacterium spiritivorum_gapfilled_136,1
Sphingobacterium spiritivorum_gapfilled_7,0
Sphingobacterium spiritivorum_gapfilled_103,0
Sphingobacterium spiritivorum_gapfilled_705,1
Sphingobacterium spiritivorum_gapfilled_996,1
Sphingobacterium spiritivorum_gapfilled_858,1
Sphingobacterium spiritivorum_gapfilled_1,1
Sphingobacterium spiritivorum_gapfilled_416,0
Sphingobacterium spiritivorum_gapfilled_329,1
Sphingobacterium spiritivorum_gapfilled_600,1
Sphingobacterium spiritivorum_gapfilled_869,1
Sphingobacterium spiritivorum_gapfilled_681,1
Sphingobacterium spiritivorum_gapfilled_757,1
Sphingobacterium spiritivorum_gapfilled_158,1
Sphingobacterium spiritivorum_gapfilled_88,1
Sphingobacterium spiritivorum_gapfilled_494,1
Sphingobacterium spiritivorum_gapfilled_717,1
Sphingobacterium spiritivorum_gapfilled_498,1
Sphingobacterium spiritivorum_gapfilled_897,1
Sphingobacterium spiritivorum_gapfilled_146,1
Sphingobacterium spiritivorum_gapfilled_163,1
Sphingobacterium spiritivorum_gapfilled_518,1
Sphingobacterium spiritivorum_gapfilled_19,1
Sphingobacterium spiritivorum_gapfilled_475,0
Sphingobacterium spiritivorum_gapfilled_602,1
Sphingobacterium spiritivorum_gapfilled_557,1
Sphingobacterium spiritivorum_gapfilled_975,1
Sphingobacterium spiritivorum_gapfilled_29,1
Sphingobacterium spiritivorum_gapfilled_825,1
Sphingobacterium spiritivorum_gapfilled_297,1
Sphingobacterium spiritivorum_gapfilled_786,0
Sphingobacterium spiritivorum_gapfilled_580,1
Sphingobacterium spiritivorum_gapfilled_653,1
Sphingobacterium spiritivorum_gapfilled_376,1
Sphingobacterium spiritivorum_gapfilled_340,0
Sphingobacterium spiritivorum_gapfilled_377,1
Sphingobacterium spiritivorum_gapfilled_244,0
Sphingobacterium spiritivorum_gapfilled_42,0
Sphingobacterium spiritivorum_gapfilled_54,1
Sphingobacterium spiritivorum_gapfilled_95,1
Sphingobacterium spiritivorum_gapfilled_578,1
Sphingobacterium spiritivorum_gapfilled_3,1
Sphingobacterium spiritivorum_gapfilled_967,1
Sphingobacterium spiritivorum_gapfilled_62,1
Sphingobacterium spiritivorum_gapfilled_172,1
Sphingobacterium spiritivorum_gapfilled_756,1
Sphingobacterium spiritivorum_gapfilled_106,1
Sphingobacterium spiritivorum_gapfilled_41,0
Sphingobacterium spiritivorum_gapfilled_976,1
Sphingobacterium spiritivorum_gapfilled_615,1
Sphingobacterium spiritivorum_gapfilled_250,1
Sphingobacterium spiritivorum_gapfilled_363,0
Sphingobacterium spiritivorum_gapfilled_816,1
Sphingobacterium spiritivorum_gapfilled_175,1
Sphingobacterium spiritivorum_gapfilled_443,1
Sphingobacterium spiritivorum_gapfilled_107,1
Sphingobacterium spiritivorum_gapfilled_470,1
Sphingobacterium spiritivorum_gapfilled_202,1
Sphingobacterium spiritivorum_gapfilled_706,1
Sphingobacterium spiritivorum_gapfilled_774,0
Sphingobacterium spiritivorum_gapfilled_116,1
Sphingobacterium spiritivorum_gapfilled_723,1
Sphingobacterium spiritivorum_gapfilled_826,1
Sphingobacterium spiritivorum_gapfilled_911,1
Sphingobacterium spiritivorum_gapfilled_312,1
Sphingobacterium spiritivorum_gapfilled_210,1
Sphingobacterium spiritivorum_gapfilled_206,1
Sphingobacterium spiritivorum_gapfilled_486,1
Sphingobacterium spiritivorum_gapfilled_235,1
Sphingobacterium spiritivorum_gapfilled_51,1
Sphingobacterium spiritivorum_gapfilled_796,1
Sphingobacterium spiritivorum_gapfilled_519,1
Sphingobacterium spiritivorum_gapfilled_369,0
Sphingobacterium spiritivorum_gapfilled_962,1
Sphingobacterium spiritivorum_gapfilled_697,1
Sphingobacterium spiritivorum_gapfilled_623,1
Sphingobacterium spiritivorum_gapfilled_178,0
Sphingobacterium spiritivorum_gapfilled_842,1
Sphingobacterium spiritivorum_gapfilled_277,1
Sphingobacterium spiritivorum_gapfilled_512,1
Sphingobacterium spiritivorum_gapfilled_308,1
Sphingobacterium spiritivorum_gapfilled_646,1
Sphingobacterium spiritivorum_gapfilled_585,1
Sphingobacterium spiritivorum_gapfilled_276,1
Sphingobacterium spiritivorum_gapfilled_517,1
Sphingobacterium spiritivorum_gapfilled_495,1
Sphingobacterium spiritivorum_gapfilled_657,1
Sphingobacterium spiritivorum_gapfilled_865,1
Sphingobacterium spiritivorum_gapfilled_239,1
Sphingobacterium spiritivorum_gapfilled_105,1
Sphingobacterium spiritivorum_gapfilled_945,1
Sphingobacterium spiritivorum_gapfilled_753,1
Sphingobacterium spiritivorum_gapfilled_642,1
Sphingobacterium spiritivorum_gapfilled_844,1
Sphingobacterium spiritivorum_gapfilled_344,1
Sphingobacterium spiritivorum_gapfilled_181,1
Sphingobacterium spiritivorum_gapfilled_676,1
Sphingobacterium spiritivorum_gapfilled_767,1
Sphingobacterium spiritivorum_gapfilled_643,1
Sphingobacterium spiritivorum_gapfilled_82,1
Sphingobacterium spiritivorum_gapfilled_467,1
Sphingobacterium spiritivorum_gapfilled_791,1
Sphingobacterium spiritivorum_gapfilled_471,0
Sphingobacterium spiritivorum_gapfilled_282,0
Sphingobacterium spiritivorum_gapfilled_622,1
Sphingobacterium spiritivorum_gapfilled_947,1
Sphingobacterium spiritivorum_gapfilled_719,1
Sphingobacterium spiritivorum_gapfilled_830,1
Sphingobacterium spiritivorum_gapfilled_476,1
Sphingobacterium spiritivorum_gapfilled_636,1
Sphingobacterium spiritivorum_gapfilled_572,1
Sphingobacterium spiritivorum_gapfilled_423,1
Sphingobacterium spiritivorum_gapfilled_685,1
Sphingobacterium spiritivorum_gapfilled_949,1
Sphingobacterium spiritivorum_gapfilled_431,1
Sphingobacterium spiritivorum_gapfilled_16,1
Sphingobacterium spiritivorum_gapfilled_357,1
Sphingobacterium spiritivorum_gapfilled_190,1
Sphingobacterium spiritivorum_gapfilled_493,1
Sphingobacterium spiritivorum_gapfilled_304,1
Sphingobacterium spiritivorum_gapfilled_373,1
Sphingobacterium spiritivorum_gapfilled_737,1
Sphingobacterium spiritivorum_gapfilled_972,1
Sphingobacterium spiritivorum_gapfilled_500,1
Sphingobacterium spiritivorum_gapfilled_112,1
Sphingobacterium spiritivorum_gapfilled_481,1
Sphingobacterium spiritivorum_gapfilled_984,1
Sphingobacterium spiritivorum_gapfilled_799,1
Sphingobacterium spiritivorum_gapfilled_407,1
Sphingobacterium spiritivorum_gapfilled_661,1
Sphingobacterium spiritivorum_gapfilled_727,1
Sphingobacterium spiritivorum_gapfilled_71,1
Sphingobacterium spiritivorum_gapfilled_507,1
Sphingobacterium spiritivorum_gapfilled_673,0
Sphingobacterium spiritivorum_gapfilled_631,1
Sphingobacterium spiritivorum_gapfilled_724,0
Sphingobacterium spiritivorum_gapfilled_739,1
Sphingobacterium spiritivorum_gapfilled_710,1
Sphingobacterium spiritivorum_gapfilled_640,1
Sphingobacterium spiritivorum_gapfilled_566,1
Sphingobacterium spiritivorum_gapfilled_346,1
Sphingobacterium spiritivorum_gapfilled_793,1
Sphingobacterium spiritivorum_gapfilled_780,0
Sphingobacterium spiritivorum_gapfilled_645,1
Sphingobacterium spiritivorum_gapfilled_365,1
Sphingobacterium spiritivorum_gapfilled_321,1
Sphingobacterium spiritivorum_gapfilled_198,1
Sphingobacterium spiritivorum_gapfilled_271,0
Sphingobacterium spiritivorum_gapfilled_170,1
Sphingobacterium spiritivorum_gapfilled_652,1
Sphingobacterium spiritivorum_gapfilled_619,1
Sphingobacterium spiritivorum_gapfilled_24,0
Sphingobacterium spiritivorum_gapfilled_750,1
Sphingobacterium spiritivorum_gapfilled_100,1
Sphingobacterium spiritivorum_gapfilled_980,1
Sphingobacterium spiritivorum_gapfilled_563,1
Sphingobacterium spiritivorum_gapfilled_934,1
Sphingobacterium spiritivorum_gapfilled_345,0
Sphingobacterium spiritivorum_gapfilled_543,0
Sphingobacterium spiritivorum_gapfilled_845,1
Sphingobacterium spiritivorum_gapfilled_449,1
Sphingobacterium spiritivorum_gapfilled_137,1
Sphingobacterium spiritivorum_gapfilled_997,1
Sphingobacterium spiritivorum_gapfilled_135,1
Sphingobacterium spiritivorum_gapfilled_192,1
Sphingobacterium spiritivorum_gapfilled_341,1
Sphingobacterium spiritivorum_gapfilled_31,0
Sphingobacterium spiritivorum_gapfilled_333,1
Sphingobacterium spiritivorum_gapfilled_815,1
Sphingobacterium spiritivorum_gapfilled_263,1
Sphingobacterium spiritivorum_gapfilled_534,1
Sphingobacterium spiritivorum_gapfilled_936,1
Sphingobacterium spiritivorum_gapfilled_835,1
Sphingobacterium spiritivorum_gapfilled_44,1
Sphingobacterium spiritivorum_gapfilled_14,1
Sphingobacterium spiritivorum_gapfilled_98,1
Sphingobacterium spiritivorum_gapfilled_201,0
Sphingobacterium spiritivorum_gapfilled_38,0
Sphingobacterium spiritivorum_gapfilled_958,1
Sphingobacterium spiritivorum_gapfilled_291,1
Sphingobacterium spiritivorum_gapfilled_204,1
Sphingobacterium spiritivorum_gapfilled_662,0
Sphingobacterium spiritivorum_gapfilled_143,1
Sphingobacterium spiritivorum_gapfilled_789,1
Sphingobacterium spiritivorum_gapfilled_50,1
Sphingobacterium spiritivorum_gapfilled_358,1
Sphingobacterium spiritivorum_gapfilled_448,1
Sphingobacterium spiritivorum_gapfilled_932,1
Sphingobacterium spiritivorum_gapfilled_680,1
Sphingobacterium spiritivorum_gapfilled_989,0
Sphingobacterium spiritivorum_gapfilled_46,0
Sphingobacterium spiritivorum_gapfilled_775,1
Sphingobacterium spiritivorum_gapfilled_712,1
Sphingobacterium spiritivorum_gapfilled_963,1
Sphingobacterium spiritivorum_gapfilled_539,1
Sphingobacterium spiritivorum_gapfilled_613,0
Sphingobacterium spiritivorum_gapfilled_124,1
Sphingobacterium spiritivorum_gapfilled_359,1
Sphingobacterium spiritivorum_gapfilled_612,1
Sphingobacterium spiritivorum_gapfilled_311,1
Sphingobacterium spiritivorum_gapfilled_905,1
Sphingobacterium spiritivorum_gapfilled_873,1
Sphingobacterium spiritivorum_gapfilled_78,1
Sphingobacterium spiritivorum_gapfilled_686,0
Sphingobacterium spiritivorum_gapfilled_637,1
Sphingobacterium spiritivorum_gapfilled_614,1
Sphingobacterium spiritivorum_gapfilled_20,0
Sphingobacterium spiritivorum_gapfilled_953,1
Sphingobacterium spiritivorum_gapfilled_745,1
Sphingobacterium spiritivorum_gapfilled_228,1
Sphingobacterium spiritivorum_gapfilled_765,1
Sphingobacterium spiritivorum_gapfilled_397,0
Sphingobacterium spiritivorum_gapfilled_60,1
Sphingobacterium spiritivorum_gapfilled_581,1
Sphingobacterium spiritivorum_gapfilled_120,1
Sphingobacterium spiritivorum_gapfilled_450,1
Sphingobacterium spiritivorum_gapfilled_110,1
Sphingobacterium spiritivorum_gapfilled_928,1
Sphingobacterium spiritivorum_gapfilled_834,0
Sphingobacterium spiritivorum_gapfilled_510,1
Sphingobacterium spiritivorum_gapfilled_268,1
Sphingobacterium spiritivorum_gapfilled_782,1
Sphingobacterium spiritivorum_gapfilled_787,1
Sphingobacterium spiritivorum_gapfilled_629,1
Sphingobacterium spiritivorum_gapfilled_313,1
Sphingobacterium spiritivorum_gapfilled_917,1
Sphingobacterium spiritivorum_gapfilled_69,1
Sphingobacterium spiritivorum_gapfilled_134,1
Sphingobacterium spiritivorum_gapfilled_92,1
Sphingobacterium spiritivorum_gapfilled_908,1
Sphingobacterium spiritivorum_gapfilled_315,1
Sphingobacterium spiritivorum_gapfilled_91,1
Sphingobacterium spiritivorum_gapfilled_992,1
Sphingobacterium spiritivorum_gapfilled_687,0
Sphingobacterium spiritivorum_gapfilled_43,1
Sphingobacterium spiritivorum_gapfilled_466,1
Sphingobacterium spiritivorum_gapfilled_609,1
Sphingobacterium spiritivorum_gapfilled_573,1
Sphingobacterium spiritivorum_gapfilled_907,1
Sphingobacterium spiritivorum_gapfilled_979,1
Sphingobacterium spiritivorum_gapfilled_740,1
Sphingobacterium spiritivorum_gapfilled_274,1
Sphingobacterium spiritivorum_gapfilled_2,0
Sphingobacterium spiritivorum_gapfilled_125,1
Sphingobacterium spiritivorum_gapfilled_156,1
Sphingobacterium spiritivorum_gapfilled_641,1
Sphingobacterium spiritivorum_gapfilled_564,1
Sphingobacterium spiritivorum_gapfilled_574,1
Sphingobacterium spiritivorum_gapfilled_189,1
Sphingobacterium spiritivorum_gapfilled_672,1
Sphingobacterium spiritivorum_gapfilled_350,1
Sphingobacterium spiritivorum_gapfilled_650,1
Sphingobacterium spiritivorum_gapfilled_366,1
Sphingobacterium spiritivorum_gapfilled_461,1
Sphingobacterium spiritivorum_gapfilled_444,0
Sphingobacterium spiritivorum_gapfilled_903,1
Sphingobacterium spiritivorum_gapfilled_214,1
Sphingobacterium spiritivorum_gapfilled_618,1
Sphingobacterium spiritivorum_gapfilled_735,1
Sphingobacterium spiritivorum_gapfilled_288,1
Sphingobacterium spiritivorum_gapfilled_144,1
Sphingobacterium spiritivorum_gapfilled_434,1
Sphingobacterium spiritivorum_gapfilled_53,1
Sphingobacterium spiritivorum_gapfilled_948,1
Sphingobacterium spiritivorum_gapfilled_801,1
Sphingobacterium spiritivorum_gapfilled_598,1
Sphingobacterium spiritivorum_gapfilled_768,1
Sphingobacterium spiritivorum_gapfilled_339,0
Sphingobacterium spiritivorum_gapfilled_159,1
Sphingobacterium spiritivorum_gapfilled_820,0
Sphingobacterium spiritivorum_gapfilled_317,1
Sphingobacterium spiritivorum_gapfilled_275,1
Sphingobacterium spiritivorum_gapfilled_776,1
Sphingobacterium spiritivorum_gapfilled_452,0
Sphingobacterium spiritivorum_gapfilled_751,1
Sphingobacterium spiritivorum_gapfilled_457,1
Sphingobacterium spiritivorum_gapfilled_655,1
Sphingobacterium spiritivorum_gapfilled_707,1
Sphingobacterium spiritivorum_gapfilled_68,1
Sphingobacterium spiritivorum_gapfilled_398,1
Sphingobacterium spiritivorum_gapfilled_577,1
Sphingobacterium spiritivorum_gapfilled_728,1
Sphingobacterium spiritivorum_gapfilled_343,0
Sphingobacterium spiritivorum_gapfilled_272,1
Sphingobacterium spiritivorum_gapfilled_168,1
Sphingobacterium spiritivorum_gapfilled_80,0
Sphingobacterium spiritivorum_gapfilled_711,0
Sphingobacterium spiritivorum_gapfilled_699,1
Sphingobacterium spiritivorum_gapfilled_405,0
Sphingobacterium spiritivorum_gapfilled_385,0
Sphingobacterium spiritivorum_gapfilled_797,1
Sphingobacterium spiritivorum_gapfilled_425,1
Sphingobacterium spiritivorum_gapfilled_305,1
Sphingobacterium spiritivorum_gapfilled_437,1
Sphingobacterium spiritivorum_gapfilled_872,1
Sphingobacterium spiritivorum_gapfilled_152,1
Sphingobacterium spiritivorum_gapfilled_281,1
Sphingobacterium spiritivorum_gapfilled_392,1
Sphingobacterium spiritivorum_gapfilled_9,1
Sphingobacterium spiritivorum_gapfilled_503,1
Sphingobacterium spiritivorum_gapfilled_127,1
Sphingobacterium spiritivorum_gapfilled_222,1
Sphingobacterium spiritivorum_gapfilled_678,1
Sphingobacterium spiritivorum_gapfilled_923,1
Sphingobacterium spiritivorum_gapfilled_748,1
Sphingobacterium spiritivorum_gapfilled_70,1
Sphingobacterium spiritivorum_gapfilled_722,1
Sphingobacterium spiritivorum_gapfilled_319,1
Sphingobacterium spiritivorum_gapfilled_867,1
Sphingobacterium spiritivorum_gapfilled_985,1
Sphingobacterium spiritivorum_gapfilled_736,1
Sphingobacterium spiritivorum_gapfilled_375,1
Sphingobacterium spiritivorum_gapfilled_387,1
Sphingobacterium spiritivorum_gapfilled_603,1
Sphingobacterium spiritivorum_gapfilled_855,1
Sphingobacterium spiritivorum_gapfilled_813,0
Sphingobacterium spiritivorum_gapfilled_93,1
Sphingobacterium spiritivorum_gapfilled_833,1
Sphingobacterium spiritivorum_gapfilled_520,1
Sphingobacterium spiritivorum_gapfilled_556,1
Sphingobacterium spiritivorum_gapfilled_515,1
Sphingobacterium spiritivorum_gapfilled_862,1
Sphingobacterium spiritivorum_gapfilled_509,1
Sphingobacterium spiritivorum_gapfilled_361,1
Sphingobacterium spiritivorum_gapfilled_771,1
Sphingobacterium spiritivorum_gapfilled_666,1
Sphingobacterium spiritivorum_gapfilled_840,0
Sphingobacterium spiritivorum_gapfilled_111,1
Sphingobacterium spiritivorum_gapfilled_698,1
Sphingobacterium spiritivorum_gapfilled_839,1
Sphingobacterium spiritivorum_gapfilled_651,1
Sphingobacterium spiritivorum_gapfilled_97,1
Sphingobacterium spiritivorum_gapfilled_180,1
Sphingobacterium spiritivorum_gapfilled_821,1
Sphingobacterium spiritivorum_gapfilled_916,1
Sphingobacterium spiritivorum_gapfilled_634,1
Sphingobacterium spiritivorum_gapfilled_399,1
Sphingobacterium spiritivorum_gapfilled_6,1
Sphingobacterium spiritivorum_gapfilled_667,1
Sphingobacterium spiritivorum_gapfilled_552,1
Sphingobacterium spiritivorum_gapfilled_558,1
Sphingobacterium spiritivorum_gapfilled_889,1
Sphingobacterium spiritivorum_gapfilled_184,1
Sphingobacterium spiritivorum_gapfilled_863,1
Sphingobacterium spiritivorum_gapfilled_587,1
Sphingobacterium spiritivorum_gapfilled_257,1
Sphingobacterium spiritivorum_gapfilled_30,1
Sphingobacterium spiritivorum_gapfilled_440,1
Sphingobacterium spiritivorum_gapfilled_371,1
Sphingobacterium spiritivorum_gapfilled_362,1
Sphingobacterium spiritivorum_gapfilled_145,1
Sphingobacterium spiritivorum_gapfilled_501,1
Sphingobacterium spiritivorum_gapfilled_924,1
Sphingobacterium spiritivorum_gapfilled_393,0
Sphingobacterium spiritivorum_gapfilled_456,1
Sphingobacterium spiritivorum_gapfilled_590,1
Sphingobacterium spiritivorum_gapfilled_391,1
Sphingobacterium spiritivorum_gapfilled_694,1
Sphingobacterium spiritivorum_gapfilled_379,1
Sphingobacterium spiritivorum_gapfilled_117,1
Sphingobacterium spiritivorum_gapfilled_251,1
Sphingobacterium spiritivorum_gapfilled_943,1
Sphingobacterium spiritivorum_gapfilled_785,1
Sphingobacterium spiritivorum_gapfilled_384,1
Sphingobacterium spiritivorum_gapfilled_84,1
Sphingobacterium spiritivorum_gapfilled_659,1
Sphingobacterium spiritivorum_gapfilled_47,1
Sphingobacterium spiritivorum_gapfilled_744,1
Sphingobacterium spiritivorum_gapfilled_693,1
Sphingobacterium spiritivorum_gapfilled_627,1
Sphingobacterium spiritivorum_gapfilled_269,1
Sphingobacterium spiritivorum_gapfilled_696,0
Sphingobacterium spiritivorum_gapfilled_197,1
Sphingobacterium spiritivorum_gapfilled_436,1
Sphingobacterium spiritivorum_gapfilled_909,0
Sphingobacterium spiritivorum_gapfilled_952,1
Sphingobacterium spiritivorum_gapfilled_176,1
Sphingobacterium spiritivorum_gapfilled_991,1
Sphingobacterium spiritivorum_gapfilled_261,1
Sphingobacterium spiritivorum_gapfilled_596,1
Sphingobacterium spiritivorum_gapfilled_413,1
Sphingobacterium spiritivorum_gapfilled_611,1
Sphingobacterium spiritivorum_gapfilled_188,1
Sphingobacterium spiritivorum_gapfilled_241,0
Sphingobacterium spiritivorum_gapfilled_119,1
Sphingobacterium spiritivorum_gapfilled_683,1
Sphingobacterium spiritivorum_gapfilled_388,1
Sphingobacterium spiritivorum_gapfilled_824,1
Sphingobacterium spiritivorum_gapfilled_513,1
Sphingobacterium spiritivorum_gapfilled_331,1
Sphingobacterium spiritivorum_gapfilled_354,1
Sphingobacterium spiritivorum_gapfilled_122,1
Sphingobacterium spiritivorum_gapfilled_648,1
Sphingobacterium spiritivorum_gapfilled_527,1
Sphingobacterium spiritivorum_gapfilled_533,0
Sphingobacterium spiritivorum_gapfilled_126,0
Sphingobacterium spiritivorum_gapfilled_389,1
Sphingobacterium spiritivorum_gapfilled_814,0
Sphingobacterium spiritivorum_gapfilled_441,1
Sphingobacterium spiritivorum_gapfilled_570,1
Sphingobacterium spiritivorum_gapfilled_758,1
Sphingobacterium spiritivorum_gapfilled_325,1
Sphingobacterium spiritivorum_gapfilled_496,1
Sphingobacterium spiritivorum_gapfilled_660,1
Sphingobacterium spiritivorum_gapfilled_579,1
Sphingobacterium spiritivorum_gapfilled_17,1
Sphingobacterium spiritivorum_gapfilled_420,1
Sphingobacterium spiritivorum_gapfilled_798,1
Sphingobacterium spiritivorum_gapfilled_929,1
Sphingobacterium spiritivorum_gapfilled_322,1
Sphingobacterium spiritivorum_gapfilled_118,1
Sphingobacterium spiritivorum_gapfilled_752,1
Sphingobacterium spiritivorum_gapfilled_267,1
Sphingobacterium spiritivorum_gapfilled_709,1
Sphingobacterium spiritivorum_gapfilled_4,1
Sphingobacterium spiritivorum_gapfilled_15,1
Sphingobacterium spiritivorum_gapfilled_625,1
Sphingobacterium spiritivorum_gapfilled_429,1
Sphingobacterium spiritivorum_gapfilled_684,1
Sphingobacterium spiritivorum_gapfilled_968,1
Sphingobacterium spiritivorum_gapfilled_294,0
Sphingobacterium spiritivorum_gapfilled_811,1
Sphingobacterium spiritivorum_gapfilled_104,0
Sphingobacterium spiritivorum_gapfilled_621,1
Sphingobacterium spiritivorum_gapfilled_171,1
Sphingobacterium spiritivorum_gapfilled_140,1
Sphingobacterium spiritivorum_gapfilled_318,1
Sphingobacterium spiritivorum_gapfilled_290,1
Sphingobacterium spiritivorum_gapfilled_988,0
Sphingobacterium spiritivorum_gapfilled_555,1
Sphingobacterium spiritivorum_gapfilled_332,1
Sphingobacterium spiritivorum_gapfilled_194,1
Sphingobacterium spiritivorum_gapfilled_691,1
Sphingobacterium spiritivorum_gapfilled_279,1
Sphingobacterium spiritivorum_gapfilled_532,1
Sphingobacterium spiritivorum_gapfilled_237,1
Sphingobacterium spiritivorum_gapfilled_59,1
Sphingobacterium spiritivorum_gapfilled_130,1
Sphingobacterium spiritivorum_gapfilled_372,1
Sphingobacterium spiritivorum_gapfilled_293,1
Sphingobacterium spiritivorum_gapfilled_912,1
Sphingobacterium spiritivorum_gapfilled_121,1
Sphingobacterium spiritivorum_gapfilled_309,1
Sphingobacterium spiritivorum_gapfilled_930,1
Sphingobacterium spiritivorum_gapfilled_90,0
Sphingobacterium spiritivorum_gapfilled_766,1
Sphingobacterium spiritivorum_gapfilled_881,1
Sphingobacterium spiritivorum_gapfilled_86,1
Sphingobacterium spiritivorum_gapfilled_63,1
Sphingobacterium spiritivorum_gapfilled_65,1
Sphingobacterium spiritivorum_gapfilled_406,1
Sphingobacterium spiritivorum_gapfilled_238,1
Sphingobacterium spiritivorum_gapfilled_810,1
Sphingobacterium spiritivorum_gapfilled_870,1
Sphingobacterium spiritivorum_gapfilled_937,1
Sphingobacterium spiritivorum_gapfilled_878,1
Sphingobacterium spiritivorum_gapfilled_671,1
Sphingobacterium spiritivorum_gapfilled_459,1
Sphingobacterium spiritivorum_gapfilled_951,1
Sphingobacterium spiritivorum_gapfilled_553,1
Sphingobacterium spiritivorum_gapfilled_408,1
Sphingobacterium spiritivorum_gapfilled_970,0
Sphingobacterium spiritivorum_gapfilled_703,1
Sphingobacterium spiritivorum_gapfilled_39,1
Sphingobacterium spiritivorum_gapfilled_301,1
Sphingobacterium spiritivorum_gapfilled_129,1
Sphingobacterium spiritivorum_gapfilled_914,1
Sphingobacterium spiritivorum_gapfilled_819,1
Sphingobacterium spiritivorum_gapfilled_337,1
Sphingobacterium spiritivorum_gapfilled_352,1
Sphingobacterium spiritivorum_gapfilled_582,1
Sphingobacterium spiritivorum_gapfilled_162,1
Sphingobacterium spiritivorum_gapfilled_548,1
Sphingobacterium spiritivorum_gapfilled_219,1
Sphingobacterium spiritivorum_gapfilled_899,1
Sphingobacterium spiritivorum_gapfilled_856,0
Sphingobacterium spiritivorum_gapfilled_959,1
Sphingobacterium spiritivorum_gapfilled_788,1
Sphingobacterium spiritivorum_gapfilled_367,1
Sphingobacterium spiritivorum_gapfilled_249,1
Sphingobacterium spiritivorum_gapfilled_52,0
Sphingobacterium spiritivorum_gapfilled_523,1
Sphingobacterium spiritivorum_gapfilled_383,1
Sphingobacterium spiritivorum_gapfilled_300,1
Sphingobacterium spiritivorum_gapfilled_378,0
Sphingobacterium spiritivorum_gapfilled_412,1
Sphingobacterium spiritivorum_gapfilled_608,1
Sphingobacterium spiritivorum_gapfilled_262,1
Sphingobacterium spiritivorum_gapfilled_635,1
Sphingobacterium spiritivorum_gapfilled_292,1
Sphingobacterium spiritivorum_gapfilled_33,1
Sphingobacterium spiritivorum_gapfilled_402,1
Sphingobacterium spiritivorum_gapfilled_447,1
Sphingobacterium spiritivorum_gapfilled_589,0
Sphingobacterium spiritivorum_gapfilled_460,1
Sphingobacterium spiritivorum_gapfilled_607,0
Sphingobacterium spiritivorum_gapfilled_522,1
Sphingobacterium spiritivorum_gapfilled_950,1
Sphingobacterium spiritivorum_gapfilled_247,1
Sphingobacterium spiritivorum_gapfilled_849,0
Sphingobacterium spiritivorum_gapfilled_497,0
Sphingobacterium spiritivorum_gapfilled_981,1
Sphingobacterium spiritivorum_gapfilled_764,1
Sphingobacterium spiritivorum_gapfilled_601,1
Sphingobacterium spiritivorum_gapfilled_139,1
Sphingobacterium spiritivorum_gapfilled_761,0
Sphingobacterium spiritivorum_gapfilled_708,1
Sphingobacterium spiritivorum_gapfilled_87,1
Sphingobacterium spiritivorum_gapfilled_382,1
Sphingobacterium spiritivorum_gapfilled_777,1
Sphingobacterium spiritivorum_gapfilled_894,1
Sphingobacterium spiritivorum_gapfilled_252,1
Sphingobacterium spiritivorum_gapfilled_212,1
Sphingobacterium spiritivorum_gapfilled_220,1
Sphingobacterium spiritivorum_gapfilled_167,1
Sphingobacterium spiritivorum_gapfilled_101,1
Sphingobacterium spiritivorum_gapfilled_973,1
Sphingobacterium spiritivorum_gapfilled_955,1
Sphingobacterium spiritivorum_gapfilled_57,1
Sphingobacterium spiritivorum_gapfilled_668,1
Sphingobacterium spiritivorum_gapfilled_338,0
Sphingobacterium spiritivorum_gapfilled_164,1
Sphingobacterium spiritivorum_gapfilled_883,1
Sphingobacterium spiritivorum_gapfilled_594,1
Sphingobacterium spiritivorum_gapfilled_81,0
Sphingobacterium spiritivorum_gapfilled_874,1
Sphingobacterium spiritivorum_gapfilled_381,1
Sphingobacterium spiritivorum_gapfilled_592,1
Sphingobacterium spiritivorum_gapfilled_306,1
Sphingobacterium spiritivorum_gapfilled_324,1
Sphingobacterium spiritivorum_gapfilled_445,1
Sphingobacterium spiritivorum_gapfilled_848,1
Sphingobacterium spiritivorum_gapfilled_803,1
Sphingobacterium spiritivorum_gapfilled_779,1
Sphingobacterium spiritivorum_gapfilled_131,1
Sphingobacterium spiritivorum_gapfilled_974,1
Sphingobacterium spiritivorum_gapfilled_639,1
Sphingobacterium spiritivorum_gapfilled_499,1
Sphingobacterium spiritivorum_gapfilled_253,1
Sphingobacterium spiritivorum_gapfilled_469,1
Sphingobacterium spiritivorum_gapfilled_800,0
Sphingobacterium spiritivorum_gapfilled_754,1
Sphingobacterium spiritivorum_gapfilled_606,1
Sphingobacterium spiritivorum_gapfilled_877,1
Sphingobacterium spiritivorum_gapfilled_314,1
Sphingobacterium spiritivorum_gapfilled_940,1
Sphingobacterium spiritivorum_gapfilled_792,1
Sphingobacterium spiritivorum_gapfilled_549,1
Sphingobacterium spiritivorum_gapfilled_544,1
Sphingobacterium spiritivorum_gapfilled_248,1
Sphingobacterium spiritivorum_gapfilled_511,1
Sphingobacterium spiritivorum_gapfilled_349,1
Sphingobacterium spiritivorum_gapfilled_115,1
Sphingobacterium spiritivorum_gapfilled_355,1
Sphingobacterium spiritivorum_gapfilled_784,1
Sphingobacterium spiritivorum_gapfilled_273,1
Sphingobacterium spiritivorum_gapfilled_259,1
Sphingobacterium spiritivorum_gapfilled_749,1
Sphingobacterium spiritivorum_gapfilled_804,0
Sphingobacterium spiritivorum_gapfilled_663,1
Sphingobacterium spiritivorum_gapfilled_854,1
Sphingobacterium spiritivorum_gapfilled_438,0
Sphingobacterium spiritivorum_gapfilled_328,0
Sphingobacterium spiritivorum_gapfilled_473,1
Sphingobacterium spiritivorum_gapfilled_234,1
Sphingobacterium spiritivorum_gapfilled_165,0
Sphingobacterium spiritivorum_gapfilled_850,1
Sphingobacterium spiritivorum_gapfilled_995,1
Sphingobacterium spiritivorum_gapfilled_742,1
Sphingobacterium spiritivorum_gapfilled_616,1
Sphingobacterium spiritivorum_gapfilled_565,0
Sphingobacterium spiritivorum_gapfilled_216,1
Sphingobacterium spiritivorum_gapfilled_453,1
Sphingobacterium spiritivorum_gapfilled_837,0
Sphingobacterium spiritivorum_gapfilled_790,1
Sphingobacterium spiritivorum_gapfilled_256,1
Sphingobacterium spiritivorum_gapfilled_689,1
Sphingobacterium spiritivorum_gapfilled_400,0
Sphingobacterium spiritivorum_gapfilled_809,1
Sphingobacterium spiritivorum_gapfilled_559,1
Sphingobacterium spiritivorum_gapfilled_526,1
Sphingobacterium spiritivorum_gapfilled_128,1
Sphingobacterium spiritivorum_gapfilled_323,1
Sphingobacterium spiritivorum_gapfilled_468,0
Sphingobacterium spiritivorum_gapfilled_919,1
Sphingobacterium spiritivorum_gapfilled_161,1
Sphingobacterium spiritivorum_gapfilled_827,1
Sphingobacterium spiritivorum_gapfilled_893,1
Sphingobacterium spiritivorum_gapfilled_871,1
Sphingobacterium spiritivorum_gapfilled_859,0
Sphingobacterium spiritivorum_gapfilled_401,1
Sphingobacterium spiritivorum_gapfilled_720,1
Sphingobacterium spiritivorum_gapfilled_316,1
Sphingobacterium spiritivorum_gapfilled_806,1
Sphingobacterium spiritivorum_gapfilled_868,1
Sphingobacterium spiritivorum_gapfilled_941,1
Sphingobacterium spiritivorum_gapfilled_853,1
Sphingobacterium spiritivorum_gapfilled_670,0
Sphingobacterium spiritivorum_gapfilled_102,0
Sphingobacterium spiritivorum_gapfilled_48,1
Sphingobacterium spiritivorum_gapfilled_763,1
Sphingobacterium spiritivorum_gapfilled_485,1
Sphingobacterium spiritivorum_gapfilled_551,1
Sphingobacterium spiritivorum_gapfilled_424,1
Sphingobacterium spiritivorum_gapfilled_604,1
Sphingobacterium spiritivorum_gapfilled_296,1
Sphingobacterium spiritivorum_gapfilled_114,1
Sphingobacterium spiritivorum_gapfilled_525,0
Sphingobacterium spiritivorum_gapfilled_508,1
Sphingobacterium spiritivorum_gapfilled_183,0
Sphingobacterium spiritivorum_gapfilled_462,0
Sphingobacterium spiritivorum_gapfilled_679,1
Sphingobacterium spiritivorum_gapfilled_403,1
Sphingobacterium spiritivorum_gapfilled_876,1
Sphingobacterium spiritivorum_gapfilled_229,1
Sphingobacterium spiritivorum_gapfilled_463,1
Sphingobacterium spiritivorum_gapfilled_504,1
Sphingobacterium spiritivorum_gapfilled_906,1
Sphingobacterium spiritivorum_gapfilled_99,1
Sphingobacterium spiritivorum_gapfilled_464,1
Sphingobacterium spiritivorum_gapfilled_287,1
Sphingobacterium spiritivorum_gapfilled_289,1
Sphingobacterium spiritivorum_gapfilled_536,1
Sphingobacterium spiritivorum_gapfilled_218,1
Sphingobacterium spiritivorum_gapfilled_173,1
Sphingobacterium spiritivorum_gapfilled_285,0
Sphingobacterium spiritivorum_gapfilled_795,1
Sphingobacterium spiritivorum_gapfilled_36,1
Sphingobacterium spiritivorum_gapfilled_769,1
Sphingobacterium spiritivorum_gapfilled_530,1
Sphingobacterium spiritivorum_gapfilled_390,1
Sphingobacterium spiritivorum_gapfilled_741,1
Sphingobacterium spiritivorum_gapfilled_990,1
Sphingobacterium spiritivorum_gapfilled_18,1
Sphingobacterium spiritivorum_gapfilled_861,1
Sphingobacterium spiritivorum_gapfilled_8,1
Sphingobacterium spiritivorum_gapfilled_89,1
Sphingobacterium spiritivorum_gapfilled_0,1
Sphingobacterium spiritivorum_gapfilled_886,1
Sphingobacterium spiritivorum_gapfilled_395,1
Sphingobacterium spiritivorum_gapfilled_298,1
Sphingobacterium spiritivorum_gapfilled_242,1
Sphingobacterium spiritivorum_gapfilled_27,1
Sphingobacterium spiritivorum_gapfilled_933,1
Sphingobacterium spiritivorum_gapfilled_422,1
Sphingobacterium spiritivorum_gapfilled_567,1
Sphingobacterium spiritivorum_gapfilled_213,1
Sphingobacterium spiritivorum_gapfilled_411,1
Sphingobacterium spiritivorum_gapfilled_169,1
Sphingobacterium spiritivorum_gapfilled_998,1
Sphingobacterium spiritivorum_gapfilled_430,1
Sphingobacterium spiritivorum_gapfilled_245,1
Sphingobacterium spiritivorum_gapfilled_665,1
Sphingobacterium spiritivorum_gapfilled_79,1
Sphingobacterium spiritivorum_gapfilled_658,1
Sphingobacterium spiritivorum_gapfilled_23,1
Sphingobacterium spiritivorum_gapfilled_913,1
Sphingobacterium spiritivorum_gapfilled_224,1
Sphingobacterium spiritivorum_gapfilled_695,1
Sphingobacterium spiritivorum_gapfilled_203,1
Sphingobacterium spiritivorum_gapfilled_265,1
Sphingobacterium spiritivorum_gapfilled_895,1
Sphingobacterium spiritivorum_gapfilled_550,1
Sphingobacterium spiritivorum_gapfilled_885,1
Sphingobacterium spiritivorum_gapfilled_348,1
Sphingobacterium spiritivorum_gapfilled_586,1
Sphingobacterium spiritivorum_gapfilled_915,1
Sphingobacterium spiritivorum_gapfilled_864,0
Sphingobacterium spiritivorum_gapfilled_892,1
Sphingobacterium spiritivorum_gapfilled_866,1
Sphingobacterium spiritivorum_gapfilled_922,1
Sphingobacterium spiritivorum_gapfilled_682,1
Sphingobacterium spiritivorum_gapfilled_931,0
Sphingobacterium spiritivorum_gapfilled_538,1
Sphingobacterium spiritivorum_gapfilled_726,1
Sphingobacterium spiritivorum_gapfilled_246,1
Sphingobacterium spiritivorum_gapfilled_993,1
Sphingobacterium spiritivorum_gapfilled_451,1
Sphingobacterium spiritivorum_gapfilled_620,1
Sphingobacterium spiritivorum_gapfilled_439,1
Sphingobacterium spiritivorum_gapfilled_211,1
Sphingobacterium spiritivorum_gapfilled_718,1
Sphingobacterium spiritivorum_gapfilled_109,1
Sphingobacterium spiritivorum_gapfilled_956,1
Sphingobacterium spiritivorum_gapfilled_478,1
Sphingobacterium spiritivorum_gapfilled_983,0
Sphingobacterium spiritivorum_gapfilled_489,1
Sphingobacterium spiritivorum_gapfilled_664,1
Sphingobacterium spiritivorum_gapfilled_759,1
Sphingobacterium spiritivorum_gapfilled_505,0
Sphingobacterium spiritivorum_gapfilled_417,1
Sphingobacterium spiritivorum_gapfilled_77,1
Sphingobacterium spiritivorum_gapfilled_817,1
Sphingobacterium spiritivorum_gapfilled_487,1
Sphingobacterium spiritivorum_gapfilled_368,0
Sphingobacterium spiritivorum_gapfilled_85,1
Sphingobacterium spiritivorum_gapfilled_182,1
Sphingobacterium spiritivorum_gapfilled_142,1
Sphingobacterium spiritivorum_gapfilled_195,1
Sphingobacterium spiritivorum_gapfilled_884,1
Sphingobacterium spiritivorum_gapfilled_233,1
Sphingobacterium spiritivorum_gapfilled_56,1
Sphingobacterium spiritivorum_gapfilled_351,1
Sphingobacterium spiritivorum_gapfilled_725,1
Sphingobacterium spiritivorum_gapfilled_964,1
Sphingobacterium spiritivorum_gapfilled_747,1
Sphingobacterium spiritivorum_gapfilled_414,1
Sphingobacterium spiritivorum_gapfilled_61,0
Sphingobacterium spiritivorum_gapfilled_946,1
Sphingobacterium spiritivorum_gapfilled_22,1
Sphingobacterium spiritivorum_gapfilled_654,1
Sphingobacterium spiritivorum_gapfilled_542,1
Sphingobacterium spiritivorum_gapfilled_335,1
Sphingobacterium spiritivorum_gapfilled_605,0
Sphingobacterium spiritivorum_gapfilled_286,1
Sphingobacterium spiritivorum_gapfilled_327,1
Sphingobacterium spiritivorum_gapfilled_704,0
Sphingobacterium spiritivorum_gapfilled_10,1
Sphingobacterium spiritivorum_gapfilled_73,0
Sphingobacterium spiritivorum_gapfilled_584,1
Sphingobacterium spiritivorum_gapfilled_240,1
Sphingobacterium spiritivorum_gapfilled_138,1
Sphingobacterium spiritivorum_gapfilled_927,1
Sphingobacterium spiritivorum_gapfilled_617,1
Sphingobacterium spiritivorum_gapfilled_458,1
Sphingobacterium spiritivorum_gapfilled_987,1
Sphingobacterium spiritivorum_gapfilled_396,1
Sphingobacterium spiritivorum_gapfilled_588,1
Sphingobacterium spiritivorum_gapfilled_227,1
Sphingobacterium spiritivorum_gapfilled_965,1
Sphingobacterium spiritivorum_gapfilled_491,1
Sphingobacterium spiritivorum_gapfilled_223,1
Sphingobacterium spiritivorum_gapfilled_72,1
Sphingobacterium spiritivorum_gapfilled_432,1
Sphingobacterium spiritivorum_gapfilled_879,0
Sphingobacterium spiritivorum_gapfilled_483,1
Sphingobacterium spiritivorum_gapfilled_521,0
Sphingobacterium spiritivorum_gapfilled_944,1
Sphingobacterium spiritivorum_gapfilled_978,1
Sphingobacterium spiritivorum_gapfilled_593,1
Sphingobacterium spiritivorum_gapfilled_236,0
Sphingobacterium spiritivorum_gapfilled_55,0
Sphingobacterium spiritivorum_gapfilled_326,0
Sphingobacterium spiritivorum_gapfilled_732,1
Sphingobacterium spiritivorum_gapfilled_562,1
Sphingobacterium spiritivorum_gapfilled_575,1
Sphingobacterium spiritivorum_gapfilled_743,0
Sphingobacterium spiritivorum_gapfilled_831,1
Sphingobacterium spiritivorum_gapfilled_21,0
Sphingobacterium spiritivorum_gapfilled_428,1
Sphingobacterium spiritivorum_gapfilled_770,1
Sphingobacterium spiritivorum_gapfilled_935,1
Sphingobacterium spiritivorum_gapfilled_225,0
Sphingobacterium spiritivorum_gapfilled_808,0
Sphingobacterium spiritivorum_gapfilled_890,1
Sphingobacterium spiritivorum_gapfilled_960,1
Sphingobacterium spiritivorum_gapfilled_583,1
Sphingobacterium spiritivorum_gapfilled_380,1
Sphingobacterium spiritivorum_gapfilled_900,1
Sphingobacterium spiritivorum_gapfilled_807,1
Sphingobacterium spiritivorum_gapfilled_28,1
Sphingobacterium spiritivorum_gapfilled_232,0
Sphingobacterium spiritivorum_gapfilled_638,1
Sphingobacterium spiritivorum_gapfilled_843,1
Sphingobacterium spiritivorum_gapfilled_270,1
Sphingobacterium spiritivorum_gapfilled_113,1
Sphingobacterium spiritivorum_gapfilled_35,1
Sphingobacterium spiritivorum_gapfilled_177,1
Sphingobacterium spiritivorum_gapfilled_226,1
Sphingobacterium spiritivorum_gapfilled_330,1
Sphingobacterium spiritivorum_gapfilled_925,0
Sphingobacterium spiritivorum_gapfilled_205,0
Sphingobacterium spiritivorum_gapfilled_419,1
Sphingobacterium spiritivorum_gapfilled_805,1
Sphingobacterium spiritivorum_gapfilled_336,0
Sphingobacterium spiritivorum_gapfilled_857,0
Sphingobacterium spiritivorum_gapfilled_157,1
Sphingobacterium spiritivorum_gapfilled_961,1
Sphingobacterium spiritivorum_gapfilled_442,1
Sphingobacterium spiritivorum_gapfilled_410,1
Sphingobacterium spiritivorum_gapfilled_280,1
Sphingobacterium spiritivorum_gapfilled_474,1
Sphingobacterium spiritivorum_gapfilled_733,1
Sphingobacterium spiritivorum_gapfilled_421,1
Sphingobacterium spiritivorum_gapfilled_847,0
Sphingobacterium spiritivorum_gapfilled_630,1
Sphingobacterium spiritivorum_gapfilled_969,1
Sphingobacterium spiritivorum_gapfilled_506,1
Sphingobacterium spiritivorum_gapfilled_822,1
Sphingobacterium spiritivorum_gapfilled_191,1
Sphingobacterium spiritivorum_gapfilled_284,1
Sphingobacterium spiritivorum_gapfilled_875,1
Sphingobacterium spiritivorum_gapfilled_490,1
Sphingobacterium spiritivorum_gapfilled_148,1
Sphingobacterium spiritivorum_gapfilled_624,1
Sphingobacterium spiritivorum_gapfilled_901,1
Sphingobacterium spiritivorum_gapfilled_971,1
Sphingobacterium spiritivorum_gapfilled_149,1
Sphingobacterium spiritivorum_gapfilled_342,1
Sphingobacterium spiritivorum_gapfilled_547,1
Sphingobacterium spiritivorum_gapfilled_633,1
Sphingobacterium spiritivorum_gapfilled_482,1
Sphingobacterium spiritivorum_gapfilled_546,1
Sphingobacterium spiritivorum_gapfilled_882,1
Sphingobacterium spiritivorum_gapfilled_910,1
Sphingobacterium spiritivorum_gapfilled_568,1
Sphingobacterium spiritivorum_gapfilled_310,1
Sphingobacterium spiritivorum_gapfilled_5,1
Sphingobacterium spiritivorum_gapfilled_174,1
Sphingobacterium spiritivorum_gapfilled_83,1
Sphingobacterium spiritivorum_gapfilled_838,1
Sphingobacterium spiritivorum_gapfilled_409,1
Sphingobacterium spiritivorum_gapfilled_370,1
Sphingobacterium spiritivorum_gapfilled_334,1
Sphingobacterium spiritivorum_gapfilled_199,1
Sphingobacterium spiritivorum_gapfilled_231,1
Sphingobacterium spiritivorum_gapfilled_715,0
Sphingobacterium spiritivorum_gapfilled_32,1
Sphingobacterium spiritivorum_gapfilled_921,1
Sphingobacterium spiritivorum_gapfilled_307,1
Sphingobacterium spiritivorum_gapfilled_734,1
Sphingobacterium spiritivorum_gapfilled_846,1
Sphingobacterium spiritivorum_gapfilled_37,1
Sphingobacterium spiritivorum_gapfilled_514,1
Sphingobacterium spiritivorum_gapfilled_133,1
Sphingobacterium spiritivorum_gapfilled_492,0
Sphingobacterium spiritivorum_gapfilled_729,1
Sphingobacterium spiritivorum_gapfilled_394,1
Sphingobacterium spiritivorum_gapfilled_524,1
Sphingobacterium spiritivorum_gapfilled_386,1
Sphingobacterium spiritivorum_gapfilled_193,1
Sphingobacterium spiritivorum_gapfilled_347,1
Sphingobacterium spiritivorum_gapfilled_74,1
Sphingobacterium spiritivorum_gapfilled_215,1
Sphingobacterium spiritivorum_gapfilled_700,0
Sphingobacterium spiritivorum_gapfilled_531,0
Sphingobacterium spiritivorum_gapfilled_713,0
Sphingobacterium spiritivorum_gapfilled_283,1
Sphingobacterium spiritivorum_gapfilled_891,0
Sphingobacterium spiritivorum_gapfilled_942,1
Sphingobacterium spiritivorum_gapfilled_472,1
Sphingobacterium spiritivorum_gapfilled_746,1
Sphingobacterium spiritivorum_gapfilled_94,1
Sphingobacterium spiritivorum_gapfilled_266,0
Sphingobacterium spiritivorum_gapfilled_957,1
Sphingobacterium spiritivorum_gapfilled_794,1
Sphingobacterium spiritivorum_gapfilled_731,1
Sphingobacterium spiritivorum_gapfilled_66,1
Sphingobacterium spiritivorum_gapfilled_595,1
Sphingobacterium spiritivorum_gapfilled_674,1
Sphingobacterium spiritivorum_gapfilled_230,1
Sphingobacterium spiritivorum_gapfilled_954,1
Sphingobacterium spiritivorum_gapfilled_560,1
Sphingobacterium spiritivorum_gapfilled_841,0
Sphingobacterium spiritivorum_gapfilled_688,1
Sphingobacterium spiritivorum_gapfilled_783,1
Sphingobacterium spiritivorum_gapfilled_415,1
Sphingobacterium spiritivorum_gapfilled_299,1
Sphingobacterium spiritivorum_gapfilled_898,1
Sphingobacterium spiritivorum_gapfilled_966,1
Sphingobacterium spiritivorum_gapfilled_982,1
Sphingobacterium spiritivorum_gapfilled_545,0
Sphingobacterium spiritivorum_gapfilled_446,1
Sphingobacterium spiritivorum_gapfilled_569,1
Sphingobacterium spiritivorum_gapfilled_537,1
Sphingobacterium spiritivorum_gapfilled_132,1
Sphingobacterium spiritivorum_gapfilled_217,0
Sphingobacterium spiritivorum_gapfilled_828,1
Sphingobacterium spiritivorum_gapfilled_155,1
Sphingobacterium spiritivorum_gapfilled_599,1
Sphingobacterium spiritivorum_gapfilled_295,1
Sphingobacterium spiritivorum_gapfilled_571,1
Sphingobacterium spiritivorum_gapfilled_772,1
Sphingobacterium spiritivorum_gapfilled_208,1
Sphingobacterium spiritivorum_gapfilled_781,0
Sphingobacterium spiritivorum_gapfilled_920,1
Sphingobacterium spiritivorum_gapfilled_356,1
Sphingobacterium spiritivorum_gapfilled_714,1
Sphingobacterium spiritivorum_gapfilled_479,1
Sphingobacterium spiritivorum_gapfilled_264,1
Sphingobacterium spiritivorum_gapfilled_702,1
