Staphylococcus epidermidis_gapfilled_116,0
Staphylococcus epidermidis_gapfilled_552,1
Staphylococcus epidermidis_gapfilled_120,1
Staphylococcus epidermidis_gapfilled_876,0
Staphylococcus epidermidis_gapfilled_821,0
Staphylococcus epidermidis_gapfilled_524,1
Staphylococcus epidermidis_gapfilled_370,0
Staphylococcus epidermidis_gapfilled_529,0
Staphylococcus epidermidis_gapfilled_453,0
Staphylococcus epidermidis_gapfilled_434,0
Staphylococcus epidermidis_gapfilled_276,1
Staphylococcus epidermidis_gapfilled_200,1
Staphylococcus epidermidis_gapfilled_251,1
Staphylococcus epidermidis_gapfilled_226,0
Staphylococcus epidermidis_gapfilled_762,0
Staphylococcus epidermidis_gapfilled_83,1
Staphylococcus epidermidis_gapfilled_784,1
Staphylococcus epidermidis_gapfilled_773,1
Staphylococcus epidermidis_gapfilled_702,1
Staphylococcus epidermidis_gapfilled_503,0
Staphylococcus epidermidis_gapfilled_854,0
Staphylococcus epidermidis_gapfilled_206,1
Staphylococcus epidermidis_gapfilled_210,0
Staphylococcus epidermidis_gapfilled_933,0
Staphylococcus epidermidis_gapfilled_595,1
Staphylococcus epidermidis_gapfilled_669,1
Staphylococcus epidermidis_gapfilled_984,0
Staphylococcus epidermidis_gapfilled_635,1
Staphylococcus epidermidis_gapfilled_482,1
Staphylococcus epidermidis_gapfilled_28,0
Staphylococcus epidermidis_gapfilled_14,0
Staphylococcus epidermidis_gapfilled_270,1
Staphylococcus epidermidis_gapfilled_405,0
Staphylococcus epidermidis_gapfilled_418,1
Staphylococcus epidermidis_gapfilled_924,0
Staphylococcus epidermidis_gapfilled_718,1
Staphylococcus epidermidis_gapfilled_898,1
Staphylococcus epidermidis_gapfilled_582,1
Staphylococcus epidermidis_gapfilled_304,0
Staphylococcus epidermidis_gapfilled_265,1
Staphylococcus epidermidis_gapfilled_156,1
Staphylococcus epidermidis_gapfilled_22,0
Staphylococcus epidermidis_gapfilled_992,0
Staphylococcus epidermidis_gapfilled_574,1
Staphylococcus epidermidis_gapfilled_476,1
Staphylococcus epidermidis_gapfilled_555,0
Staphylococcus epidermidis_gapfilled_71,1
Staphylococcus epidermidis_gapfilled_266,1
Staphylococcus epidermidis_gapfilled_386,0
Staphylococcus epidermidis_gapfilled_338,1
Staphylococcus epidermidis_gapfilled_219,1
Staphylococcus epidermidis_gapfilled_954,1
Staphylococcus epidermidis_gapfilled_751,1
Staphylococcus epidermidis_gapfilled_940,0
Staphylococcus epidermidis_gapfilled_356,0
Staphylococcus epidermidis_gapfilled_610,0
Staphylococcus epidermidis_gapfilled_831,1
Staphylococcus epidermidis_gapfilled_392,0
Staphylococcus epidermidis_gapfilled_239,0
Staphylococcus epidermidis_gapfilled_941,1
Staphylococcus epidermidis_gapfilled_323,1
Staphylococcus epidermidis_gapfilled_980,0
Staphylococcus epidermidis_gapfilled_346,1
Staphylococcus epidermidis_gapfilled_665,1
Staphylococcus epidermidis_gapfilled_888,0
Staphylococcus epidermidis_gapfilled_168,1
Staphylococcus epidermidis_gapfilled_148,0
Staphylococcus epidermidis_gapfilled_475,1
Staphylococcus epidermidis_gapfilled_366,0
Staphylococcus epidermidis_gapfilled_194,1
Staphylococcus epidermidis_gapfilled_449,1
Staphylococcus epidermidis_gapfilled_403,1
Staphylococcus epidermidis_gapfilled_858,0
Staphylococcus epidermidis_gapfilled_910,1
Staphylococcus epidermidis_gapfilled_514,0
Staphylococcus epidermidis_gapfilled_841,1
Staphylococcus epidermidis_gapfilled_871,0
Staphylococcus epidermidis_gapfilled_838,0
Staphylococcus epidermidis_gapfilled_991,0
Staphylococcus epidermidis_gapfilled_938,0
Staphylococcus epidermidis_gapfilled_907,0
Staphylococcus epidermidis_gapfilled_542,1
Staphylococcus epidermidis_gapfilled_868,0
Staphylococcus epidermidis_gapfilled_566,1
Staphylococcus epidermidis_gapfilled_240,0
Staphylococcus epidermidis_gapfilled_387,1
Staphylococcus epidermidis_gapfilled_307,1
Staphylococcus epidermidis_gapfilled_765,1
Staphylococcus epidermidis_gapfilled_1,0
Staphylococcus epidermidis_gapfilled_313,1
Staphylococcus epidermidis_gapfilled_31,0
Staphylococcus epidermidis_gapfilled_826,0
Staphylococcus epidermidis_gapfilled_192,0
Staphylococcus epidermidis_gapfilled_300,1
Staphylococcus epidermidis_gapfilled_62,0
Staphylococcus epidermidis_gapfilled_274,1
Staphylococcus epidermidis_gapfilled_383,1
Staphylococcus epidermidis_gapfilled_416,0
Staphylococcus epidermidis_gapfilled_712,1
Staphylococcus epidermidis_gapfilled_525,0
Staphylococcus epidermidis_gapfilled_783,0
Staphylococcus epidermidis_gapfilled_772,1
Staphylococcus epidermidis_gapfilled_879,1
Staphylococcus epidermidis_gapfilled_492,1
Staphylococcus epidermidis_gapfilled_250,0
Staphylococcus epidermidis_gapfilled_811,0
Staphylococcus epidermidis_gapfilled_98,0
Staphylococcus epidermidis_gapfilled_160,0
Staphylococcus epidermidis_gapfilled_696,0
Staphylococcus epidermidis_gapfilled_339,0
Staphylococcus epidermidis_gapfilled_786,1
Staphylococcus epidermidis_gapfilled_591,0
Staphylococcus epidermidis_gapfilled_528,0
Staphylococcus epidermidis_gapfilled_424,1
Staphylococcus epidermidis_gapfilled_575,0
Staphylococcus epidermidis_gapfilled_759,0
Staphylococcus epidermidis_gapfilled_630,1
Staphylococcus epidermidis_gapfilled_145,0
Staphylococcus epidermidis_gapfilled_793,1
Staphylococcus epidermidis_gapfilled_241,1
Staphylococcus epidermidis_gapfilled_770,1
Staphylococcus epidermidis_gapfilled_340,1
Staphylococcus epidermidis_gapfilled_114,1
Staphylococcus epidermidis_gapfilled_780,1
Staphylococcus epidermidis_gapfilled_749,0
Staphylococcus epidermidis_gapfilled_546,0
Staphylococcus epidermidis_gapfilled_272,0
Staphylococcus epidermidis_gapfilled_859,1
Staphylococcus epidermidis_gapfilled_129,1
Staphylococcus epidermidis_gapfilled_368,0
Staphylococcus epidermidis_gapfilled_294,1
Staphylococcus epidermidis_gapfilled_310,0
Staphylococcus epidermidis_gapfilled_413,0
Staphylococcus epidermidis_gapfilled_439,1
Staphylococcus epidermidis_gapfilled_709,0
Staphylococcus epidermidis_gapfilled_919,1
Staphylococcus epidermidis_gapfilled_223,0
Staphylococcus epidermidis_gapfilled_38,0
Staphylococcus epidermidis_gapfilled_467,0
Staphylococcus epidermidis_gapfilled_217,0
Staphylococcus epidermidis_gapfilled_258,1
Staphylococcus epidermidis_gapfilled_447,1
Staphylococcus epidermidis_gapfilled_914,1
Staphylococcus epidermidis_gapfilled_687,0
Staphylococcus epidermidis_gapfilled_297,0
Staphylococcus epidermidis_gapfilled_767,1
Staphylococcus epidermidis_gapfilled_704,1
Staphylococcus epidermidis_gapfilled_995,1
Staphylococcus epidermidis_gapfilled_487,1
Staphylococcus epidermidis_gapfilled_756,0
Staphylococcus epidermidis_gapfilled_813,1
Staphylococcus epidermidis_gapfilled_213,0
Staphylococcus epidermidis_gapfilled_634,1
Staphylococcus epidermidis_gapfilled_943,1
Staphylococcus epidermidis_gapfilled_171,0
Staphylococcus epidermidis_gapfilled_18,0
Staphylococcus epidermidis_gapfilled_777,0
Staphylococcus epidermidis_gapfilled_164,0
Staphylococcus epidermidis_gapfilled_679,1
Staphylococcus epidermidis_gapfilled_897,1
Staphylococcus epidermidis_gapfilled_161,0
Staphylococcus epidermidis_gapfilled_852,0
Staphylococcus epidermidis_gapfilled_411,0
Staphylococcus epidermidis_gapfilled_396,0
Staphylococcus epidermidis_gapfilled_460,1
Staphylococcus epidermidis_gapfilled_165,1
Staphylococcus epidermidis_gapfilled_255,1
Staphylococcus epidermidis_gapfilled_957,1
Staphylococcus epidermidis_gapfilled_918,1
Staphylococcus epidermidis_gapfilled_787,1
Staphylococcus epidermidis_gapfilled_819,1
Staphylococcus epidermidis_gapfilled_698,0
Staphylococcus epidermidis_gapfilled_650,0
Staphylococcus epidermidis_gapfilled_746,1
Staphylococcus epidermidis_gapfilled_278,1
Staphylococcus epidermidis_gapfilled_414,0
Staphylococcus epidermidis_gapfilled_4,0
Staphylococcus epidermidis_gapfilled_154,1
Staphylococcus epidermidis_gapfilled_994,1
Staphylococcus epidermidis_gapfilled_895,1
Staphylococcus epidermidis_gapfilled_263,1
Staphylococcus epidermidis_gapfilled_186,0
Staphylococcus epidermidis_gapfilled_579,1
Staphylococcus epidermidis_gapfilled_468,1
Staphylococcus epidermidis_gapfilled_431,0
Staphylococcus epidermidis_gapfilled_369,1
Staphylococcus epidermidis_gapfilled_242,0
Staphylococcus epidermidis_gapfilled_379,0
Staphylococcus epidermidis_gapfilled_631,0
Staphylococcus epidermidis_gapfilled_825,0
Staphylococcus epidermidis_gapfilled_102,1
Staphylococcus epidermidis_gapfilled_188,1
Staphylococcus epidermidis_gapfilled_79,0
Staphylococcus epidermidis_gapfilled_494,0
Staphylococcus epidermidis_gapfilled_722,0
Staphylococcus epidermidis_gapfilled_905,0
Staphylococcus epidermidis_gapfilled_66,0
Staphylococcus epidermidis_gapfilled_76,0
Staphylococcus epidermidis_gapfilled_291,0
Staphylococcus epidermidis_gapfilled_359,0
Staphylococcus epidermidis_gapfilled_436,1
Staphylococcus epidermidis_gapfilled_638,0
Staphylococcus epidermidis_gapfilled_27,0
Staphylococcus epidermidis_gapfilled_693,0
Staphylococcus epidermidis_gapfilled_23,0
Staphylococcus epidermidis_gapfilled_551,0
Staphylococcus epidermidis_gapfilled_393,1
Staphylococcus epidermidis_gapfilled_624,0
Staphylococcus epidermidis_gapfilled_230,1
Staphylococcus epidermidis_gapfilled_167,1
Staphylococcus epidermidis_gapfilled_138,0
Staphylococcus epidermidis_gapfilled_906,0
Staphylococcus epidermidis_gapfilled_557,0
Staphylococcus epidermidis_gapfilled_427,0
Staphylococcus epidermidis_gapfilled_883,1
Staphylococcus epidermidis_gapfilled_82,0
Staphylococcus epidermidis_gapfilled_839,0
Staphylococcus epidermidis_gapfilled_399,1
Staphylococcus epidermidis_gapfilled_975,1
Staphylococcus epidermidis_gapfilled_70,0
Staphylococcus epidermidis_gapfilled_791,0
Staphylococcus epidermidis_gapfilled_917,1
Staphylococcus epidermidis_gapfilled_661,0
Staphylococcus epidermidis_gapfilled_367,0
Staphylococcus epidermidis_gapfilled_625,0
Staphylococcus epidermidis_gapfilled_35,0
Staphylococcus epidermidis_gapfilled_804,1
Staphylococcus epidermidis_gapfilled_384,0
Staphylococcus epidermidis_gapfilled_512,1
Staphylococcus epidermidis_gapfilled_715,1
Staphylococcus epidermidis_gapfilled_301,0
Staphylococcus epidermidis_gapfilled_922,1
Staphylococcus epidermidis_gapfilled_639,0
Staphylococcus epidermidis_gapfilled_133,0
Staphylococcus epidermidis_gapfilled_864,1
Staphylococcus epidermidis_gapfilled_170,0
Staphylococcus epidermidis_gapfilled_511,1
Staphylococcus epidermidis_gapfilled_706,1
Staphylococcus epidermidis_gapfilled_15,0
Staphylococcus epidermidis_gapfilled_968,0
Staphylococcus epidermidis_gapfilled_24,0
Staphylococcus epidermidis_gapfilled_409,0
Staphylococcus epidermidis_gapfilled_177,1
Staphylococcus epidermidis_gapfilled_516,1
Staphylococcus epidermidis_gapfilled_441,1
Staphylococcus epidermidis_gapfilled_144,0
Staphylococcus epidermidis_gapfilled_737,0
Staphylococcus epidermidis_gapfilled_713,1
Staphylococcus epidermidis_gapfilled_365,1
Staphylococcus epidermidis_gapfilled_843,1
Staphylococcus epidermidis_gapfilled_976,1
Staphylococcus epidermidis_gapfilled_489,0
Staphylococcus epidermidis_gapfilled_659,0
Staphylococcus epidermidis_gapfilled_350,1
Staphylococcus epidermidis_gapfilled_970,1
Staphylococcus epidermidis_gapfilled_486,1
Staphylococcus epidermidis_gapfilled_797,1
Staphylococcus epidermidis_gapfilled_90,1
Staphylococcus epidermidis_gapfilled_629,1
Staphylococcus epidermidis_gapfilled_752,1
Staphylococcus epidermidis_gapfilled_344,1
Staphylococcus epidermidis_gapfilled_644,1
Staphylococcus epidermidis_gapfilled_404,0
Staphylococcus epidermidis_gapfilled_97,1
Staphylococcus epidermidis_gapfilled_2,0
Staphylococcus epidermidis_gapfilled_806,1
Staphylococcus epidermidis_gapfilled_967,1
Staphylococcus epidermidis_gapfilled_132,0
Staphylococcus epidermidis_gapfilled_782,0
Staphylococcus epidermidis_gapfilled_515,0
Staphylococcus epidermidis_gapfilled_142,0
Staphylococcus epidermidis_gapfilled_710,0
Staphylococcus epidermidis_gapfilled_464,1
Staphylococcus epidermidis_gapfilled_945,1
Staphylococcus epidermidis_gapfilled_151,0
Staphylococcus epidermidis_gapfilled_931,0
Staphylococcus epidermidis_gapfilled_318,0
Staphylococcus epidermidis_gapfilled_673,1
Staphylococcus epidermidis_gapfilled_227,1
Staphylococcus epidermidis_gapfilled_43,1
Staphylococcus epidermidis_gapfilled_99,1
Staphylococcus epidermidis_gapfilled_880,1
Staphylococcus epidermidis_gapfilled_853,0
Staphylococcus epidermidis_gapfilled_20,0
Staphylococcus epidermidis_gapfilled_535,1
Staphylococcus epidermidis_gapfilled_597,0
Staphylococcus epidermidis_gapfilled_448,1
Staphylococcus epidermidis_gapfilled_731,0
Staphylococcus epidermidis_gapfilled_809,1
Staphylococcus epidermidis_gapfilled_397,1
Staphylococcus epidermidis_gapfilled_497,1
Staphylococcus epidermidis_gapfilled_789,1
Staphylococcus epidermidis_gapfilled_572,0
Staphylococcus epidermidis_gapfilled_408,1
Staphylococcus epidermidis_gapfilled_275,0
Staphylococcus epidermidis_gapfilled_563,1
Staphylococcus epidermidis_gapfilled_12,0
Staphylococcus epidermidis_gapfilled_335,0
Staphylococcus epidermidis_gapfilled_565,0
Staphylococcus epidermidis_gapfilled_180,0
Staphylococcus epidermidis_gapfilled_637,1
Staphylococcus epidermidis_gapfilled_925,0
Staphylococcus epidermidis_gapfilled_536,0
Staphylococcus epidermidis_gapfilled_159,1
Staphylococcus epidermidis_gapfilled_174,1
Staphylococcus epidermidis_gapfilled_801,0
Staphylococcus epidermidis_gapfilled_651,1
Staphylococcus epidermidis_gapfilled_146,1
Staphylococcus epidermidis_gapfilled_913,1
Staphylococcus epidermidis_gapfilled_983,0
Staphylococcus epidermidis_gapfilled_412,1
Staphylococcus epidermidis_gapfilled_37,0
Staphylococcus epidermidis_gapfilled_949,0
Staphylococcus epidermidis_gapfilled_342,1
Staphylococcus epidermidis_gapfilled_675,0
Staphylococcus epidermidis_gapfilled_314,1
Staphylococcus epidermidis_gapfilled_236,0
Staphylococcus epidermidis_gapfilled_824,0
Staphylococcus epidermidis_gapfilled_296,0
Staphylococcus epidermidis_gapfilled_869,1
Staphylococcus epidermidis_gapfilled_761,0
Staphylococcus epidermidis_gapfilled_112,0
Staphylococcus epidermidis_gapfilled_229,1
Staphylococcus epidermidis_gapfilled_256,0
Staphylococcus epidermidis_gapfilled_485,1
Staphylococcus epidermidis_gapfilled_799,1
Staphylococcus epidermidis_gapfilled_491,0
Staphylococcus epidermidis_gapfilled_333,1
Staphylococcus epidermidis_gapfilled_246,0
Staphylococcus epidermidis_gapfilled_237,0
Staphylococcus epidermidis_gapfilled_590,0
Staphylococcus epidermidis_gapfilled_900,0
Staphylococcus epidermidis_gapfilled_224,0
Staphylococcus epidermidis_gapfilled_433,0
Staphylococcus epidermidis_gapfilled_421,1
Staphylococcus epidermidis_gapfilled_614,0
Staphylococcus epidermidis_gapfilled_939,1
Staphylococcus epidermidis_gapfilled_305,0
Staphylococcus epidermidis_gapfilled_336,1
Staphylococcus epidermidis_gapfilled_847,1
Staphylococcus epidermidis_gapfilled_519,0
Staphylococcus epidermidis_gapfilled_603,1
Staphylococcus epidermidis_gapfilled_585,0
Staphylococcus epidermidis_gapfilled_892,1
Staphylococcus epidermidis_gapfilled_360,0
Staphylococcus epidermidis_gapfilled_656,1
Staphylococcus epidermidis_gapfilled_527,0
Staphylococcus epidermidis_gapfilled_621,0
Staphylococcus epidermidis_gapfilled_105,1
Staphylococcus epidermidis_gapfilled_347,1
Staphylococcus epidermidis_gapfilled_331,1
Staphylococcus epidermidis_gapfilled_284,0
Staphylococcus epidermidis_gapfilled_531,0
Staphylococcus epidermidis_gapfilled_676,1
Staphylococcus epidermidis_gapfilled_805,1
Staphylococcus epidermidis_gapfilled_818,1
Staphylococcus epidermidis_gapfilled_506,1
Staphylococcus epidermidis_gapfilled_570,0
Staphylococcus epidermidis_gapfilled_894,1
Staphylococcus epidermidis_gapfilled_881,1
Staphylococcus epidermidis_gapfilled_61,0
Staphylococcus epidermidis_gapfilled_855,0
Staphylococcus epidermidis_gapfilled_863,0
Staphylococcus epidermidis_gapfilled_774,0
Staphylococcus epidermidis_gapfilled_169,1
Staphylococcus epidermidis_gapfilled_605,1
Staphylococcus epidermidis_gapfilled_567,0
Staphylococcus epidermidis_gapfilled_283,1
Staphylococcus epidermidis_gapfilled_829,1
Staphylococcus epidermidis_gapfilled_828,1
Staphylococcus epidermidis_gapfilled_538,1
Staphylococcus epidermidis_gapfilled_934,1
Staphylococcus epidermidis_gapfilled_502,0
Staphylococcus epidermidis_gapfilled_325,1
Staphylococcus epidermidis_gapfilled_199,0
Staphylococcus epidermidis_gapfilled_850,1
Staphylococcus epidermidis_gapfilled_394,1
Staphylococcus epidermidis_gapfilled_280,0
Staphylococcus epidermidis_gapfilled_612,0
Staphylococcus epidermidis_gapfilled_912,0
Staphylococcus epidermidis_gapfilled_654,1
Staphylococcus epidermidis_gapfilled_697,0
Staphylococcus epidermidis_gapfilled_458,1
Staphylococcus epidermidis_gapfilled_986,1
Staphylococcus epidermidis_gapfilled_727,0
Staphylococcus epidermidis_gapfilled_84,1
Staphylococcus epidermidis_gapfilled_122,1
Staphylococcus epidermidis_gapfilled_33,0
Staphylococcus epidermidis_gapfilled_484,0
Staphylococcus epidermidis_gapfilled_108,1
Staphylococcus epidermidis_gapfilled_902,1
Staphylococcus epidermidis_gapfilled_315,0
Staphylococcus epidermidis_gapfilled_973,0
Staphylococcus epidermidis_gapfilled_288,0
Staphylococcus epidermidis_gapfilled_406,1
Staphylococcus epidermidis_gapfilled_509,1
Staphylococcus epidermidis_gapfilled_190,1
Staphylococcus epidermidis_gapfilled_962,0
Staphylococcus epidermidis_gapfilled_979,0
Staphylococcus epidermidis_gapfilled_726,0
Staphylococcus epidermidis_gapfilled_417,0
Staphylococcus epidermidis_gapfilled_53,0
Staphylococcus epidermidis_gapfilled_420,1
Staphylococcus epidermidis_gapfilled_911,0
Staphylococcus epidermidis_gapfilled_6,0
Staphylococcus epidermidis_gapfilled_357,0
Staphylococcus epidermidis_gapfilled_80,1
Staphylococcus epidermidis_gapfilled_179,1
Staphylococcus epidermidis_gapfilled_422,1
Staphylococcus epidermidis_gapfilled_220,1
Staphylococcus epidermidis_gapfilled_602,1
Staphylococcus epidermidis_gapfilled_928,1
Staphylococcus epidermidis_gapfilled_901,0
Staphylococcus epidermidis_gapfilled_701,1
Staphylococcus epidermidis_gapfilled_553,1
Staphylococcus epidermidis_gapfilled_875,1
Staphylococcus epidermidis_gapfilled_131,0
Staphylococcus epidermidis_gapfilled_695,1
Staphylococcus epidermidis_gapfilled_927,1
Staphylococcus epidermidis_gapfilled_113,1
Staphylococcus epidermidis_gapfilled_175,1
Staphylococcus epidermidis_gapfilled_42,0
Staphylococcus epidermidis_gapfilled_522,0
Staphylococcus epidermidis_gapfilled_228,0
Staphylococcus epidermidis_gapfilled_812,0
Staphylococcus epidermidis_gapfilled_807,1
Staphylococcus epidermidis_gapfilled_16,1
Staphylococcus epidermidis_gapfilled_886,1
Staphylococcus epidermidis_gapfilled_341,1
Staphylococcus epidermidis_gapfilled_618,1
Staphylococcus epidermidis_gapfilled_259,1
Staphylococcus epidermidis_gapfilled_75,0
Staphylococcus epidermidis_gapfilled_319,1
Staphylococcus epidermidis_gapfilled_398,1
Staphylococcus epidermidis_gapfilled_950,0
Staphylococcus epidermidis_gapfilled_91,0
Staphylococcus epidermidis_gapfilled_36,0
Staphylococcus epidermidis_gapfilled_312,0
Staphylococcus epidermidis_gapfilled_554,0
Staphylococcus epidermidis_gapfilled_946,0
Staphylococcus epidermidis_gapfilled_836,1
Staphylococcus epidermidis_gapfilled_775,0
Staphylococcus epidermidis_gapfilled_750,1
Staphylococcus epidermidis_gapfilled_700,1
Staphylococcus epidermidis_gapfilled_741,1
Staphylococcus epidermidis_gapfilled_139,0
Staphylococcus epidermidis_gapfilled_54,1
Staphylococcus epidermidis_gapfilled_903,1
Staphylococcus epidermidis_gapfilled_0,0
Staphylococcus epidermidis_gapfilled_547,0
Staphylococcus epidermidis_gapfilled_720,0
Staphylococcus epidermidis_gapfilled_820,0
Staphylococcus epidermidis_gapfilled_778,0
Staphylococcus epidermidis_gapfilled_760,1
Staphylococcus epidermidis_gapfilled_389,0
Staphylococcus epidermidis_gapfilled_429,0
Staphylococcus epidermidis_gapfilled_692,0
Staphylococcus epidermidis_gapfilled_329,1
Staphylococcus epidermidis_gapfilled_137,0
Staphylococcus epidermidis_gapfilled_477,1
Staphylococcus epidermidis_gapfilled_59,1
Staphylococcus epidermidis_gapfilled_842,1
Staphylococcus epidermidis_gapfilled_390,1
Staphylococcus epidermidis_gapfilled_286,0
Staphylococcus epidermidis_gapfilled_358,1
Staphylococcus epidermidis_gapfilled_757,0
Staphylococcus epidermidis_gapfilled_896,0
Staphylococcus epidermidis_gapfilled_123,1
Staphylococcus epidermidis_gapfilled_150,1
Staphylococcus epidermidis_gapfilled_271,1
Staphylococcus epidermidis_gapfilled_158,1
Staphylococcus epidermidis_gapfilled_316,0
Staphylococcus epidermidis_gapfilled_469,1
Staphylococcus epidermidis_gapfilled_889,0
Staphylococcus epidermidis_gapfilled_149,1
Staphylococcus epidermidis_gapfilled_324,1
Staphylococcus epidermidis_gapfilled_55,1
Staphylococcus epidermidis_gapfilled_642,0
Staphylococcus epidermidis_gapfilled_376,0
Staphylococcus epidermidis_gapfilled_69,1
Staphylococcus epidermidis_gapfilled_795,0
Staphylococcus epidermidis_gapfilled_128,1
Staphylococcus epidermidis_gapfilled_878,1
Staphylococcus epidermidis_gapfilled_153,1
Staphylococcus epidermidis_gapfilled_729,1
Staphylococcus epidermidis_gapfilled_655,1
Staphylococcus epidermidis_gapfilled_822,1
Staphylococcus epidermidis_gapfilled_8,1
Staphylococcus epidermidis_gapfilled_127,1
Staphylococcus epidermidis_gapfilled_622,1
Staphylococcus epidermidis_gapfilled_835,0
Staphylococcus epidermidis_gapfilled_965,1
Staphylococcus epidermidis_gapfilled_569,0
Staphylococcus epidermidis_gapfilled_739,1
Staphylococcus epidermidis_gapfilled_65,1
Staphylococcus epidermidis_gapfilled_395,1
Staphylococcus epidermidis_gapfilled_428,0
Staphylococcus epidermidis_gapfilled_47,0
Staphylococcus epidermidis_gapfilled_932,0
Staphylococcus epidermidis_gapfilled_58,1
Staphylococcus epidermidis_gapfilled_46,0
Staphylococcus epidermidis_gapfilled_382,1
Staphylococcus epidermidis_gapfilled_972,1
Staphylococcus epidermidis_gapfilled_282,0
Staphylococcus epidermidis_gapfilled_182,0
Staphylococcus epidermidis_gapfilled_352,1
Staphylococcus epidermidis_gapfilled_152,0
Staphylococcus epidermidis_gapfilled_513,0
Staphylococcus epidermidis_gapfilled_640,0
Staphylococcus epidermidis_gapfilled_851,0
Staphylococcus epidermidis_gapfilled_52,0
Staphylococcus epidermidis_gapfilled_215,1
Staphylococcus epidermidis_gapfilled_172,0
Staphylococcus epidermidis_gapfilled_744,1
Staphylococcus epidermidis_gapfilled_997,0
Staphylococcus epidermidis_gapfilled_181,1
Staphylococcus epidermidis_gapfilled_496,0
Staphylococcus epidermidis_gapfilled_728,1
Staphylococcus epidermidis_gapfilled_109,1
Staphylococcus epidermidis_gapfilled_183,1
Staphylococcus epidermidis_gapfilled_684,0
Staphylococcus epidermidis_gapfilled_140,0
Staphylococcus epidermidis_gapfilled_49,0
Staphylococcus epidermidis_gapfilled_599,0
Staphylococcus epidermidis_gapfilled_302,0
Staphylococcus epidermidis_gapfilled_550,0
Staphylococcus epidermidis_gapfilled_989,1
Staphylococcus epidermidis_gapfilled_974,0
Staphylococcus epidermidis_gapfilled_541,1
Staphylococcus epidermidis_gapfilled_378,0
Staphylococcus epidermidis_gapfilled_364,0
Staphylococcus epidermidis_gapfilled_17,0
Staphylococcus epidermidis_gapfilled_560,0
Staphylococcus epidermidis_gapfilled_135,1
Staphylococcus epidermidis_gapfilled_721,0
Staphylococcus epidermidis_gapfilled_455,1
Staphylococcus epidermidis_gapfilled_470,1
Staphylococcus epidermidis_gapfilled_530,0
Staphylococcus epidermidis_gapfilled_619,0
Staphylococcus epidermidis_gapfilled_473,1
Staphylococcus epidermidis_gapfilled_794,1
Staphylococcus epidermidis_gapfilled_796,0
Staphylococcus epidermidis_gapfilled_479,0
Staphylococcus epidermidis_gapfilled_19,0
Staphylococcus epidermidis_gapfilled_96,0
Staphylococcus epidermidis_gapfilled_738,0
Staphylococcus epidermidis_gapfilled_72,1
Staphylococcus epidermidis_gapfilled_668,1
Staphylococcus epidermidis_gapfilled_711,0
Staphylococcus epidermidis_gapfilled_94,1
Staphylococcus epidermidis_gapfilled_67,1
Staphylococcus epidermidis_gapfilled_877,0
Staphylococcus epidermidis_gapfilled_141,0
Staphylococcus epidermidis_gapfilled_495,0
Staphylococcus epidermidis_gapfilled_872,1
Staphylococcus epidermidis_gapfilled_332,1
Staphylococcus epidermidis_gapfilled_231,0
Staphylococcus epidermidis_gapfilled_930,1
Staphylococcus epidermidis_gapfilled_308,1
Staphylococcus epidermidis_gapfilled_432,0
Staphylococcus epidermidis_gapfilled_507,1
Staphylococcus epidermidis_gapfilled_662,0
Staphylococcus epidermidis_gapfilled_269,0
Staphylococcus epidermidis_gapfilled_589,1
Staphylococcus epidermidis_gapfilled_452,0
Staphylococcus epidermidis_gapfilled_440,1
Staphylococcus epidermidis_gapfilled_926,0
Staphylococcus epidermidis_gapfilled_860,1
Staphylococcus epidermidis_gapfilled_677,0
Staphylococcus epidermidis_gapfilled_689,1
Staphylococcus epidermidis_gapfilled_371,1
Staphylococcus epidermidis_gapfilled_125,1
Staphylococcus epidermidis_gapfilled_561,0
Staphylococcus epidermidis_gapfilled_298,0
Staphylococcus epidermidis_gapfilled_205,1
Staphylococcus epidermidis_gapfilled_948,0
Staphylococcus epidermidis_gapfilled_92,0
Staphylococcus epidermidis_gapfilled_792,0
Staphylococcus epidermidis_gapfilled_68,0
Staphylococcus epidermidis_gapfilled_32,0
Staphylococcus epidermidis_gapfilled_607,1
Staphylococcus epidermidis_gapfilled_100,1
Staphylococcus epidermidis_gapfilled_245,0
Staphylococcus epidermidis_gapfilled_309,0
Staphylococcus epidermidis_gapfilled_136,0
Staphylococcus epidermidis_gapfilled_586,0
Staphylococcus epidermidis_gapfilled_958,1
Staphylococcus epidermidis_gapfilled_545,0
Staphylococcus epidermidis_gapfilled_214,0
Staphylococcus epidermidis_gapfilled_281,0
Staphylococcus epidermidis_gapfilled_798,1
Staphylococcus epidermidis_gapfilled_652,1
Staphylococcus epidermidis_gapfilled_501,0
Staphylococcus epidermidis_gapfilled_163,1
Staphylococcus epidermidis_gapfilled_959,0
Staphylococcus epidermidis_gapfilled_88,1
Staphylococcus epidermidis_gapfilled_173,1
Staphylococcus epidermidis_gapfilled_627,0
Staphylococcus epidermidis_gapfilled_523,0
Staphylococcus epidermidis_gapfilled_953,1
Staphylococcus epidermidis_gapfilled_611,0
Staphylococcus epidermidis_gapfilled_725,0
Staphylococcus epidermidis_gapfilled_249,0
Staphylococcus epidermidis_gapfilled_601,0
Staphylococcus epidermidis_gapfilled_222,0
Staphylococcus epidermidis_gapfilled_604,1
Staphylococcus epidermidis_gapfilled_742,1
Staphylococcus epidermidis_gapfilled_691,1
Staphylococcus epidermidis_gapfilled_915,1
Staphylococcus epidermidis_gapfilled_234,0
Staphylococcus epidermidis_gapfilled_803,1
Staphylococcus epidermidis_gapfilled_64,0
Staphylococcus epidermidis_gapfilled_904,0
Staphylococcus epidermidis_gapfilled_990,1
Staphylococcus epidermidis_gapfilled_884,1
Staphylococcus epidermidis_gapfilled_143,1
Staphylococcus epidermidis_gapfilled_9,1
Staphylococcus epidermidis_gapfilled_493,0
Staphylococcus epidermidis_gapfilled_498,1
Staphylococcus epidermidis_gapfilled_730,0
Staphylococcus epidermidis_gapfilled_670,1
Staphylococcus epidermidis_gapfilled_191,1
Staphylococcus epidermidis_gapfilled_407,1
Staphylococcus epidermidis_gapfilled_110,1
Staphylococcus epidermidis_gapfilled_478,0
Staphylococcus epidermidis_gapfilled_30,0
Staphylococcus epidermidis_gapfilled_51,0
Staphylococcus epidermidis_gapfilled_862,0
Staphylococcus epidermidis_gapfilled_103,1
Staphylococcus epidermidis_gapfilled_262,1
Staphylococcus epidermidis_gapfilled_929,1
Staphylococcus epidermidis_gapfilled_815,1
Staphylococcus epidermidis_gapfilled_615,0
Staphylococcus epidermidis_gapfilled_540,1
Staphylococcus epidermidis_gapfilled_260,0
Staphylococcus epidermidis_gapfilled_385,0
Staphylococcus epidermidis_gapfilled_763,0
Staphylococcus epidermidis_gapfilled_716,1
Staphylococcus epidermidis_gapfilled_657,1
Staphylococcus epidermidis_gapfilled_808,0
Staphylococcus epidermidis_gapfilled_587,0
Staphylococcus epidermidis_gapfilled_461,1
Staphylococcus epidermidis_gapfilled_201,1
Staphylococcus epidermidis_gapfilled_130,1
Staphylococcus epidermidis_gapfilled_187,1
Staphylococcus epidermidis_gapfilled_861,1
Staphylococcus epidermidis_gapfilled_723,0
Staphylococcus epidermidis_gapfilled_7,0
Staphylococcus epidermidis_gapfilled_388,1
Staphylococcus epidermidis_gapfilled_978,0
Staphylococcus epidermidis_gapfilled_480,0
Staphylococcus epidermidis_gapfilled_685,1
Staphylococcus epidermidis_gapfilled_865,1
Staphylococcus epidermidis_gapfilled_363,1
Staphylococcus epidermidis_gapfilled_34,0
Staphylococcus epidermidis_gapfilled_734,1
Staphylococcus epidermidis_gapfilled_920,1
Staphylococcus epidermidis_gapfilled_733,0
Staphylococcus epidermidis_gapfilled_956,0
Staphylococcus epidermidis_gapfilled_708,1
Staphylococcus epidermidis_gapfilled_232,1
Staphylococcus epidermidis_gapfilled_596,0
Staphylococcus epidermidis_gapfilled_423,1
Staphylococcus epidermidis_gapfilled_564,0
Staphylococcus epidermidis_gapfilled_963,1
Staphylococcus epidermidis_gapfilled_667,0
Staphylococcus epidermidis_gapfilled_285,0
Staphylococcus epidermidis_gapfilled_636,0
Staphylococcus epidermidis_gapfilled_532,0
Staphylococcus epidermidis_gapfilled_311,0
Staphylococcus epidermidis_gapfilled_57,1
Staphylococcus epidermidis_gapfilled_505,0
Staphylococcus epidermidis_gapfilled_176,1
Staphylococcus epidermidis_gapfilled_923,1
Staphylococcus epidermidis_gapfilled_510,1
Staphylococcus epidermidis_gapfilled_178,1
Staphylococcus epidermidis_gapfilled_261,1
Staphylococcus epidermidis_gapfilled_157,1
Staphylococcus epidermidis_gapfilled_26,1
Staphylococcus epidermidis_gapfilled_244,1
Staphylococcus epidermidis_gapfilled_942,0
Staphylococcus epidermidis_gapfilled_683,0
Staphylococcus epidermidis_gapfilled_549,0
Staphylococcus epidermidis_gapfilled_571,0
Staphylococcus epidermidis_gapfilled_320,1
Staphylococcus epidermidis_gapfilled_402,1
Staphylococcus epidermidis_gapfilled_827,1
Staphylococcus epidermidis_gapfilled_78,0
Staphylococcus epidermidis_gapfilled_802,0
Staphylococcus epidermidis_gapfilled_580,1
Staphylococcus epidermidis_gapfilled_952,1
Staphylococcus epidermidis_gapfilled_119,1
Staphylococcus epidermidis_gapfilled_328,1
Staphylococcus epidermidis_gapfilled_185,0
Staphylococcus epidermidis_gapfilled_620,1
Staphylococcus epidermidis_gapfilled_446,1
Staphylococcus epidermidis_gapfilled_736,1
Staphylococcus epidermidis_gapfilled_518,0
Staphylococcus epidermidis_gapfilled_238,0
Staphylococcus epidermidis_gapfilled_3,0
Staphylococcus epidermidis_gapfilled_583,1
Staphylococcus epidermidis_gapfilled_209,1
Staphylococcus epidermidis_gapfilled_987,0
Staphylococcus epidermidis_gapfilled_769,1
Staphylococcus epidermidis_gapfilled_63,0
Staphylococcus epidermidis_gapfilled_800,0
Staphylococcus epidermidis_gapfilled_438,1
Staphylococcus epidermidis_gapfilled_856,0
Staphylococcus epidermidis_gapfilled_573,1
Staphylococcus epidermidis_gapfilled_788,1
Staphylococcus epidermidis_gapfilled_699,0
Staphylococcus epidermidis_gapfilled_472,0
Staphylococcus epidermidis_gapfilled_857,1
Staphylococcus epidermidis_gapfilled_649,1
Staphylococcus epidermidis_gapfilled_361,0
Staphylococcus epidermidis_gapfilled_349,1
Staphylococcus epidermidis_gapfilled_681,1
Staphylococcus epidermidis_gapfilled_581,1
Staphylococcus epidermidis_gapfilled_584,0
Staphylococcus epidermidis_gapfilled_373,0
Staphylococcus epidermidis_gapfilled_578,1
Staphylococcus epidermidis_gapfilled_193,1
Staphylococcus epidermidis_gapfilled_556,0
Staphylococcus epidermidis_gapfilled_977,1
Staphylococcus epidermidis_gapfilled_988,0
Staphylococcus epidermidis_gapfilled_810,1
Staphylococcus epidermidis_gapfilled_785,0
Staphylococcus epidermidis_gapfilled_257,0
Staphylococcus epidermidis_gapfilled_267,1
Staphylococcus epidermidis_gapfilled_117,0
Staphylococcus epidermidis_gapfilled_705,1
Staphylococcus epidermidis_gapfilled_562,0
Staphylococcus epidermidis_gapfilled_964,0
Staphylococcus epidermidis_gapfilled_29,1
Staphylococcus epidermidis_gapfilled_456,0
Staphylococcus epidermidis_gapfilled_39,1
Staphylococcus epidermidis_gapfilled_971,0
Staphylococcus epidermidis_gapfilled_155,1
Staphylococcus epidermidis_gapfilled_351,0
Staphylococcus epidermidis_gapfilled_568,0
Staphylococcus epidermidis_gapfilled_754,1
Staphylococcus epidermidis_gapfilled_317,0
Staphylococcus epidermidis_gapfilled_671,0
Staphylococcus epidermidis_gapfilled_544,0
Staphylococcus epidermidis_gapfilled_211,0
Staphylococcus epidermidis_gapfilled_104,0
Staphylococcus epidermidis_gapfilled_86,0
Staphylococcus epidermidis_gapfilled_606,1
Staphylococcus epidermidis_gapfilled_664,0
Staphylococcus epidermidis_gapfilled_908,1
Staphylococcus epidermidis_gapfilled_235,1
Staphylococcus epidermidis_gapfilled_381,1
Staphylococcus epidermidis_gapfilled_999,0
Staphylococcus epidermidis_gapfilled_380,1
Staphylococcus epidermidis_gapfilled_295,0
Staphylococcus epidermidis_gapfilled_771,0
Staphylococcus epidermidis_gapfilled_430,0
Staphylococcus epidermidis_gapfilled_166,1
Staphylococcus epidermidis_gapfilled_437,0
Staphylococcus epidermidis_gapfilled_781,0
Staphylococcus epidermidis_gapfilled_354,1
Staphylococcus epidermidis_gapfilled_866,0
Staphylococcus epidermidis_gapfilled_124,1
Staphylococcus epidermidis_gapfilled_299,1
Staphylococcus epidermidis_gapfilled_221,0
Staphylococcus epidermidis_gapfilled_279,1
Staphylococcus epidermidis_gapfilled_5,0
Staphylococcus epidermidis_gapfilled_443,1
Staphylococcus epidermidis_gapfilled_21,0
Staphylococcus epidermidis_gapfilled_666,1
Staphylococcus epidermidis_gapfilled_891,0
Staphylococcus epidermidis_gapfilled_694,1
Staphylococcus epidermidis_gapfilled_680,1
Staphylococcus epidermidis_gapfilled_327,1
Staphylococcus epidermidis_gapfilled_753,1
Staphylococcus epidermidis_gapfilled_334,0
Staphylococcus epidermidis_gapfilled_885,0
Staphylococcus epidermidis_gapfilled_445,1
Staphylococcus epidermidis_gapfilled_73,0
Staphylococcus epidermidis_gapfilled_646,1
Staphylococcus epidermidis_gapfilled_111,1
Staphylococcus epidermidis_gapfilled_600,1
Staphylococcus epidermidis_gapfilled_10,1
Staphylococcus epidermidis_gapfilled_526,0
Staphylococcus epidermidis_gapfilled_277,1
Staphylococcus epidermidis_gapfilled_212,0
Staphylococcus epidermidis_gapfilled_202,1
Staphylococcus epidermidis_gapfilled_961,0
Staphylococcus epidermidis_gapfilled_558,0
Staphylococcus epidermidis_gapfilled_203,1
Staphylococcus epidermidis_gapfilled_543,0
Staphylococcus epidermidis_gapfilled_955,1
Staphylococcus epidermidis_gapfilled_353,1
Staphylococcus epidermidis_gapfilled_184,1
Staphylococcus epidermidis_gapfilled_442,1
Staphylococcus epidermidis_gapfilled_830,1
Staphylococcus epidermidis_gapfilled_947,0
Staphylococcus epidermidis_gapfilled_944,0
Staphylococcus epidermidis_gapfilled_471,0
Staphylococcus epidermidis_gapfilled_534,1
Staphylococcus epidermidis_gapfilled_848,1
Staphylococcus epidermidis_gapfilled_126,1
Staphylococcus epidermidis_gapfilled_348,1
Staphylococcus epidermidis_gapfilled_887,0
Staphylococcus epidermidis_gapfilled_845,1
Staphylococcus epidermidis_gapfilled_633,1
Staphylococcus epidermidis_gapfilled_613,1
Staphylococcus epidermidis_gapfilled_459,0
Staphylococcus epidermidis_gapfilled_594,0
Staphylococcus epidermidis_gapfilled_539,1
Staphylococcus epidermidis_gapfilled_56,1
Staphylococcus epidermidis_gapfilled_303,0
Staphylococcus epidermidis_gapfilled_499,1
Staphylococcus epidermidis_gapfilled_776,0
Staphylococcus epidermidis_gapfilled_483,1
Staphylococcus epidermidis_gapfilled_846,1
Staphylococcus epidermidis_gapfilled_391,1
Staphylococcus epidermidis_gapfilled_873,1
Staphylococcus epidermidis_gapfilled_755,1
Staphylococcus epidermidis_gapfilled_653,1
Staphylococcus epidermidis_gapfilled_985,1
Staphylococcus epidermidis_gapfilled_626,0
Staphylococcus epidermidis_gapfilled_481,0
Staphylococcus epidermidis_gapfilled_521,1
Staphylococcus epidermidis_gapfilled_466,0
Staphylococcus epidermidis_gapfilled_508,1
Staphylococcus epidermidis_gapfilled_628,0
Staphylococcus epidermidis_gapfilled_588,1
Staphylococcus epidermidis_gapfilled_645,1
Staphylococcus epidermidis_gapfilled_321,1
Staphylococcus epidermidis_gapfilled_647,1
Staphylococcus epidermidis_gapfilled_593,0
Staphylococcus epidermidis_gapfilled_707,0
Staphylococcus epidermidis_gapfilled_648,1
Staphylococcus epidermidis_gapfilled_937,1
Staphylococcus epidermidis_gapfilled_520,1
Staphylococcus epidermidis_gapfilled_616,1
Staphylococcus epidermidis_gapfilled_197,0
Staphylococcus epidermidis_gapfilled_682,1
Staphylococcus epidermidis_gapfilled_678,1
Staphylococcus epidermidis_gapfilled_400,0
Staphylococcus epidermidis_gapfilled_444,1
Staphylococcus epidermidis_gapfilled_703,0
Staphylococcus epidermidis_gapfilled_41,1
Staphylococcus epidermidis_gapfilled_50,1
Staphylococcus epidermidis_gapfilled_921,0
Staphylococcus epidermidis_gapfilled_243,1
Staphylococcus epidermidis_gapfilled_832,0
Staphylococcus epidermidis_gapfilled_377,0
Staphylococcus epidermidis_gapfilled_89,1
Staphylococcus epidermidis_gapfilled_372,0
Staphylococcus epidermidis_gapfilled_268,0
Staphylococcus epidermidis_gapfilled_899,1
Staphylococcus epidermidis_gapfilled_816,0
Staphylococcus epidermidis_gapfilled_374,1
Staphylococcus epidermidis_gapfilled_537,0
Staphylococcus epidermidis_gapfilled_106,1
Staphylococcus epidermidis_gapfilled_764,1
Staphylococcus epidermidis_gapfilled_745,1
Staphylococcus epidermidis_gapfilled_134,0
Staphylococcus epidermidis_gapfilled_290,1
Staphylococcus epidermidis_gapfilled_849,1
Staphylococcus epidermidis_gapfilled_355,1
Staphylococcus epidermidis_gapfilled_208,1
Staphylococcus epidermidis_gapfilled_25,0
Staphylococcus epidermidis_gapfilled_969,0
Staphylococcus epidermidis_gapfilled_11,0
Staphylococcus epidermidis_gapfilled_95,1
Staphylococcus epidermidis_gapfilled_890,0
Staphylococcus epidermidis_gapfilled_714,1
Staphylococcus epidermidis_gapfilled_643,1
Staphylococcus epidermidis_gapfilled_189,1
Staphylococcus epidermidis_gapfilled_735,1
Staphylococcus epidermidis_gapfilled_81,0
Staphylococcus epidermidis_gapfilled_425,1
Staphylococcus epidermidis_gapfilled_617,0
Staphylococcus epidermidis_gapfilled_916,1
Staphylococcus epidermidis_gapfilled_674,0
Staphylococcus epidermidis_gapfilled_216,0
Staphylococcus epidermidis_gapfilled_490,0
Staphylococcus epidermidis_gapfilled_935,1
Staphylococcus epidermidis_gapfilled_686,0
Staphylococcus epidermidis_gapfilled_419,1
Staphylococcus epidermidis_gapfilled_504,0
Staphylococcus epidermidis_gapfilled_118,1
Staphylococcus epidermidis_gapfilled_13,0
Staphylococcus epidermidis_gapfilled_823,0
Staphylococcus epidermidis_gapfilled_609,0
Staphylococcus epidermidis_gapfilled_85,1
Staphylococcus epidermidis_gapfilled_814,1
Staphylococcus epidermidis_gapfilled_748,0
Staphylococcus epidermidis_gapfilled_747,0
Staphylococcus epidermidis_gapfilled_834,0
Staphylococcus epidermidis_gapfilled_592,0
Staphylococcus epidermidis_gapfilled_768,1
Staphylococcus epidermidis_gapfilled_758,1
Staphylococcus epidermidis_gapfilled_576,1
Staphylococcus epidermidis_gapfilled_719,0
Staphylococcus epidermidis_gapfilled_488,1
Staphylococcus epidermidis_gapfilled_817,0
Staphylococcus epidermidis_gapfilled_451,0
Staphylococcus epidermidis_gapfilled_837,0
Staphylococcus epidermidis_gapfilled_375,1
Staphylococcus epidermidis_gapfilled_909,0
Staphylococcus epidermidis_gapfilled_660,0
Staphylococcus epidermidis_gapfilled_401,0
Staphylococcus epidermidis_gapfilled_998,0
Staphylococcus epidermidis_gapfilled_870,1
Staphylococcus epidermidis_gapfilled_463,1
Staphylococcus epidermidis_gapfilled_93,1
Staphylococcus epidermidis_gapfilled_577,0
Staphylococcus epidermidis_gapfilled_107,0
Staphylococcus epidermidis_gapfilled_121,1
Staphylococcus epidermidis_gapfilled_450,1
Staphylococcus epidermidis_gapfilled_833,1
Staphylococcus epidermidis_gapfilled_474,1
Staphylococcus epidermidis_gapfilled_454,0
Staphylococcus epidermidis_gapfilled_465,1
Staphylococcus epidermidis_gapfilled_233,1
Staphylococcus epidermidis_gapfilled_658,1
Staphylococcus epidermidis_gapfilled_293,1
Staphylococcus epidermidis_gapfilled_732,0
Staphylococcus epidermidis_gapfilled_982,1
Staphylococcus epidermidis_gapfilled_101,1
Staphylococcus epidermidis_gapfilled_717,1
Staphylococcus epidermidis_gapfilled_840,1
Staphylococcus epidermidis_gapfilled_196,0
Staphylococcus epidermidis_gapfilled_115,0
Staphylococcus epidermidis_gapfilled_264,0
Staphylococcus epidermidis_gapfilled_292,1
Staphylococcus epidermidis_gapfilled_337,1
Staphylococcus epidermidis_gapfilled_415,1
Staphylococcus epidermidis_gapfilled_740,0
Staphylococcus epidermidis_gapfilled_559,0
Staphylococcus epidermidis_gapfilled_724,0
Staphylococcus epidermidis_gapfilled_457,1
Staphylococcus epidermidis_gapfilled_40,0
Staphylococcus epidermidis_gapfilled_517,0
Staphylococcus epidermidis_gapfilled_345,1
Staphylococcus epidermidis_gapfilled_254,1
Staphylococcus epidermidis_gapfilled_343,1
Staphylococcus epidermidis_gapfilled_462,1
Staphylococcus epidermidis_gapfilled_743,1
Staphylococcus epidermidis_gapfilled_273,0
Staphylococcus epidermidis_gapfilled_867,1
Staphylococcus epidermidis_gapfilled_225,0
Staphylococcus epidermidis_gapfilled_218,0
Staphylococcus epidermidis_gapfilled_45,0
Staphylococcus epidermidis_gapfilled_500,0
Staphylococcus epidermidis_gapfilled_779,0
Staphylococcus epidermidis_gapfilled_766,1
Staphylococcus epidermidis_gapfilled_874,0
Staphylococcus epidermidis_gapfilled_690,1
Staphylococcus epidermidis_gapfilled_74,1
Staphylococcus epidermidis_gapfilled_993,0
Staphylococcus epidermidis_gapfilled_247,0
Staphylococcus epidermidis_gapfilled_790,0
Staphylococcus epidermidis_gapfilled_289,1
Staphylococcus epidermidis_gapfilled_410,0
Staphylococcus epidermidis_gapfilled_253,1
Staphylococcus epidermidis_gapfilled_195,1
Staphylococcus epidermidis_gapfilled_672,0
Staphylococcus epidermidis_gapfilled_252,1
Staphylococcus epidermidis_gapfilled_960,1
Staphylococcus epidermidis_gapfilled_533,0
Staphylococcus epidermidis_gapfilled_147,1
Staphylococcus epidermidis_gapfilled_207,0
Staphylococcus epidermidis_gapfilled_435,1
Staphylococcus epidermidis_gapfilled_48,0
Staphylococcus epidermidis_gapfilled_966,1
Staphylococcus epidermidis_gapfilled_87,0
Staphylococcus epidermidis_gapfilled_548,0
Staphylococcus epidermidis_gapfilled_77,0
Staphylococcus epidermidis_gapfilled_204,1
Staphylococcus epidermidis_gapfilled_641,1
Staphylococcus epidermidis_gapfilled_362,0
Staphylococcus epidermidis_gapfilled_882,1
Staphylococcus epidermidis_gapfilled_951,1
Staphylococcus epidermidis_gapfilled_60,1
Staphylococcus epidermidis_gapfilled_844,1
Staphylococcus epidermidis_gapfilled_663,0
Staphylococcus epidermidis_gapfilled_632,1
Staphylococcus epidermidis_gapfilled_893,0
Staphylococcus epidermidis_gapfilled_330,1
Staphylococcus epidermidis_gapfilled_326,1
Staphylococcus epidermidis_gapfilled_936,1
Staphylococcus epidermidis_gapfilled_981,0
Staphylococcus epidermidis_gapfilled_598,0
Staphylococcus epidermidis_gapfilled_248,0
Staphylococcus epidermidis_gapfilled_996,0
Staphylococcus epidermidis_gapfilled_306,1
Staphylococcus epidermidis_gapfilled_322,0
Staphylococcus epidermidis_gapfilled_608,1
Staphylococcus epidermidis_gapfilled_162,1
Staphylococcus epidermidis_gapfilled_426,0
Staphylococcus epidermidis_gapfilled_287,0
Staphylococcus epidermidis_gapfilled_44,0
Staphylococcus epidermidis_gapfilled_623,1
Staphylococcus epidermidis_gapfilled_688,0
