Staphylococcus haemolyticus_gapfilled_54,1
Staphylococcus haemolyticus_gapfilled_852,1
Staphylococcus haemolyticus_gapfilled_421,1
Staphylococcus haemolyticus_gapfilled_146,1
Staphylococcus haemolyticus_gapfilled_512,1
Staphylococcus haemolyticus_gapfilled_13,1
Staphylococcus haemolyticus_gapfilled_17,1
Staphylococcus haemolyticus_gapfilled_764,1
Staphylococcus haemolyticus_gapfilled_312,0
Staphylococcus haemolyticus_gapfilled_399,1
Staphylococcus haemolyticus_gapfilled_452,1
Staphylococcus haemolyticus_gapfilled_205,1
Staphylococcus haemolyticus_gapfilled_323,1
Staphylococcus haemolyticus_gapfilled_281,1
Staphylococcus haemolyticus_gapfilled_513,0
Staphylococcus haemolyticus_gapfilled_980,1
Staphylococcus haemolyticus_gapfilled_236,1
Staphylococcus haemolyticus_gapfilled_931,1
Staphylococcus haemolyticus_gapfilled_595,0
Staphylococcus haemolyticus_gapfilled_482,1
Staphylococcus haemolyticus_gapfilled_30,0
Staphylococcus haemolyticus_gapfilled_433,0
Staphylococcus haemolyticus_gapfilled_2,1
Staphylococcus haemolyticus_gapfilled_886,1
Staphylococcus haemolyticus_gapfilled_104,1
Staphylococcus haemolyticus_gapfilled_311,1
Staphylococcus haemolyticus_gapfilled_654,0
Staphylococcus haemolyticus_gapfilled_967,1
Staphylococcus haemolyticus_gapfilled_575,0
Staphylococcus haemolyticus_gapfilled_858,1
Staphylococcus haemolyticus_gapfilled_721,1
Staphylococcus haemolyticus_gapfilled_83,1
Staphylococcus haemolyticus_gapfilled_122,1
Staphylococcus haemolyticus_gapfilled_243,1
Staphylococcus haemolyticus_gapfilled_731,0
Staphylococcus haemolyticus_gapfilled_229,1
Staphylococcus haemolyticus_gapfilled_125,1
Staphylococcus haemolyticus_gapfilled_664,1
Staphylococcus haemolyticus_gapfilled_397,1
Staphylococcus haemolyticus_gapfilled_711,1
Staphylococcus haemolyticus_gapfilled_484,1
Staphylococcus haemolyticus_gapfilled_143,0
Staphylococcus haemolyticus_gapfilled_404,0
Staphylococcus haemolyticus_gapfilled_274,1
Staphylococcus haemolyticus_gapfilled_652,0
Staphylococcus haemolyticus_gapfilled_396,0
Staphylococcus haemolyticus_gapfilled_827,1
Staphylococcus haemolyticus_gapfilled_549,0
Staphylococcus haemolyticus_gapfilled_919,0
Staphylococcus haemolyticus_gapfilled_160,1
Staphylococcus haemolyticus_gapfilled_909,0
Staphylococcus haemolyticus_gapfilled_641,0
Staphylococcus haemolyticus_gapfilled_917,0
Staphylococcus haemolyticus_gapfilled_972,1
Staphylococcus haemolyticus_gapfilled_273,0
Staphylococcus haemolyticus_gapfilled_686,0
Staphylococcus haemolyticus_gapfilled_315,0
Staphylococcus haemolyticus_gapfilled_168,0
Staphylococcus haemolyticus_gapfilled_34,0
Staphylococcus haemolyticus_gapfilled_708,1
Staphylococcus haemolyticus_gapfilled_670,1
Staphylococcus haemolyticus_gapfilled_381,1
Staphylococcus haemolyticus_gapfilled_761,0
Staphylococcus haemolyticus_gapfilled_867,1
Staphylococcus haemolyticus_gapfilled_424,1
Staphylococcus haemolyticus_gapfilled_777,1
Staphylococcus haemolyticus_gapfilled_519,1
Staphylococcus haemolyticus_gapfilled_459,0
Staphylococcus haemolyticus_gapfilled_214,1
Staphylococcus haemolyticus_gapfilled_199,0
Staphylococcus haemolyticus_gapfilled_915,1
Staphylococcus haemolyticus_gapfilled_498,1
Staphylococcus haemolyticus_gapfilled_44,0
Staphylococcus haemolyticus_gapfilled_757,0
Staphylococcus haemolyticus_gapfilled_92,1
Staphylococcus haemolyticus_gapfilled_10,1
Staphylococcus haemolyticus_gapfilled_262,0
Staphylococcus haemolyticus_gapfilled_203,1
Staphylococcus haemolyticus_gapfilled_579,1
Staphylococcus haemolyticus_gapfilled_322,1
Staphylococcus haemolyticus_gapfilled_932,1
Staphylococcus haemolyticus_gapfilled_596,0
Staphylococcus haemolyticus_gapfilled_487,1
Staphylococcus haemolyticus_gapfilled_847,1
Staphylococcus haemolyticus_gapfilled_40,1
Staphylococcus haemolyticus_gapfilled_213,0
Staphylococcus haemolyticus_gapfilled_666,1
Staphylococcus haemolyticus_gapfilled_386,1
Staphylococcus haemolyticus_gapfilled_808,1
Staphylococcus haemolyticus_gapfilled_929,0
Staphylococcus haemolyticus_gapfilled_586,1
Staphylococcus haemolyticus_gapfilled_838,1
Staphylococcus haemolyticus_gapfilled_1,1
Staphylococcus haemolyticus_gapfilled_303,1
Staphylococcus haemolyticus_gapfilled_948,1
Staphylococcus haemolyticus_gapfilled_975,1
Staphylococcus haemolyticus_gapfilled_810,0
Staphylococcus haemolyticus_gapfilled_715,1
Staphylococcus haemolyticus_gapfilled_509,1
Staphylococcus haemolyticus_gapfilled_182,1
Staphylococcus haemolyticus_gapfilled_986,0
Staphylococcus haemolyticus_gapfilled_732,1
Staphylococcus haemolyticus_gapfilled_533,1
Staphylococcus haemolyticus_gapfilled_546,1
Staphylococcus haemolyticus_gapfilled_837,1
Staphylococcus haemolyticus_gapfilled_577,0
Staphylococcus haemolyticus_gapfilled_749,1
Staphylococcus haemolyticus_gapfilled_537,1
Staphylococcus haemolyticus_gapfilled_860,0
Staphylococcus haemolyticus_gapfilled_29,1
Staphylococcus haemolyticus_gapfilled_499,1
Staphylococcus haemolyticus_gapfilled_544,0
Staphylococcus haemolyticus_gapfilled_24,1
Staphylococcus haemolyticus_gapfilled_944,0
Staphylococcus haemolyticus_gapfilled_865,1
Staphylococcus haemolyticus_gapfilled_899,1
Staphylococcus haemolyticus_gapfilled_232,1
Staphylococcus haemolyticus_gapfilled_539,1
Staphylococcus haemolyticus_gapfilled_351,1
Staphylococcus haemolyticus_gapfilled_126,1
Staphylococcus haemolyticus_gapfilled_525,0
Staphylococcus haemolyticus_gapfilled_689,1
Staphylococcus haemolyticus_gapfilled_422,0
Staphylococcus haemolyticus_gapfilled_697,1
Staphylococcus haemolyticus_gapfilled_136,0
Staphylococcus haemolyticus_gapfilled_870,0
Staphylococcus haemolyticus_gapfilled_750,0
Staphylococcus haemolyticus_gapfilled_481,0
Staphylococcus haemolyticus_gapfilled_292,1
Staphylococcus haemolyticus_gapfilled_233,0
Staphylococcus haemolyticus_gapfilled_100,1
Staphylococcus haemolyticus_gapfilled_637,1
Staphylococcus haemolyticus_gapfilled_117,1
Staphylococcus haemolyticus_gapfilled_710,0
Staphylococcus haemolyticus_gapfilled_271,1
Staphylococcus haemolyticus_gapfilled_709,1
Staphylococcus haemolyticus_gapfilled_71,0
Staphylococcus haemolyticus_gapfilled_526,0
Staphylococcus haemolyticus_gapfilled_635,0
Staphylococcus haemolyticus_gapfilled_558,1
Staphylococcus haemolyticus_gapfilled_698,1
Staphylococcus haemolyticus_gapfilled_996,1
Staphylococcus haemolyticus_gapfilled_737,1
Staphylococcus haemolyticus_gapfilled_585,1
Staphylococcus haemolyticus_gapfilled_893,0
Staphylococcus haemolyticus_gapfilled_492,1
Staphylococcus haemolyticus_gapfilled_47,1
Staphylococcus haemolyticus_gapfilled_265,0
Staphylococcus haemolyticus_gapfilled_889,0
Staphylococcus haemolyticus_gapfilled_985,0
Staphylococcus haemolyticus_gapfilled_495,1
Staphylococcus haemolyticus_gapfilled_878,1
Staphylococcus haemolyticus_gapfilled_875,1
Staphylococcus haemolyticus_gapfilled_583,1
Staphylococcus haemolyticus_gapfilled_253,1
Staphylococcus haemolyticus_gapfilled_783,0
Staphylococcus haemolyticus_gapfilled_868,1
Staphylococcus haemolyticus_gapfilled_158,1
Staphylococcus haemolyticus_gapfilled_824,1
Staphylococcus haemolyticus_gapfilled_75,1
Staphylococcus haemolyticus_gapfilled_674,1
Staphylococcus haemolyticus_gapfilled_545,0
Staphylococcus haemolyticus_gapfilled_954,1
Staphylococcus haemolyticus_gapfilled_398,0
Staphylococcus haemolyticus_gapfilled_325,1
Staphylococcus haemolyticus_gapfilled_250,1
Staphylococcus haemolyticus_gapfilled_496,1
Staphylococcus haemolyticus_gapfilled_724,1
Staphylococcus haemolyticus_gapfilled_327,0
Staphylococcus haemolyticus_gapfilled_291,0
Staphylococcus haemolyticus_gapfilled_971,1
Staphylococcus haemolyticus_gapfilled_729,1
Staphylococcus haemolyticus_gapfilled_272,1
Staphylococcus haemolyticus_gapfilled_207,1
Staphylococcus haemolyticus_gapfilled_830,1
Staphylococcus haemolyticus_gapfilled_491,1
Staphylococcus haemolyticus_gapfilled_813,1
Staphylococcus haemolyticus_gapfilled_310,1
Staphylococcus haemolyticus_gapfilled_252,0
Staphylococcus haemolyticus_gapfilled_23,0
Staphylococcus haemolyticus_gapfilled_278,1
Staphylococcus haemolyticus_gapfilled_990,1
Staphylococcus haemolyticus_gapfilled_706,1
Staphylococcus haemolyticus_gapfilled_560,0
Staphylococcus haemolyticus_gapfilled_392,1
Staphylococcus haemolyticus_gapfilled_974,0
Staphylococcus haemolyticus_gapfilled_342,0
Staphylococcus haemolyticus_gapfilled_331,1
Staphylococcus haemolyticus_gapfilled_725,1
Staphylococcus haemolyticus_gapfilled_206,1
Staphylococcus haemolyticus_gapfilled_148,1
Staphylococcus haemolyticus_gapfilled_532,1
Staphylococcus haemolyticus_gapfilled_681,0
Staphylococcus haemolyticus_gapfilled_124,1
Staphylococcus haemolyticus_gapfilled_95,0
Staphylococcus haemolyticus_gapfilled_510,0
Staphylococcus haemolyticus_gapfilled_672,1
Staphylococcus haemolyticus_gapfilled_608,1
Staphylococcus haemolyticus_gapfilled_902,1
Staphylococcus haemolyticus_gapfilled_677,0
Staphylococcus haemolyticus_gapfilled_940,1
Staphylococcus haemolyticus_gapfilled_215,1
Staphylococcus haemolyticus_gapfilled_552,1
Staphylococcus haemolyticus_gapfilled_319,1
Staphylococcus haemolyticus_gapfilled_212,1
Staphylococcus haemolyticus_gapfilled_434,1
Staphylococcus haemolyticus_gapfilled_630,0
Staphylococcus haemolyticus_gapfilled_921,1
Staphylococcus haemolyticus_gapfilled_362,0
Staphylococcus haemolyticus_gapfilled_800,1
Staphylococcus haemolyticus_gapfilled_238,1
Staphylococcus haemolyticus_gapfilled_933,0
Staphylococcus haemolyticus_gapfilled_79,0
Staphylococcus haemolyticus_gapfilled_300,0
Staphylococcus haemolyticus_gapfilled_807,1
Staphylococcus haemolyticus_gapfilled_77,1
Staphylococcus haemolyticus_gapfilled_998,0
Staphylococcus haemolyticus_gapfilled_745,0
Staphylococcus haemolyticus_gapfilled_843,1
Staphylococcus haemolyticus_gapfilled_16,1
Staphylococcus haemolyticus_gapfilled_587,1
Staphylococcus haemolyticus_gapfilled_851,0
Staphylococcus haemolyticus_gapfilled_255,1
Staphylococcus haemolyticus_gapfilled_318,1
Staphylococcus haemolyticus_gapfilled_109,1
Staphylococcus haemolyticus_gapfilled_719,1
Staphylococcus haemolyticus_gapfilled_589,0
Staphylococcus haemolyticus_gapfilled_609,0
Staphylococcus haemolyticus_gapfilled_451,1
Staphylococcus haemolyticus_gapfilled_760,0
Staphylococcus haemolyticus_gapfilled_285,1
Staphylococcus haemolyticus_gapfilled_28,1
Staphylococcus haemolyticus_gapfilled_680,1
Staphylococcus haemolyticus_gapfilled_952,0
Staphylococcus haemolyticus_gapfilled_736,1
Staphylococcus haemolyticus_gapfilled_806,1
Staphylococcus haemolyticus_gapfilled_66,1
Staphylococcus haemolyticus_gapfilled_395,0
Staphylococcus haemolyticus_gapfilled_805,1
Staphylococcus haemolyticus_gapfilled_165,1
Staphylococcus haemolyticus_gapfilled_230,1
Staphylococcus haemolyticus_gapfilled_763,1
Staphylococcus haemolyticus_gapfilled_796,1
Staphylococcus haemolyticus_gapfilled_257,0
Staphylococcus haemolyticus_gapfilled_930,0
Staphylococcus haemolyticus_gapfilled_480,0
Staphylococcus haemolyticus_gapfilled_419,0
Staphylococcus haemolyticus_gapfilled_500,0
Staphylococcus haemolyticus_gapfilled_494,1
Staphylococcus haemolyticus_gapfilled_844,0
Staphylococcus haemolyticus_gapfilled_55,1
Staphylococcus haemolyticus_gapfilled_802,0
Staphylococcus haemolyticus_gapfilled_548,0
Staphylococcus haemolyticus_gapfilled_354,0
Staphylococcus haemolyticus_gapfilled_43,1
Staphylococcus haemolyticus_gapfilled_154,1
Staphylococcus haemolyticus_gapfilled_431,1
Staphylococcus haemolyticus_gapfilled_726,0
Staphylococcus haemolyticus_gapfilled_653,0
Staphylococcus haemolyticus_gapfilled_464,1
Staphylococcus haemolyticus_gapfilled_57,1
Staphylococcus haemolyticus_gapfilled_873,0
Staphylococcus haemolyticus_gapfilled_555,1
Staphylococcus haemolyticus_gapfilled_799,1
Staphylococcus haemolyticus_gapfilled_428,1
Staphylococcus haemolyticus_gapfilled_128,1
Staphylococcus haemolyticus_gapfilled_937,1
Staphylococcus haemolyticus_gapfilled_717,1
Staphylococcus haemolyticus_gapfilled_983,1
Staphylococcus haemolyticus_gapfilled_264,1
Staphylococcus haemolyticus_gapfilled_170,0
Staphylococcus haemolyticus_gapfilled_298,1
Staphylococcus haemolyticus_gapfilled_714,1
Staphylococcus haemolyticus_gapfilled_382,1
Staphylococcus haemolyticus_gapfilled_890,1
Staphylococcus haemolyticus_gapfilled_979,1
Staphylococcus haemolyticus_gapfilled_313,0
Staphylococcus haemolyticus_gapfilled_488,0
Staphylococcus haemolyticus_gapfilled_562,1
Staphylococcus haemolyticus_gapfilled_336,1
Staphylococcus haemolyticus_gapfilled_554,1
Staphylococcus haemolyticus_gapfilled_338,1
Staphylococcus haemolyticus_gapfilled_690,0
Staphylococcus haemolyticus_gapfilled_809,0
Staphylococcus haemolyticus_gapfilled_6,0
Staphylococcus haemolyticus_gapfilled_267,1
Staphylococcus haemolyticus_gapfilled_977,1
Staphylococcus haemolyticus_gapfilled_235,1
Staphylococcus haemolyticus_gapfilled_268,1
Staphylococcus haemolyticus_gapfilled_391,0
Staphylococcus haemolyticus_gapfilled_51,1
Staphylococcus haemolyticus_gapfilled_72,0
Staphylococcus haemolyticus_gapfilled_658,0
Staphylococcus haemolyticus_gapfilled_820,0
Staphylococcus haemolyticus_gapfilled_759,1
Staphylococcus haemolyticus_gapfilled_321,1
Staphylococcus haemolyticus_gapfilled_695,0
Staphylococcus haemolyticus_gapfilled_284,0
Staphylococcus haemolyticus_gapfilled_746,1
Staphylococcus haemolyticus_gapfilled_45,1
Staphylococcus haemolyticus_gapfilled_557,0
Staphylococcus haemolyticus_gapfilled_20,1
Staphylococcus haemolyticus_gapfilled_64,1
Staphylococcus haemolyticus_gapfilled_171,1
Staphylococcus haemolyticus_gapfilled_916,0
Staphylococcus haemolyticus_gapfilled_599,0
Staphylococcus haemolyticus_gapfilled_316,0
Staphylococcus haemolyticus_gapfilled_951,1
Staphylococcus haemolyticus_gapfilled_401,0
Staphylococcus haemolyticus_gapfilled_903,1
Staphylococcus haemolyticus_gapfilled_471,0
Staphylococcus haemolyticus_gapfilled_221,1
Staphylococcus haemolyticus_gapfilled_997,0
Staphylococcus haemolyticus_gapfilled_430,0
Staphylococcus haemolyticus_gapfilled_685,0
Staphylococcus haemolyticus_gapfilled_751,0
Staphylococcus haemolyticus_gapfilled_261,1
Staphylococcus haemolyticus_gapfilled_200,1
Staphylococcus haemolyticus_gapfilled_801,1
Staphylococcus haemolyticus_gapfilled_297,1
Staphylococcus haemolyticus_gapfilled_775,1
Staphylococcus haemolyticus_gapfilled_162,1
Staphylococcus haemolyticus_gapfilled_326,0
Staphylococcus haemolyticus_gapfilled_346,1
Staphylococcus haemolyticus_gapfilled_597,1
Staphylococcus haemolyticus_gapfilled_973,0
Staphylococcus haemolyticus_gapfilled_832,1
Staphylococcus haemolyticus_gapfilled_156,1
Staphylococcus haemolyticus_gapfilled_462,1
Staphylococcus haemolyticus_gapfilled_378,0
Staphylococcus haemolyticus_gapfilled_479,0
Staphylococcus haemolyticus_gapfilled_911,1
Staphylococcus haemolyticus_gapfilled_646,1
Staphylococcus haemolyticus_gapfilled_507,1
Staphylococcus haemolyticus_gapfilled_988,1
Staphylococcus haemolyticus_gapfilled_848,0
Staphylococcus haemolyticus_gapfilled_150,1
Staphylococcus haemolyticus_gapfilled_440,1
Staphylococcus haemolyticus_gapfilled_969,1
Staphylococcus haemolyticus_gapfilled_352,1
Staphylococcus haemolyticus_gapfilled_627,1
Staphylococcus haemolyticus_gapfilled_941,0
Staphylococcus haemolyticus_gapfilled_663,0
Staphylococcus haemolyticus_gapfilled_305,0
Staphylococcus haemolyticus_gapfilled_989,1
Staphylococcus haemolyticus_gapfilled_441,1
Staphylococcus haemolyticus_gapfilled_936,1
Staphylococcus haemolyticus_gapfilled_514,1
Staphylococcus haemolyticus_gapfilled_568,0
Staphylococcus haemolyticus_gapfilled_527,1
Staphylococcus haemolyticus_gapfilled_485,1
Staphylococcus haemolyticus_gapfilled_180,1
Staphylococcus haemolyticus_gapfilled_897,0
Staphylococcus haemolyticus_gapfilled_425,1
Staphylococcus haemolyticus_gapfilled_938,0
Staphylococcus haemolyticus_gapfilled_175,0
Staphylococcus haemolyticus_gapfilled_475,1
Staphylococcus haemolyticus_gapfilled_846,1
Staphylococcus haemolyticus_gapfilled_908,1
Staphylococcus haemolyticus_gapfilled_406,0
Staphylococcus haemolyticus_gapfilled_372,1
Staphylococcus haemolyticus_gapfilled_662,1
Staphylococcus haemolyticus_gapfilled_48,1
Staphylococcus haemolyticus_gapfilled_448,0
Staphylococcus haemolyticus_gapfilled_765,0
Staphylococcus haemolyticus_gapfilled_98,1
Staphylococcus haemolyticus_gapfilled_301,0
Staphylococcus haemolyticus_gapfilled_626,1
Staphylococcus haemolyticus_gapfilled_570,0
Staphylococcus haemolyticus_gapfilled_263,1
Staphylococcus haemolyticus_gapfilled_758,0
Staphylococcus haemolyticus_gapfilled_279,1
Staphylococcus haemolyticus_gapfilled_194,1
Staphylococcus haemolyticus_gapfilled_520,0
Staphylococcus haemolyticus_gapfilled_164,0
Staphylococcus haemolyticus_gapfilled_958,0
Staphylococcus haemolyticus_gapfilled_704,0
Staphylococcus haemolyticus_gapfilled_497,1
Staphylococcus haemolyticus_gapfilled_787,1
Staphylococcus haemolyticus_gapfilled_856,1
Staphylococcus haemolyticus_gapfilled_857,1
Staphylococcus haemolyticus_gapfilled_602,0
Staphylococcus haemolyticus_gapfilled_438,1
Staphylococcus haemolyticus_gapfilled_114,1
Staphylococcus haemolyticus_gapfilled_874,1
Staphylococcus haemolyticus_gapfilled_767,1
Staphylococcus haemolyticus_gapfilled_176,0
Staphylococcus haemolyticus_gapfilled_791,1
Staphylococcus haemolyticus_gapfilled_296,0
Staphylococcus haemolyticus_gapfilled_692,0
Staphylococcus haemolyticus_gapfilled_405,1
Staphylococcus haemolyticus_gapfilled_142,1
Staphylococcus haemolyticus_gapfilled_502,1
Staphylococcus haemolyticus_gapfilled_277,1
Staphylococcus haemolyticus_gapfilled_490,1
Staphylococcus haemolyticus_gapfilled_676,1
Staphylococcus haemolyticus_gapfilled_667,1
Staphylococcus haemolyticus_gapfilled_473,0
Staphylococcus haemolyticus_gapfilled_840,0
Staphylococcus haemolyticus_gapfilled_379,1
Staphylococcus haemolyticus_gapfilled_793,0
Staphylococcus haemolyticus_gapfilled_364,1
Staphylococcus haemolyticus_gapfilled_854,1
Staphylococcus haemolyticus_gapfilled_632,1
Staphylococcus haemolyticus_gapfilled_566,1
Staphylococcus haemolyticus_gapfilled_978,1
Staphylococcus haemolyticus_gapfilled_580,0
Staphylococcus haemolyticus_gapfilled_522,0
Staphylococcus haemolyticus_gapfilled_347,1
Staphylococcus haemolyticus_gapfilled_53,1
Staphylococcus haemolyticus_gapfilled_831,0
Staphylococcus haemolyticus_gapfilled_295,0
Staphylococcus haemolyticus_gapfilled_402,1
Staphylococcus haemolyticus_gapfilled_37,1
Staphylococcus haemolyticus_gapfilled_773,0
Staphylococcus haemolyticus_gapfilled_26,0
Staphylococcus haemolyticus_gapfilled_752,1
Staphylococcus haemolyticus_gapfilled_302,1
Staphylococcus haemolyticus_gapfilled_418,0
Staphylococcus haemolyticus_gapfilled_254,1
Staphylococcus haemolyticus_gapfilled_166,1
Staphylococcus haemolyticus_gapfilled_623,1
Staphylococcus haemolyticus_gapfilled_785,1
Staphylococcus haemolyticus_gapfilled_190,1
Staphylococcus haemolyticus_gapfilled_56,1
Staphylococcus haemolyticus_gapfilled_70,0
Staphylococcus haemolyticus_gapfilled_36,0
Staphylococcus haemolyticus_gapfilled_0,0
Staphylococcus haemolyticus_gapfilled_341,1
Staphylococcus haemolyticus_gapfilled_900,1
Staphylococcus haemolyticus_gapfilled_105,0
Staphylococcus haemolyticus_gapfilled_89,1
Staphylococcus haemolyticus_gapfilled_69,1
Staphylococcus haemolyticus_gapfilled_106,0
Staphylococcus haemolyticus_gapfilled_133,1
Staphylococcus haemolyticus_gapfilled_25,0
Staphylococcus haemolyticus_gapfilled_584,0
Staphylococcus haemolyticus_gapfilled_314,1
Staphylococcus haemolyticus_gapfilled_576,0
Staphylococcus haemolyticus_gapfilled_610,0
Staphylococcus haemolyticus_gapfilled_476,1
Staphylococcus haemolyticus_gapfilled_68,0
Staphylococcus haemolyticus_gapfilled_877,0
Staphylococcus haemolyticus_gapfilled_84,0
Staphylococcus haemolyticus_gapfilled_388,0
Staphylococcus haemolyticus_gapfilled_113,1
Staphylococcus haemolyticus_gapfilled_894,1
Staphylococcus haemolyticus_gapfilled_287,1
Staphylococcus haemolyticus_gapfilled_651,1
Staphylococcus haemolyticus_gapfilled_880,1
Staphylococcus haemolyticus_gapfilled_743,1
Staphylococcus haemolyticus_gapfilled_578,1
Staphylococcus haemolyticus_gapfilled_389,1
Staphylococcus haemolyticus_gapfilled_112,1
Staphylococcus haemolyticus_gapfilled_991,1
Staphylococcus haemolyticus_gapfilled_591,1
Staphylococcus haemolyticus_gapfilled_400,0
Staphylococcus haemolyticus_gapfilled_99,1
Staphylococcus haemolyticus_gapfilled_740,0
Staphylococcus haemolyticus_gapfilled_678,0
Staphylococcus haemolyticus_gapfilled_955,1
Staphylococcus haemolyticus_gapfilled_217,1
Staphylococcus haemolyticus_gapfilled_968,1
Staphylococcus haemolyticus_gapfilled_245,1
Staphylococcus haemolyticus_gapfilled_984,1
Staphylococcus haemolyticus_gapfilled_225,0
Staphylococcus haemolyticus_gapfilled_625,0
Staphylococcus haemolyticus_gapfilled_871,1
Staphylococcus haemolyticus_gapfilled_152,1
Staphylococcus haemolyticus_gapfilled_976,0
Staphylococcus haemolyticus_gapfilled_455,0
Staphylococcus haemolyticus_gapfilled_649,1
Staphylococcus haemolyticus_gapfilled_202,0
Staphylococcus haemolyticus_gapfilled_449,0
Staphylococcus haemolyticus_gapfilled_638,1
Staphylococcus haemolyticus_gapfilled_738,0
Staphylococcus haemolyticus_gapfilled_192,0
Staphylococcus haemolyticus_gapfilled_458,1
Staphylococcus haemolyticus_gapfilled_784,1
Staphylococcus haemolyticus_gapfilled_329,1
Staphylococcus haemolyticus_gapfilled_62,0
Staphylococcus haemolyticus_gapfilled_563,0
Staphylococcus haemolyticus_gapfilled_861,1
Staphylococcus haemolyticus_gapfilled_489,1
Staphylococcus haemolyticus_gapfilled_201,0
Staphylococcus haemolyticus_gapfilled_701,0
Staphylococcus haemolyticus_gapfilled_349,1
Staphylococcus haemolyticus_gapfilled_822,0
Staphylococcus haemolyticus_gapfilled_101,1
Staphylococcus haemolyticus_gapfilled_906,0
Staphylococcus haemolyticus_gapfilled_648,1
Staphylococcus haemolyticus_gapfilled_581,1
Staphylococcus haemolyticus_gapfilled_220,1
Staphylococcus haemolyticus_gapfilled_675,0
Staphylococcus haemolyticus_gapfilled_669,1
Staphylococcus haemolyticus_gapfilled_914,0
Staphylococcus haemolyticus_gapfilled_60,0
Staphylococcus haemolyticus_gapfilled_387,1
Staphylococcus haemolyticus_gapfilled_493,1
Staphylococcus haemolyticus_gapfilled_901,1
Staphylococcus haemolyticus_gapfilled_849,1
Staphylococcus haemolyticus_gapfilled_12,1
Staphylococcus haemolyticus_gapfilled_345,1
Staphylococcus haemolyticus_gapfilled_260,1
Staphylococcus haemolyticus_gapfilled_611,1
Staphylococcus haemolyticus_gapfilled_120,1
Staphylococcus haemolyticus_gapfilled_961,0
Staphylococcus haemolyticus_gapfilled_770,1
Staphylococcus haemolyticus_gapfilled_67,0
Staphylococcus haemolyticus_gapfilled_61,1
Staphylococcus haemolyticus_gapfilled_739,0
Staphylococcus haemolyticus_gapfilled_3,0
Staphylococcus haemolyticus_gapfilled_167,0
Staphylococcus haemolyticus_gapfilled_393,1
Staphylococcus haemolyticus_gapfilled_46,1
Staphylococcus haemolyticus_gapfilled_788,1
Staphylococcus haemolyticus_gapfilled_308,0
Staphylococcus haemolyticus_gapfilled_147,1
Staphylococcus haemolyticus_gapfilled_333,1
Staphylococcus haemolyticus_gapfilled_470,1
Staphylococcus haemolyticus_gapfilled_629,0
Staphylococcus haemolyticus_gapfilled_155,1
Staphylococcus haemolyticus_gapfilled_795,0
Staphylococcus haemolyticus_gapfilled_947,1
Staphylococcus haemolyticus_gapfilled_486,1
Staphylococcus haemolyticus_gapfilled_617,1
Staphylococcus haemolyticus_gapfilled_283,0
Staphylococcus haemolyticus_gapfilled_744,0
Staphylococcus haemolyticus_gapfilled_270,0
Staphylococcus haemolyticus_gapfilled_826,1
Staphylococcus haemolyticus_gapfilled_276,1
Staphylococcus haemolyticus_gapfilled_375,1
Staphylococcus haemolyticus_gapfilled_353,1
Staphylococcus haemolyticus_gapfilled_97,1
Staphylococcus haemolyticus_gapfilled_412,1
Staphylococcus haemolyticus_gapfilled_564,1
Staphylococcus haemolyticus_gapfilled_939,0
Staphylococcus haemolyticus_gapfilled_334,0
Staphylococcus haemolyticus_gapfilled_966,1
Staphylococcus haemolyticus_gapfilled_733,1
Staphylococcus haemolyticus_gapfilled_138,1
Staphylococcus haemolyticus_gapfilled_505,0
Staphylococcus haemolyticus_gapfilled_78,1
Staphylococcus haemolyticus_gapfilled_52,1
Staphylococcus haemolyticus_gapfilled_186,1
Staphylococcus haemolyticus_gapfilled_712,0
Staphylococcus haemolyticus_gapfilled_332,1
Staphylococcus haemolyticus_gapfilled_885,0
Staphylococcus haemolyticus_gapfilled_239,0
Staphylococcus haemolyticus_gapfilled_468,1
Staphylococcus haemolyticus_gapfilled_189,1
Staphylococcus haemolyticus_gapfilled_816,0
Staphylococcus haemolyticus_gapfilled_288,0
Staphylococcus haemolyticus_gapfilled_461,1
Staphylococcus haemolyticus_gapfilled_547,1
Staphylococcus haemolyticus_gapfilled_50,0
Staphylococcus haemolyticus_gapfilled_403,1
Staphylococcus haemolyticus_gapfilled_907,1
Staphylococcus haemolyticus_gapfilled_121,0
Staphylococcus haemolyticus_gapfilled_636,1
Staphylococcus haemolyticus_gapfilled_618,1
Staphylococcus haemolyticus_gapfilled_797,1
Staphylococcus haemolyticus_gapfilled_27,0
Staphylococcus haemolyticus_gapfilled_962,0
Staphylococcus haemolyticus_gapfilled_139,1
Staphylococcus haemolyticus_gapfilled_605,0
Staphylococcus haemolyticus_gapfilled_834,0
Staphylococcus haemolyticus_gapfilled_231,0
Staphylococcus haemolyticus_gapfilled_258,0
Staphylococcus haemolyticus_gapfilled_478,1
Staphylococcus haemolyticus_gapfilled_540,1
Staphylococcus haemolyticus_gapfilled_999,0
Staphylococcus haemolyticus_gapfilled_694,1
Staphylococcus haemolyticus_gapfilled_32,0
Staphylococcus haemolyticus_gapfilled_184,1
Staphylococcus haemolyticus_gapfilled_925,1
Staphylococcus haemolyticus_gapfilled_792,0
Staphylococcus haemolyticus_gapfilled_74,0
Staphylococcus haemolyticus_gapfilled_259,0
Staphylococcus haemolyticus_gapfilled_821,0
Staphylococcus haemolyticus_gapfilled_453,0
Staphylococcus haemolyticus_gapfilled_320,1
Staphylococcus haemolyticus_gapfilled_657,0
Staphylococcus haemolyticus_gapfilled_531,0
Staphylococcus haemolyticus_gapfilled_779,0
Staphylococcus haemolyticus_gapfilled_600,1
Staphylococcus haemolyticus_gapfilled_747,1
Staphylococcus haemolyticus_gapfilled_728,1
Staphylococcus haemolyticus_gapfilled_102,0
Staphylococcus haemolyticus_gapfilled_335,1
Staphylococcus haemolyticus_gapfilled_426,0
Staphylococcus haemolyticus_gapfilled_183,0
Staphylococcus haemolyticus_gapfilled_607,1
Staphylococcus haemolyticus_gapfilled_227,1
Staphylococcus haemolyticus_gapfilled_477,1
Staphylococcus haemolyticus_gapfilled_621,1
Staphylococcus haemolyticus_gapfilled_330,1
Staphylococcus haemolyticus_gapfilled_18,1
Staphylococcus haemolyticus_gapfilled_696,1
Staphylococcus haemolyticus_gapfilled_622,1
Staphylococcus haemolyticus_gapfilled_129,0
Staphylococcus haemolyticus_gapfilled_538,1
Staphylococcus haemolyticus_gapfilled_741,1
Staphylococcus haemolyticus_gapfilled_219,0
Staphylococcus haemolyticus_gapfilled_774,1
Staphylococcus haemolyticus_gapfilled_794,1
Staphylococcus haemolyticus_gapfilled_574,0
Staphylococcus haemolyticus_gapfilled_647,0
Staphylococcus haemolyticus_gapfilled_771,1
Staphylococcus haemolyticus_gapfilled_123,1
Staphylococcus haemolyticus_gapfilled_280,1
Staphylococcus haemolyticus_gapfilled_703,1
Staphylococcus haemolyticus_gapfilled_390,1
Staphylococcus haemolyticus_gapfilled_518,1
Staphylococcus haemolyticus_gapfilled_209,1
Staphylococcus haemolyticus_gapfilled_289,0
Staphylococcus haemolyticus_gapfilled_588,0
Staphylococcus haemolyticus_gapfilled_39,0
Staphylococcus haemolyticus_gapfilled_905,1
Staphylococcus haemolyticus_gapfilled_408,1
Staphylococcus haemolyticus_gapfilled_86,0
Staphylococcus haemolyticus_gapfilled_141,0
Staphylococcus haemolyticus_gapfilled_723,1
Staphylococcus haemolyticus_gapfilled_87,1
Staphylococcus haemolyticus_gapfilled_778,1
Staphylococcus haemolyticus_gapfilled_924,0
Staphylococcus haemolyticus_gapfilled_789,0
Staphylococcus haemolyticus_gapfilled_306,0
Staphylococcus haemolyticus_gapfilled_964,0
Staphylococcus haemolyticus_gapfilled_943,1
Staphylococcus haemolyticus_gapfilled_456,1
Staphylococcus haemolyticus_gapfilled_815,0
Staphylococcus haemolyticus_gapfilled_910,1
Staphylococcus haemolyticus_gapfilled_754,0
Staphylococcus haemolyticus_gapfilled_501,1
Staphylococcus haemolyticus_gapfilled_863,1
Staphylococcus haemolyticus_gapfilled_673,1
Staphylococcus haemolyticus_gapfilled_103,0
Staphylococcus haemolyticus_gapfilled_542,1
Staphylococcus haemolyticus_gapfilled_181,1
Staphylococcus haemolyticus_gapfilled_953,1
Staphylococcus haemolyticus_gapfilled_340,0
Staphylococcus haemolyticus_gapfilled_256,1
Staphylococcus haemolyticus_gapfilled_825,1
Staphylococcus haemolyticus_gapfilled_153,0
Staphylococcus haemolyticus_gapfilled_896,0
Staphylococcus haemolyticus_gapfilled_650,1
Staphylococcus haemolyticus_gapfilled_244,1
Staphylococcus haemolyticus_gapfilled_407,0
Staphylococcus haemolyticus_gapfilled_185,1
Staphylococcus haemolyticus_gapfilled_436,1
Staphylococcus haemolyticus_gapfilled_172,1
Staphylococcus haemolyticus_gapfilled_604,1
Staphylococcus haemolyticus_gapfilled_987,0
Staphylococcus haemolyticus_gapfilled_965,0
Staphylococcus haemolyticus_gapfilled_814,0
Staphylococcus haemolyticus_gapfilled_356,1
Staphylococcus haemolyticus_gapfilled_528,1
Staphylococcus haemolyticus_gapfilled_841,1
Staphylococcus haemolyticus_gapfilled_887,0
Staphylococcus haemolyticus_gapfilled_656,1
Staphylococcus haemolyticus_gapfilled_437,1
Staphylococcus haemolyticus_gapfilled_920,1
Staphylococcus haemolyticus_gapfilled_365,1
Staphylococcus haemolyticus_gapfilled_613,1
Staphylococcus haemolyticus_gapfilled_853,0
Staphylococcus haemolyticus_gapfilled_380,1
Staphylococcus haemolyticus_gapfilled_293,1
Staphylococcus haemolyticus_gapfilled_536,0
Staphylococcus haemolyticus_gapfilled_904,0
Staphylococcus haemolyticus_gapfilled_624,0
Staphylococcus haemolyticus_gapfilled_367,1
Staphylococcus haemolyticus_gapfilled_529,0
Staphylococcus haemolyticus_gapfilled_541,1
Staphylococcus haemolyticus_gapfilled_177,0
Staphylococcus haemolyticus_gapfilled_432,0
Staphylococcus haemolyticus_gapfilled_116,0
Staphylococcus haemolyticus_gapfilled_804,1
Staphylococcus haemolyticus_gapfilled_204,0
Staphylococcus haemolyticus_gapfilled_161,0
Staphylococcus haemolyticus_gapfilled_360,1
Staphylococcus haemolyticus_gapfilled_691,1
Staphylococcus haemolyticus_gapfilled_49,1
Staphylococcus haemolyticus_gapfilled_81,1
Staphylococcus haemolyticus_gapfilled_91,1
Staphylococcus haemolyticus_gapfilled_444,0
Staphylococcus haemolyticus_gapfilled_819,1
Staphylococcus haemolyticus_gapfilled_927,1
Staphylococcus haemolyticus_gapfilled_466,1
Staphylococcus haemolyticus_gapfilled_922,1
Staphylococcus haemolyticus_gapfilled_76,1
Staphylococcus haemolyticus_gapfilled_659,0
Staphylococcus haemolyticus_gapfilled_671,1
Staphylococcus haemolyticus_gapfilled_766,0
Staphylococcus haemolyticus_gapfilled_598,1
Staphylococcus haemolyticus_gapfilled_269,1
Staphylococcus haemolyticus_gapfilled_687,1
Staphylococcus haemolyticus_gapfilled_982,0
Staphylococcus haemolyticus_gapfilled_446,0
Staphylococcus haemolyticus_gapfilled_508,0
Staphylococcus haemolyticus_gapfilled_290,0
Staphylococcus haemolyticus_gapfilled_469,1
Staphylococcus haemolyticus_gapfilled_294,1
Staphylococcus haemolyticus_gapfilled_511,1
Staphylococcus haemolyticus_gapfilled_644,1
Staphylococcus haemolyticus_gapfilled_693,1
Staphylococcus haemolyticus_gapfilled_561,1
Staphylococcus haemolyticus_gapfilled_328,1
Staphylococcus haemolyticus_gapfilled_892,0
Staphylococcus haemolyticus_gapfilled_9,0
Staphylococcus haemolyticus_gapfilled_226,1
Staphylococcus haemolyticus_gapfilled_994,1
Staphylococcus haemolyticus_gapfilled_463,1
Staphylococcus haemolyticus_gapfilled_337,1
Staphylococcus haemolyticus_gapfilled_668,0
Staphylococcus haemolyticus_gapfilled_633,1
Staphylococcus haemolyticus_gapfilled_384,0
Staphylococcus haemolyticus_gapfilled_483,0
Staphylococcus haemolyticus_gapfilled_90,0
Staphylococcus haemolyticus_gapfilled_442,1
Staphylococcus haemolyticus_gapfilled_94,1
Staphylococcus haemolyticus_gapfilled_521,1
Staphylococcus haemolyticus_gapfilled_249,1
Staphylococcus haemolyticus_gapfilled_454,1
Staphylococcus haemolyticus_gapfilled_394,1
Staphylococcus haemolyticus_gapfilled_248,1
Staphylococcus haemolyticus_gapfilled_416,1
Staphylococcus haemolyticus_gapfilled_115,1
Staphylococcus haemolyticus_gapfilled_275,1
Staphylococcus haemolyticus_gapfilled_222,1
Staphylococcus haemolyticus_gapfilled_339,1
Staphylococcus haemolyticus_gapfilled_196,0
Staphylococcus haemolyticus_gapfilled_169,1
Staphylococcus haemolyticus_gapfilled_355,1
Staphylococcus haemolyticus_gapfilled_684,0
Staphylococcus haemolyticus_gapfilled_415,0
Staphylococcus haemolyticus_gapfilled_748,1
Staphylococcus haemolyticus_gapfilled_370,1
Staphylococcus haemolyticus_gapfilled_850,1
Staphylococcus haemolyticus_gapfilled_31,1
Staphylococcus haemolyticus_gapfilled_702,0
Staphylococcus haemolyticus_gapfilled_135,1
Staphylococcus haemolyticus_gapfilled_835,1
Staphylococcus haemolyticus_gapfilled_582,1
Staphylococcus haemolyticus_gapfilled_828,1
Staphylococcus haemolyticus_gapfilled_567,1
Staphylococcus haemolyticus_gapfilled_811,0
Staphylococcus haemolyticus_gapfilled_556,1
Staphylococcus haemolyticus_gapfilled_132,1
Staphylococcus haemolyticus_gapfilled_615,1
Staphylococcus haemolyticus_gapfilled_918,1
Staphylococcus haemolyticus_gapfilled_96,1
Staphylococcus haemolyticus_gapfilled_411,1
Staphylococcus haemolyticus_gapfilled_41,0
Staphylococcus haemolyticus_gapfilled_59,1
Staphylococcus haemolyticus_gapfilled_679,1
Staphylococcus haemolyticus_gapfilled_730,0
Staphylococcus haemolyticus_gapfilled_450,1
Staphylococcus haemolyticus_gapfilled_869,0
Staphylococcus haemolyticus_gapfilled_722,1
Staphylococcus haemolyticus_gapfilled_107,1
Staphylococcus haemolyticus_gapfilled_565,0
Staphylococcus haemolyticus_gapfilled_823,0
Staphylococcus haemolyticus_gapfilled_628,0
Staphylococcus haemolyticus_gapfilled_151,1
Staphylococcus haemolyticus_gapfilled_913,0
Staphylococcus haemolyticus_gapfilled_130,0
Staphylococcus haemolyticus_gapfilled_85,0
Staphylococcus haemolyticus_gapfilled_216,1
Staphylococcus haemolyticus_gapfilled_543,1
Staphylococcus haemolyticus_gapfilled_523,0
Staphylococcus haemolyticus_gapfilled_35,1
Staphylococcus haemolyticus_gapfilled_631,0
Staphylococcus haemolyticus_gapfilled_373,0
Staphylococcus haemolyticus_gapfilled_950,1
Staphylococcus haemolyticus_gapfilled_134,1
Staphylococcus haemolyticus_gapfilled_956,1
Staphylococcus haemolyticus_gapfilled_926,1
Staphylococcus haemolyticus_gapfilled_959,1
Staphylococcus haemolyticus_gapfilled_727,0
Staphylococcus haemolyticus_gapfilled_881,0
Staphylococcus haemolyticus_gapfilled_790,1
Staphylococcus haemolyticus_gapfilled_423,0
Staphylococcus haemolyticus_gapfilled_957,1
Staphylococcus haemolyticus_gapfilled_309,0
Staphylococcus haemolyticus_gapfilled_118,0
Staphylococcus haemolyticus_gapfilled_228,1
Staphylococcus haemolyticus_gapfilled_127,0
Staphylococcus haemolyticus_gapfilled_781,0
Staphylococcus haemolyticus_gapfilled_645,1
Staphylococcus haemolyticus_gapfilled_606,1
Staphylococcus haemolyticus_gapfilled_8,1
Staphylococcus haemolyticus_gapfilled_700,0
Staphylococcus haemolyticus_gapfilled_73,0
Staphylococcus haemolyticus_gapfilled_246,0
Staphylococcus haemolyticus_gapfilled_163,1
Staphylococcus haemolyticus_gapfilled_620,1
Staphylococcus haemolyticus_gapfilled_251,1
Staphylococcus haemolyticus_gapfilled_22,0
Staphylococcus haemolyticus_gapfilled_981,1
Staphylococcus haemolyticus_gapfilled_377,0
Staphylococcus haemolyticus_gapfilled_179,0
Staphylococcus haemolyticus_gapfilled_780,1
Staphylococcus haemolyticus_gapfilled_660,0
Staphylococcus haemolyticus_gapfilled_359,1
Staphylococcus haemolyticus_gapfilled_247,1
Staphylococcus haemolyticus_gapfilled_472,1
Staphylococcus haemolyticus_gapfilled_504,1
Staphylococcus haemolyticus_gapfilled_198,1
Staphylococcus haemolyticus_gapfilled_642,1
Staphylococcus haemolyticus_gapfilled_786,0
Staphylococcus haemolyticus_gapfilled_144,1
Staphylococcus haemolyticus_gapfilled_157,1
Staphylococcus haemolyticus_gapfilled_366,1
Staphylococcus haemolyticus_gapfilled_197,1
Staphylococcus haemolyticus_gapfilled_535,0
Staphylococcus haemolyticus_gapfilled_829,1
Staphylococcus haemolyticus_gapfilled_619,1
Staphylococcus haemolyticus_gapfilled_593,0
Staphylococcus haemolyticus_gapfilled_836,0
Staphylococcus haemolyticus_gapfilled_88,0
Staphylococcus haemolyticus_gapfilled_517,0
Staphylococcus haemolyticus_gapfilled_661,0
Staphylococcus haemolyticus_gapfilled_699,0
Staphylococcus haemolyticus_gapfilled_210,0
Staphylococcus haemolyticus_gapfilled_895,0
Staphylococcus haemolyticus_gapfilled_417,1
Staphylococcus haemolyticus_gapfilled_282,1
Staphylococcus haemolyticus_gapfilled_173,1
Staphylococcus haemolyticus_gapfilled_612,0
Staphylococcus haemolyticus_gapfilled_224,1
Staphylococcus haemolyticus_gapfilled_963,0
Staphylococcus haemolyticus_gapfilled_357,0
Staphylococcus haemolyticus_gapfilled_140,1
Staphylococcus haemolyticus_gapfilled_756,1
Staphylococcus haemolyticus_gapfilled_872,1
Staphylococcus haemolyticus_gapfilled_643,0
Staphylococcus haemolyticus_gapfilled_299,1
Staphylococcus haemolyticus_gapfilled_420,1
Staphylococcus haemolyticus_gapfilled_864,0
Staphylococcus haemolyticus_gapfilled_912,1
Staphylococcus haemolyticus_gapfilled_571,1
Staphylococcus haemolyticus_gapfilled_414,1
Staphylococcus haemolyticus_gapfilled_149,1
Staphylococcus haemolyticus_gapfilled_762,1
Staphylococcus haemolyticus_gapfilled_572,1
Staphylococcus haemolyticus_gapfilled_742,1
Staphylococcus haemolyticus_gapfilled_898,0
Staphylococcus haemolyticus_gapfilled_178,1
Staphylococcus haemolyticus_gapfilled_866,1
Staphylococcus haemolyticus_gapfilled_707,0
Staphylococcus haemolyticus_gapfilled_705,0
Staphylococcus haemolyticus_gapfilled_93,0
Staphylococcus haemolyticus_gapfilled_21,1
Staphylococcus haemolyticus_gapfilled_286,0
Staphylococcus haemolyticus_gapfilled_14,1
Staphylococcus haemolyticus_gapfilled_237,0
Staphylococcus haemolyticus_gapfilled_234,0
Staphylococcus haemolyticus_gapfilled_769,1
Staphylococcus haemolyticus_gapfilled_634,1
Staphylococcus haemolyticus_gapfilled_119,1
Staphylococcus haemolyticus_gapfilled_753,1
Staphylococcus haemolyticus_gapfilled_307,1
Staphylococcus haemolyticus_gapfilled_639,1
Staphylococcus haemolyticus_gapfilled_720,1
Staphylococcus haemolyticus_gapfilled_447,0
Staphylococcus haemolyticus_gapfilled_174,1
Staphylococcus haemolyticus_gapfilled_413,1
Staphylococcus haemolyticus_gapfilled_187,1
Staphylococcus haemolyticus_gapfilled_855,0
Staphylococcus haemolyticus_gapfilled_19,0
Staphylococcus haemolyticus_gapfilled_376,0
Staphylococcus haemolyticus_gapfilled_410,0
Staphylococcus haemolyticus_gapfilled_350,1
Staphylococcus haemolyticus_gapfilled_573,0
Staphylococcus haemolyticus_gapfilled_592,1
Staphylococcus haemolyticus_gapfilled_640,0
Staphylococcus haemolyticus_gapfilled_883,1
Staphylococcus haemolyticus_gapfilled_443,1
Staphylococcus haemolyticus_gapfilled_42,1
Staphylococcus haemolyticus_gapfilled_812,1
Staphylococcus haemolyticus_gapfilled_191,0
Staphylococcus haemolyticus_gapfilled_530,1
Staphylococcus haemolyticus_gapfilled_344,1
Staphylococcus haemolyticus_gapfilled_439,0
Staphylococcus haemolyticus_gapfilled_734,1
Staphylococcus haemolyticus_gapfilled_211,1
Staphylococcus haemolyticus_gapfilled_383,1
Staphylococcus haemolyticus_gapfilled_409,1
Staphylococcus haemolyticus_gapfilled_884,1
Staphylococcus haemolyticus_gapfilled_7,0
Staphylococcus haemolyticus_gapfilled_110,0
Staphylococcus haemolyticus_gapfilled_515,1
Staphylococcus haemolyticus_gapfilled_942,0
Staphylococcus haemolyticus_gapfilled_460,1
Staphylococcus haemolyticus_gapfilled_776,1
Staphylococcus haemolyticus_gapfilled_5,0
Staphylococcus haemolyticus_gapfilled_882,1
Staphylococcus haemolyticus_gapfilled_242,1
Staphylococcus haemolyticus_gapfilled_716,1
Staphylococcus haemolyticus_gapfilled_195,1
Staphylococcus haemolyticus_gapfilled_553,1
Staphylococcus haemolyticus_gapfilled_551,1
Staphylococcus haemolyticus_gapfilled_688,1
Staphylococcus haemolyticus_gapfilled_15,1
Staphylococcus haemolyticus_gapfilled_374,1
Staphylococcus haemolyticus_gapfilled_601,1
Staphylococcus haemolyticus_gapfilled_38,1
Staphylococcus haemolyticus_gapfilled_833,1
Staphylococcus haemolyticus_gapfilled_534,1
Staphylococcus haemolyticus_gapfilled_935,1
Staphylococcus haemolyticus_gapfilled_735,1
Staphylococcus haemolyticus_gapfilled_524,0
Staphylococcus haemolyticus_gapfilled_467,0
Staphylococcus haemolyticus_gapfilled_682,1
Staphylococcus haemolyticus_gapfilled_603,1
Staphylococcus haemolyticus_gapfilled_65,1
Staphylococcus haemolyticus_gapfilled_594,0
Staphylococcus haemolyticus_gapfilled_503,1
Staphylococcus haemolyticus_gapfilled_304,1
Staphylococcus haemolyticus_gapfilled_131,1
Staphylococcus haemolyticus_gapfilled_960,1
Staphylococcus haemolyticus_gapfilled_845,1
Staphylococcus haemolyticus_gapfilled_193,0
Staphylococcus haemolyticus_gapfilled_782,0
Staphylococcus haemolyticus_gapfilled_614,1
Staphylococcus haemolyticus_gapfilled_111,1
Staphylococcus haemolyticus_gapfilled_683,1
Staphylococcus haemolyticus_gapfilled_474,1
Staphylococcus haemolyticus_gapfilled_616,0
Staphylococcus haemolyticus_gapfilled_842,0
Staphylococcus haemolyticus_gapfilled_970,0
Staphylococcus haemolyticus_gapfilled_949,0
Staphylococcus haemolyticus_gapfilled_363,0
Staphylococcus haemolyticus_gapfilled_33,1
Staphylococcus haemolyticus_gapfilled_343,1
Staphylococcus haemolyticus_gapfilled_559,0
Staphylococcus haemolyticus_gapfilled_108,1
Staphylococcus haemolyticus_gapfilled_755,1
Staphylococcus haemolyticus_gapfilled_435,1
Staphylococcus haemolyticus_gapfilled_11,0
Staphylococcus haemolyticus_gapfilled_324,1
Staphylococcus haemolyticus_gapfilled_223,0
Staphylococcus haemolyticus_gapfilled_63,0
Staphylococcus haemolyticus_gapfilled_445,0
Staphylococcus haemolyticus_gapfilled_371,0
Staphylococcus haemolyticus_gapfilled_137,0
Staphylococcus haemolyticus_gapfilled_550,0
Staphylococcus haemolyticus_gapfilled_888,0
Staphylococcus haemolyticus_gapfilled_266,1
Staphylococcus haemolyticus_gapfilled_803,1
Staphylococcus haemolyticus_gapfilled_995,0
Staphylococcus haemolyticus_gapfilled_457,1
Staphylococcus haemolyticus_gapfilled_923,0
Staphylococcus haemolyticus_gapfilled_429,1
Staphylococcus haemolyticus_gapfilled_358,1
Staphylococcus haemolyticus_gapfilled_218,0
Staphylococcus haemolyticus_gapfilled_946,1
Staphylococcus haemolyticus_gapfilled_768,0
Staphylococcus haemolyticus_gapfilled_569,0
Staphylococcus haemolyticus_gapfilled_879,1
Staphylococcus haemolyticus_gapfilled_80,1
Staphylococcus haemolyticus_gapfilled_241,1
Staphylococcus haemolyticus_gapfilled_928,1
Staphylococcus haemolyticus_gapfilled_159,1
Staphylococcus haemolyticus_gapfilled_145,0
Staphylococcus haemolyticus_gapfilled_993,1
Staphylococcus haemolyticus_gapfilled_655,1
Staphylococcus haemolyticus_gapfilled_818,0
Staphylococcus haemolyticus_gapfilled_188,0
Staphylococcus haemolyticus_gapfilled_516,0
Staphylococcus haemolyticus_gapfilled_817,0
Staphylococcus haemolyticus_gapfilled_361,1
Staphylococcus haemolyticus_gapfilled_82,0
Staphylococcus haemolyticus_gapfilled_891,1
Staphylococcus haemolyticus_gapfilled_798,0
Staphylococcus haemolyticus_gapfilled_427,0
Staphylococcus haemolyticus_gapfilled_208,1
Staphylococcus haemolyticus_gapfilled_876,1
Staphylococcus haemolyticus_gapfilled_240,0
Staphylococcus haemolyticus_gapfilled_859,0
Staphylococcus haemolyticus_gapfilled_862,0
Staphylococcus haemolyticus_gapfilled_385,0
Staphylococcus haemolyticus_gapfilled_934,1
Staphylococcus haemolyticus_gapfilled_718,1
Staphylococcus haemolyticus_gapfilled_465,0
Staphylococcus haemolyticus_gapfilled_317,1
Staphylococcus haemolyticus_gapfilled_665,1
Staphylococcus haemolyticus_gapfilled_590,1
Staphylococcus haemolyticus_gapfilled_348,1
Staphylococcus haemolyticus_gapfilled_839,1
Staphylococcus haemolyticus_gapfilled_369,0
Staphylococcus haemolyticus_gapfilled_58,1
Staphylococcus haemolyticus_gapfilled_4,1
Staphylococcus haemolyticus_gapfilled_772,1
Staphylococcus haemolyticus_gapfilled_506,0
Staphylococcus haemolyticus_gapfilled_945,1
Staphylococcus haemolyticus_gapfilled_368,0
