Corynebacterium glutamicum_gapfilled_567,0
Corynebacterium glutamicum_gapfilled_745,1
Corynebacterium glutamicum_gapfilled_240,1
Corynebacterium glutamicum_gapfilled_898,0
Corynebacterium glutamicum_gapfilled_119,0
Corynebacterium glutamicum_gapfilled_472,0
Corynebacterium glutamicum_gapfilled_39,1
Corynebacterium glutamicum_gapfilled_943,0
Corynebacterium glutamicum_gapfilled_499,0
Corynebacterium glutamicum_gapfilled_655,1
Corynebacterium glutamicum_gapfilled_876,0
Corynebacterium glutamicum_gapfilled_424,1
Corynebacterium glutamicum_gapfilled_514,0
Corynebacterium glutamicum_gapfilled_479,0
Corynebacterium glutamicum_gapfilled_437,0
Corynebacterium glutamicum_gapfilled_751,1
Corynebacterium glutamicum_gapfilled_308,0
Corynebacterium glutamicum_gapfilled_254,0
Corynebacterium glutamicum_gapfilled_179,0
Corynebacterium glutamicum_gapfilled_948,1
Corynebacterium glutamicum_gapfilled_199,1
Corynebacterium glutamicum_gapfilled_251,0
Corynebacterium glutamicum_gapfilled_340,0
Corynebacterium glutamicum_gapfilled_74,0
Corynebacterium glutamicum_gapfilled_754,0
Corynebacterium glutamicum_gapfilled_403,0
Corynebacterium glutamicum_gapfilled_163,0
Corynebacterium glutamicum_gapfilled_622,1
Corynebacterium glutamicum_gapfilled_415,1
Corynebacterium glutamicum_gapfilled_708,1
Corynebacterium glutamicum_gapfilled_695,0
Corynebacterium glutamicum_gapfilled_576,0
Corynebacterium glutamicum_gapfilled_834,1
Corynebacterium glutamicum_gapfilled_848,0
Corynebacterium glutamicum_gapfilled_92,1
Corynebacterium glutamicum_gapfilled_639,0
Corynebacterium glutamicum_gapfilled_369,0
Corynebacterium glutamicum_gapfilled_705,0
Corynebacterium glutamicum_gapfilled_560,0
Corynebacterium glutamicum_gapfilled_844,0
Corynebacterium glutamicum_gapfilled_272,1
Corynebacterium glutamicum_gapfilled_217,0
Corynebacterium glutamicum_gapfilled_653,0
Corynebacterium glutamicum_gapfilled_503,0
Corynebacterium glutamicum_gapfilled_852,0
Corynebacterium glutamicum_gapfilled_644,1
Corynebacterium glutamicum_gapfilled_198,0
Corynebacterium glutamicum_gapfilled_122,0
Corynebacterium glutamicum_gapfilled_30,0
Corynebacterium glutamicum_gapfilled_77,0
Corynebacterium glutamicum_gapfilled_480,0
Corynebacterium glutamicum_gapfilled_704,1
Corynebacterium glutamicum_gapfilled_749,0
Corynebacterium glutamicum_gapfilled_959,0
Corynebacterium glutamicum_gapfilled_982,1
Corynebacterium glutamicum_gapfilled_519,1
Corynebacterium glutamicum_gapfilled_256,0
Corynebacterium glutamicum_gapfilled_678,1
Corynebacterium glutamicum_gapfilled_744,0
Corynebacterium glutamicum_gapfilled_332,0
Corynebacterium glutamicum_gapfilled_500,0
Corynebacterium glutamicum_gapfilled_431,0
Corynebacterium glutamicum_gapfilled_497,0
Corynebacterium glutamicum_gapfilled_919,0
Corynebacterium glutamicum_gapfilled_721,1
Corynebacterium glutamicum_gapfilled_129,0
Corynebacterium glutamicum_gapfilled_498,0
Corynebacterium glutamicum_gapfilled_104,0
Corynebacterium glutamicum_gapfilled_592,0
Corynebacterium glutamicum_gapfilled_484,0
Corynebacterium glutamicum_gapfilled_839,0
Corynebacterium glutamicum_gapfilled_980,0
Corynebacterium glutamicum_gapfilled_208,1
Corynebacterium glutamicum_gapfilled_914,1
Corynebacterium glutamicum_gapfilled_362,1
Corynebacterium glutamicum_gapfilled_734,0
Corynebacterium glutamicum_gapfilled_565,0
Corynebacterium glutamicum_gapfilled_410,1
Corynebacterium glutamicum_gapfilled_833,1
Corynebacterium glutamicum_gapfilled_423,1
Corynebacterium glutamicum_gapfilled_725,0
Corynebacterium glutamicum_gapfilled_118,0
Corynebacterium glutamicum_gapfilled_778,0
Corynebacterium glutamicum_gapfilled_358,0
Corynebacterium glutamicum_gapfilled_341,0
Corynebacterium glutamicum_gapfilled_454,0
Corynebacterium glutamicum_gapfilled_692,0
Corynebacterium glutamicum_gapfilled_15,1
Corynebacterium glutamicum_gapfilled_609,0
Corynebacterium glutamicum_gapfilled_419,0
Corynebacterium glutamicum_gapfilled_79,0
Corynebacterium glutamicum_gapfilled_588,1
Corynebacterium glutamicum_gapfilled_877,0
Corynebacterium glutamicum_gapfilled_290,1
Corynebacterium glutamicum_gapfilled_939,0
Corynebacterium glutamicum_gapfilled_165,0
Corynebacterium glutamicum_gapfilled_282,0
Corynebacterium glutamicum_gapfilled_443,0
Corynebacterium glutamicum_gapfilled_895,1
Corynebacterium glutamicum_gapfilled_636,1
Corynebacterium glutamicum_gapfilled_191,0
Corynebacterium glutamicum_gapfilled_994,0
Corynebacterium glutamicum_gapfilled_417,1
Corynebacterium glutamicum_gapfilled_601,0
Corynebacterium glutamicum_gapfilled_858,1
Corynebacterium glutamicum_gapfilled_235,0
Corynebacterium glutamicum_gapfilled_890,1
Corynebacterium glutamicum_gapfilled_928,1
Corynebacterium glutamicum_gapfilled_69,0
Corynebacterium glutamicum_gapfilled_460,0
Corynebacterium glutamicum_gapfilled_795,0
Corynebacterium glutamicum_gapfilled_68,0
Corynebacterium glutamicum_gapfilled_268,0
Corynebacterium glutamicum_gapfilled_953,0
Corynebacterium glutamicum_gapfilled_190,0
Corynebacterium glutamicum_gapfilled_803,1
Corynebacterium glutamicum_gapfilled_40,0
Corynebacterium glutamicum_gapfilled_504,0
Corynebacterium glutamicum_gapfilled_933,0
Corynebacterium glutamicum_gapfilled_184,0
Corynebacterium glutamicum_gapfilled_65,1
Corynebacterium glutamicum_gapfilled_327,0
Corynebacterium glutamicum_gapfilled_572,0
Corynebacterium glutamicum_gapfilled_491,1
Corynebacterium glutamicum_gapfilled_287,1
Corynebacterium glutamicum_gapfilled_797,0
Corynebacterium glutamicum_gapfilled_887,0
Corynebacterium glutamicum_gapfilled_72,0
Corynebacterium glutamicum_gapfilled_294,0
Corynebacterium glutamicum_gapfilled_539,0
Corynebacterium glutamicum_gapfilled_571,0
Corynebacterium glutamicum_gapfilled_610,0
Corynebacterium glutamicum_gapfilled_425,0
Corynebacterium glutamicum_gapfilled_219,0
Corynebacterium glutamicum_gapfilled_837,1
Corynebacterium glutamicum_gapfilled_279,0
Corynebacterium glutamicum_gapfilled_815,0
Corynebacterium glutamicum_gapfilled_435,0
Corynebacterium glutamicum_gapfilled_819,0
Corynebacterium glutamicum_gapfilled_568,0
Corynebacterium glutamicum_gapfilled_773,0
Corynebacterium glutamicum_gapfilled_796,1
Corynebacterium glutamicum_gapfilled_102,0
Corynebacterium glutamicum_gapfilled_985,1
Corynebacterium glutamicum_gapfilled_552,0
Corynebacterium glutamicum_gapfilled_212,0
Corynebacterium glutamicum_gapfilled_870,0
Corynebacterium glutamicum_gapfilled_27,0
Corynebacterium glutamicum_gapfilled_427,1
Corynebacterium glutamicum_gapfilled_187,1
Corynebacterium glutamicum_gapfilled_391,0
Corynebacterium glutamicum_gapfilled_862,1
Corynebacterium glutamicum_gapfilled_367,1
Corynebacterium glutamicum_gapfilled_135,0
Corynebacterium glutamicum_gapfilled_285,0
Corynebacterium glutamicum_gapfilled_12,0
Corynebacterium glutamicum_gapfilled_790,1
Corynebacterium glutamicum_gapfilled_269,0
Corynebacterium glutamicum_gapfilled_453,1
Corynebacterium glutamicum_gapfilled_597,0
Corynebacterium glutamicum_gapfilled_213,0
Corynebacterium glutamicum_gapfilled_147,1
Corynebacterium glutamicum_gapfilled_923,1
Corynebacterium glutamicum_gapfilled_297,1
Corynebacterium glutamicum_gapfilled_44,1
Corynebacterium glutamicum_gapfilled_218,1
Corynebacterium glutamicum_gapfilled_711,0
Corynebacterium glutamicum_gapfilled_589,0
Corynebacterium glutamicum_gapfilled_774,0
Corynebacterium glutamicum_gapfilled_295,0
Corynebacterium glutamicum_gapfilled_717,0
Corynebacterium glutamicum_gapfilled_241,1
Corynebacterium glutamicum_gapfilled_596,0
Corynebacterium glutamicum_gapfilled_428,0
Corynebacterium glutamicum_gapfilled_997,0
Corynebacterium glutamicum_gapfilled_685,0
Corynebacterium glutamicum_gapfilled_394,1
Corynebacterium glutamicum_gapfilled_993,0
Corynebacterium glutamicum_gapfilled_798,1
Corynebacterium glutamicum_gapfilled_605,0
Corynebacterium glutamicum_gapfilled_334,0
Corynebacterium glutamicum_gapfilled_466,1
Corynebacterium glutamicum_gapfilled_682,0
Corynebacterium glutamicum_gapfilled_48,1
Corynebacterium glutamicum_gapfilled_185,1
Corynebacterium glutamicum_gapfilled_83,1
Corynebacterium glutamicum_gapfilled_978,1
Corynebacterium glutamicum_gapfilled_433,0
Corynebacterium glutamicum_gapfilled_861,0
Corynebacterium glutamicum_gapfilled_892,0
Corynebacterium glutamicum_gapfilled_255,1
Corynebacterium glutamicum_gapfilled_989,0
Corynebacterium glutamicum_gapfilled_683,1
Corynebacterium glutamicum_gapfilled_207,1
Corynebacterium glutamicum_gapfilled_902,1
Corynebacterium glutamicum_gapfilled_570,0
Corynebacterium glutamicum_gapfilled_647,0
Corynebacterium glutamicum_gapfilled_509,1
Corynebacterium glutamicum_gapfilled_271,0
Corynebacterium glutamicum_gapfilled_488,0
Corynebacterium glutamicum_gapfilled_465,0
Corynebacterium glutamicum_gapfilled_513,1
Corynebacterium glutamicum_gapfilled_172,0
Corynebacterium glutamicum_gapfilled_230,0
Corynebacterium glutamicum_gapfilled_713,0
Corynebacterium glutamicum_gapfilled_992,0
Corynebacterium glutamicum_gapfilled_771,1
Corynebacterium glutamicum_gapfilled_273,0
Corynebacterium glutamicum_gapfilled_620,1
Corynebacterium glutamicum_gapfilled_908,0
Corynebacterium glutamicum_gapfilled_116,0
Corynebacterium glutamicum_gapfilled_26,0
Corynebacterium glutamicum_gapfilled_762,0
Corynebacterium glutamicum_gapfilled_894,0
Corynebacterium glutamicum_gapfilled_123,0
Corynebacterium glutamicum_gapfilled_955,1
Corynebacterium glutamicum_gapfilled_353,0
Corynebacterium glutamicum_gapfilled_274,1
Corynebacterium glutamicum_gapfilled_216,0
Corynebacterium glutamicum_gapfilled_654,1
Corynebacterium glutamicum_gapfilled_63,1
Corynebacterium glutamicum_gapfilled_306,0
Corynebacterium glutamicum_gapfilled_760,0
Corynebacterium glutamicum_gapfilled_764,0
Corynebacterium glutamicum_gapfilled_881,0
Corynebacterium glutamicum_gapfilled_485,0
Corynebacterium glutamicum_gapfilled_579,0
Corynebacterium glutamicum_gapfilled_667,1
Corynebacterium glutamicum_gapfilled_124,0
Corynebacterium glutamicum_gapfilled_867,0
Corynebacterium glutamicum_gapfilled_281,1
Corynebacterium glutamicum_gapfilled_585,1
Corynebacterium glutamicum_gapfilled_556,0
Corynebacterium glutamicum_gapfilled_689,0
Corynebacterium glutamicum_gapfilled_462,0
Corynebacterium glutamicum_gapfilled_736,0
Corynebacterium glutamicum_gapfilled_512,0
Corynebacterium glutamicum_gapfilled_253,0
Corynebacterium glutamicum_gapfilled_444,0
Corynebacterium glutamicum_gapfilled_259,1
Corynebacterium glutamicum_gapfilled_434,0
Corynebacterium glutamicum_gapfilled_139,1
Corynebacterium glutamicum_gapfilled_493,0
Corynebacterium glutamicum_gapfilled_248,0
Corynebacterium glutamicum_gapfilled_770,1
Corynebacterium glutamicum_gapfilled_645,0
Corynebacterium glutamicum_gapfilled_175,0
Corynebacterium glutamicum_gapfilled_849,1
Corynebacterium glutamicum_gapfilled_719,0
Corynebacterium glutamicum_gapfilled_730,0
Corynebacterium glutamicum_gapfilled_627,0
Corynebacterium glutamicum_gapfilled_726,0
Corynebacterium glutamicum_gapfilled_843,0
Corynebacterium glutamicum_gapfilled_455,0
Corynebacterium glutamicum_gapfilled_581,0
Corynebacterium glutamicum_gapfilled_180,0
Corynebacterium glutamicum_gapfilled_912,0
Corynebacterium glutamicum_gapfilled_52,0
Corynebacterium glutamicum_gapfilled_384,0
Corynebacterium glutamicum_gapfilled_529,1
Corynebacterium glutamicum_gapfilled_262,1
Corynebacterium glutamicum_gapfilled_13,0
Corynebacterium glutamicum_gapfilled_223,0
Corynebacterium glutamicum_gapfilled_781,0
Corynebacterium glutamicum_gapfilled_944,0
Corynebacterium glutamicum_gapfilled_389,0
Corynebacterium glutamicum_gapfilled_470,0
Corynebacterium glutamicum_gapfilled_385,0
Corynebacterium glutamicum_gapfilled_145,0
Corynebacterium glutamicum_gapfilled_276,0
Corynebacterium glutamicum_gapfilled_22,0
Corynebacterium glutamicum_gapfilled_663,1
Corynebacterium glutamicum_gapfilled_143,0
Corynebacterium glutamicum_gapfilled_766,1
Corynebacterium glutamicum_gapfilled_981,1
Corynebacterium glutamicum_gapfilled_925,0
Corynebacterium glutamicum_gapfilled_109,0
Corynebacterium glutamicum_gapfilled_927,1
Corynebacterium glutamicum_gapfilled_637,0
Corynebacterium glutamicum_gapfilled_372,1
Corynebacterium glutamicum_gapfilled_729,0
Corynebacterium glutamicum_gapfilled_378,0
Corynebacterium glutamicum_gapfilled_110,0
Corynebacterium glutamicum_gapfilled_582,0
Corynebacterium glutamicum_gapfilled_413,0
Corynebacterium glutamicum_gapfilled_61,1
Corynebacterium glutamicum_gapfilled_383,0
Corynebacterium glutamicum_gapfilled_174,0
Corynebacterium glutamicum_gapfilled_899,1
Corynebacterium glutamicum_gapfilled_524,1
Corynebacterium glutamicum_gapfilled_632,1
Corynebacterium glutamicum_gapfilled_7,0
Corynebacterium glutamicum_gapfilled_292,0
Corynebacterium glutamicum_gapfilled_638,0
Corynebacterium glutamicum_gapfilled_211,0
Corynebacterium glutamicum_gapfilled_379,0
Corynebacterium glutamicum_gapfilled_351,1
Corynebacterium glutamicum_gapfilled_540,0
Corynebacterium glutamicum_gapfilled_860,1
Corynebacterium glutamicum_gapfilled_24,0
Corynebacterium glutamicum_gapfilled_67,0
Corynebacterium glutamicum_gapfilled_624,0
Corynebacterium glutamicum_gapfilled_612,0
Corynebacterium glutamicum_gapfilled_398,0
Corynebacterium glutamicum_gapfilled_594,0
Corynebacterium glutamicum_gapfilled_788,1
Corynebacterium glutamicum_gapfilled_698,1
Corynebacterium glutamicum_gapfilled_856,1
Corynebacterium glutamicum_gapfilled_330,0
Corynebacterium glutamicum_gapfilled_162,0
Corynebacterium glutamicum_gapfilled_979,0
Corynebacterium glutamicum_gapfilled_515,0
Corynebacterium glutamicum_gapfilled_777,0
Corynebacterium glutamicum_gapfilled_974,0
Corynebacterium glutamicum_gapfilled_584,1
Corynebacterium glutamicum_gapfilled_938,0
Corynebacterium glutamicum_gapfilled_511,0
Corynebacterium glutamicum_gapfilled_541,1
Corynebacterium glutamicum_gapfilled_879,0
Corynebacterium glutamicum_gapfilled_371,0
Corynebacterium glutamicum_gapfilled_93,0
Corynebacterium glutamicum_gapfilled_531,0
Corynebacterium glutamicum_gapfilled_322,1
Corynebacterium glutamicum_gapfilled_492,0
Corynebacterium glutamicum_gapfilled_864,1
Corynebacterium glutamicum_gapfilled_518,0
Corynebacterium glutamicum_gapfilled_838,0
Corynebacterium glutamicum_gapfilled_957,0
Corynebacterium glutamicum_gapfilled_136,0
Corynebacterium glutamicum_gapfilled_940,0
Corynebacterium glutamicum_gapfilled_152,0
Corynebacterium glutamicum_gapfilled_157,0
Corynebacterium glutamicum_gapfilled_619,0
Corynebacterium glutamicum_gapfilled_266,0
Corynebacterium glutamicum_gapfilled_126,0
Corynebacterium glutamicum_gapfilled_303,0
Corynebacterium glutamicum_gapfilled_121,0
Corynebacterium glutamicum_gapfilled_675,0
Corynebacterium glutamicum_gapfilled_164,1
Corynebacterium glutamicum_gapfilled_108,0
Corynebacterium glutamicum_gapfilled_197,0
Corynebacterium glutamicum_gapfilled_360,0
Corynebacterium glutamicum_gapfilled_924,1
Corynebacterium glutamicum_gapfilled_120,0
Corynebacterium glutamicum_gapfilled_523,0
Corynebacterium glutamicum_gapfilled_53,0
Corynebacterium glutamicum_gapfilled_242,0
Corynebacterium glutamicum_gapfilled_737,0
Corynebacterium glutamicum_gapfilled_101,0
Corynebacterium glutamicum_gapfilled_348,0
Corynebacterium glutamicum_gapfilled_20,0
Corynebacterium glutamicum_gapfilled_305,0
Corynebacterium glutamicum_gapfilled_611,0
Corynebacterium glutamicum_gapfilled_646,0
Corynebacterium glutamicum_gapfilled_335,1
Corynebacterium glutamicum_gapfilled_827,0
Corynebacterium glutamicum_gapfilled_490,0
Corynebacterium glutamicum_gapfilled_681,1
Corynebacterium glutamicum_gapfilled_106,1
Corynebacterium glutamicum_gapfilled_903,0
Corynebacterium glutamicum_gapfilled_321,0
Corynebacterium glutamicum_gapfilled_747,0
Corynebacterium glutamicum_gapfilled_865,0
Corynebacterium glutamicum_gapfilled_758,0
Corynebacterium glutamicum_gapfilled_502,0
Corynebacterium glutamicum_gapfilled_220,1
Corynebacterium glutamicum_gapfilled_301,1
Corynebacterium glutamicum_gapfilled_374,0
Corynebacterium glutamicum_gapfilled_846,0
Corynebacterium glutamicum_gapfilled_222,1
Corynebacterium glutamicum_gapfilled_252,0
Corynebacterium glutamicum_gapfilled_752,1
Corynebacterium glutamicum_gapfilled_709,0
Corynebacterium glutamicum_gapfilled_634,0
Corynebacterium glutamicum_gapfilled_298,0
Corynebacterium glutamicum_gapfilled_128,1
Corynebacterium glutamicum_gapfilled_686,0
Corynebacterium glutamicum_gapfilled_144,0
Corynebacterium glutamicum_gapfilled_388,0
Corynebacterium glutamicum_gapfilled_583,0
Corynebacterium glutamicum_gapfilled_476,1
Corynebacterium glutamicum_gapfilled_508,1
Corynebacterium glutamicum_gapfilled_635,1
Corynebacterium glutamicum_gapfilled_94,1
Corynebacterium glutamicum_gapfilled_277,0
Corynebacterium glutamicum_gapfilled_595,1
Corynebacterium glutamicum_gapfilled_421,1
Corynebacterium glutamicum_gapfilled_296,0
Corynebacterium glutamicum_gapfilled_204,0
Corynebacterium glutamicum_gapfilled_716,0
Corynebacterium glutamicum_gapfilled_445,0
Corynebacterium glutamicum_gapfilled_522,0
Corynebacterium glutamicum_gapfilled_450,0
Corynebacterium glutamicum_gapfilled_641,0
Corynebacterium glutamicum_gapfilled_818,0
Corynebacterium glutamicum_gapfilled_193,1
Corynebacterium glutamicum_gapfilled_14,0
Corynebacterium glutamicum_gapfilled_893,0
Corynebacterium glutamicum_gapfilled_753,1
Corynebacterium glutamicum_gapfilled_935,0
Corynebacterium glutamicum_gapfilled_824,0
Corynebacterium glutamicum_gapfilled_812,0
Corynebacterium glutamicum_gapfilled_600,0
Corynebacterium glutamicum_gapfilled_356,0
Corynebacterium glutamicum_gapfilled_650,0
Corynebacterium glutamicum_gapfilled_988,1
Corynebacterium glutamicum_gapfilled_153,0
Corynebacterium glutamicum_gapfilled_88,0
Corynebacterium glutamicum_gapfilled_35,1
Corynebacterium glutamicum_gapfilled_633,1
Corynebacterium glutamicum_gapfilled_130,0
Corynebacterium glutamicum_gapfilled_748,0
Corynebacterium glutamicum_gapfilled_284,0
Corynebacterium glutamicum_gapfilled_850,0
Corynebacterium glutamicum_gapfilled_226,0
Corynebacterium glutamicum_gapfilled_84,0
Corynebacterium glutamicum_gapfilled_853,1
Corynebacterium glutamicum_gapfilled_984,0
Corynebacterium glutamicum_gapfilled_232,0
Corynebacterium glutamicum_gapfilled_265,0
Corynebacterium glutamicum_gapfilled_239,1
Corynebacterium glutamicum_gapfilled_970,0
Corynebacterium glutamicum_gapfilled_299,0
Corynebacterium glutamicum_gapfilled_66,0
Corynebacterium glutamicum_gapfilled_368,1
Corynebacterium glutamicum_gapfilled_343,0
Corynebacterium glutamicum_gapfilled_690,0
Corynebacterium glutamicum_gapfilled_315,0
Corynebacterium glutamicum_gapfilled_486,1
Corynebacterium glutamicum_gapfilled_496,0
Corynebacterium glutamicum_gapfilled_324,0
Corynebacterium glutamicum_gapfilled_4,1
Corynebacterium glutamicum_gapfilled_436,0
Corynebacterium glutamicum_gapfilled_702,0
Corynebacterium glutamicum_gapfilled_380,0
Corynebacterium glutamicum_gapfilled_608,0
Corynebacterium glutamicum_gapfilled_377,1
Corynebacterium glutamicum_gapfilled_875,0
Corynebacterium glutamicum_gapfilled_674,0
Corynebacterium glutamicum_gapfilled_618,1
Corynebacterium glutamicum_gapfilled_669,0
Corynebacterium glutamicum_gapfilled_64,1
Corynebacterium glutamicum_gapfilled_429,0
Corynebacterium glutamicum_gapfilled_442,0
Corynebacterium glutamicum_gapfilled_245,1
Corynebacterium glutamicum_gapfilled_964,0
Corynebacterium glutamicum_gapfilled_473,1
Corynebacterium glutamicum_gapfilled_672,0
Corynebacterium glutamicum_gapfilled_816,1
Corynebacterium glutamicum_gapfilled_430,0
Corynebacterium glutamicum_gapfilled_291,0
Corynebacterium glutamicum_gapfilled_973,0
Corynebacterium glutamicum_gapfilled_201,0
Corynebacterium glutamicum_gapfilled_963,1
Corynebacterium glutamicum_gapfilled_134,0
Corynebacterium glutamicum_gapfilled_310,0
Corynebacterium glutamicum_gapfilled_732,0
Corynebacterium glutamicum_gapfilled_793,1
Corynebacterium glutamicum_gapfilled_89,0
Corynebacterium glutamicum_gapfilled_603,0
Corynebacterium glutamicum_gapfilled_657,0
Corynebacterium glutamicum_gapfilled_723,1
Corynebacterium glutamicum_gapfilled_794,1
Corynebacterium glutamicum_gapfilled_418,0
Corynebacterium glutamicum_gapfilled_642,0
Corynebacterium glutamicum_gapfilled_317,0
Corynebacterium glutamicum_gapfilled_451,1
Corynebacterium glutamicum_gapfilled_873,0
Corynebacterium glutamicum_gapfilled_107,0
Corynebacterium glutamicum_gapfilled_456,0
Corynebacterium glutamicum_gapfilled_463,0
Corynebacterium glutamicum_gapfilled_809,0
Corynebacterium glutamicum_gapfilled_286,1
Corynebacterium glutamicum_gapfilled_59,0
Corynebacterium glutamicum_gapfilled_352,0
Corynebacterium glutamicum_gapfilled_905,1
Corynebacterium glutamicum_gapfilled_95,0
Corynebacterium glutamicum_gapfilled_148,1
Corynebacterium glutamicum_gapfilled_855,0
Corynebacterium glutamicum_gapfilled_237,0
Corynebacterium glutamicum_gapfilled_189,1
Corynebacterium glutamicum_gapfilled_54,0
Corynebacterium glutamicum_gapfilled_363,0
Corynebacterium glutamicum_gapfilled_99,0
Corynebacterium glutamicum_gapfilled_526,0
Corynebacterium glutamicum_gapfilled_440,0
Corynebacterium glutamicum_gapfilled_17,0
Corynebacterium glutamicum_gapfilled_593,1
Corynebacterium glutamicum_gapfilled_258,0
Corynebacterium glutamicum_gapfilled_19,0
Corynebacterium glutamicum_gapfilled_75,1
Corynebacterium glutamicum_gapfilled_909,0
Corynebacterium glutamicum_gapfilled_857,0
Corynebacterium glutamicum_gapfilled_350,0
Corynebacterium glutamicum_gapfilled_140,0
Corynebacterium glutamicum_gapfilled_25,0
Corynebacterium glutamicum_gapfilled_617,0
Corynebacterium glutamicum_gapfilled_840,0
Corynebacterium glutamicum_gapfilled_393,0
Corynebacterium glutamicum_gapfilled_863,0
Corynebacterium glutamicum_gapfilled_289,0
Corynebacterium glutamicum_gapfilled_769,0
Corynebacterium glutamicum_gapfilled_231,1
Corynebacterium glutamicum_gapfilled_543,1
Corynebacterium glutamicum_gapfilled_449,1
Corynebacterium glutamicum_gapfilled_9,1
Corynebacterium glutamicum_gapfilled_390,0
Corynebacterium glutamicum_gapfilled_728,0
Corynebacterium glutamicum_gapfilled_243,0
Corynebacterium glutamicum_gapfilled_439,0
Corynebacterium glutamicum_gapfilled_926,1
Corynebacterium glutamicum_gapfilled_28,0
Corynebacterium glutamicum_gapfilled_150,0
Corynebacterium glutamicum_gapfilled_82,0
Corynebacterium glutamicum_gapfilled_966,0
Corynebacterium glutamicum_gapfilled_345,0
Corynebacterium glutamicum_gapfilled_842,0
Corynebacterium glutamicum_gapfilled_275,1
Corynebacterium glutamicum_gapfilled_32,1
Corynebacterium glutamicum_gapfilled_125,0
Corynebacterium glutamicum_gapfilled_205,0
Corynebacterium glutamicum_gapfilled_659,1
Corynebacterium glutamicum_gapfilled_307,0
Corynebacterium glutamicum_gapfilled_714,1
Corynebacterium glutamicum_gapfilled_527,0
Corynebacterium glutamicum_gapfilled_311,0
Corynebacterium glutamicum_gapfilled_965,1
Corynebacterium glutamicum_gapfilled_475,0
Corynebacterium glutamicum_gapfilled_906,1
Corynebacterium glutamicum_gapfilled_922,0
Corynebacterium glutamicum_gapfilled_494,0
Corynebacterium glutamicum_gapfilled_34,0
Corynebacterium glutamicum_gapfilled_320,0
Corynebacterium glutamicum_gapfilled_951,0
Corynebacterium glutamicum_gapfilled_900,0
Corynebacterium glutamicum_gapfilled_304,0
Corynebacterium glutamicum_gapfilled_370,0
Corynebacterium glutamicum_gapfilled_975,0
Corynebacterium glutamicum_gapfilled_487,1
Corynebacterium glutamicum_gapfilled_316,1
Corynebacterium glutamicum_gapfilled_996,1
Corynebacterium glutamicum_gapfilled_21,0
Corynebacterium glutamicum_gapfilled_477,1
Corynebacterium glutamicum_gapfilled_103,0
Corynebacterium glutamicum_gapfilled_665,0
Corynebacterium glutamicum_gapfilled_791,0
Corynebacterium glutamicum_gapfilled_671,0
Corynebacterium glutamicum_gapfilled_530,1
Corynebacterium glutamicum_gapfilled_937,0
Corynebacterium glutamicum_gapfilled_169,0
Corynebacterium glutamicum_gapfilled_550,1
Corynebacterium glutamicum_gapfilled_999,0
Corynebacterium glutamicum_gapfilled_845,0
Corynebacterium glutamicum_gapfilled_536,0
Corynebacterium glutamicum_gapfilled_401,0
Corynebacterium glutamicum_gapfilled_885,1
Corynebacterium glutamicum_gapfilled_438,0
Corynebacterium glutamicum_gapfilled_283,0
Corynebacterium glutamicum_gapfilled_921,1
Corynebacterium glutamicum_gapfilled_338,0
Corynebacterium glutamicum_gapfilled_643,0
Corynebacterium glutamicum_gapfilled_396,1
Corynebacterium glutamicum_gapfilled_566,0
Corynebacterium glutamicum_gapfilled_154,0
Corynebacterium glutamicum_gapfilled_880,1
Corynebacterium glutamicum_gapfilled_542,0
Corynebacterium glutamicum_gapfilled_920,0
Corynebacterium glutamicum_gapfilled_203,0
Corynebacterium glutamicum_gapfilled_326,0
Corynebacterium glutamicum_gapfilled_58,0
Corynebacterium glutamicum_gapfilled_830,0
Corynebacterium glutamicum_gapfilled_630,1
Corynebacterium glutamicum_gapfilled_166,0
Corynebacterium glutamicum_gapfilled_520,0
Corynebacterium glutamicum_gapfilled_676,0
Corynebacterium glutamicum_gapfilled_679,0
Corynebacterium glutamicum_gapfilled_171,1
Corynebacterium glutamicum_gapfilled_41,0
Corynebacterium glutamicum_gapfilled_738,0
Corynebacterium glutamicum_gapfilled_869,0
Corynebacterium glutamicum_gapfilled_804,1
Corynebacterium glutamicum_gapfilled_886,1
Corynebacterium glutamicum_gapfilled_640,0
Corynebacterium glutamicum_gapfilled_888,1
Corynebacterium glutamicum_gapfilled_693,0
Corynebacterium glutamicum_gapfilled_631,0
Corynebacterium glutamicum_gapfilled_37,0
Corynebacterium glutamicum_gapfilled_998,0
Corynebacterium glutamicum_gapfilled_954,0
Corynebacterium glutamicum_gapfilled_55,1
Corynebacterium glutamicum_gapfilled_98,0
Corynebacterium glutamicum_gapfilled_956,1
Corynebacterium glutamicum_gapfilled_651,0
Corynebacterium glutamicum_gapfilled_535,0
Corynebacterium glutamicum_gapfilled_696,0
Corynebacterium glutamicum_gapfilled_699,0
Corynebacterium glutamicum_gapfilled_36,0
Corynebacterium glutamicum_gapfilled_712,0
Corynebacterium glutamicum_gapfilled_506,0
Corynebacterium glutamicum_gapfilled_188,0
Corynebacterium glutamicum_gapfilled_950,0
Corynebacterium glutamicum_gapfilled_115,1
Corynebacterium glutamicum_gapfilled_614,0
Corynebacterium glutamicum_gapfilled_501,0
Corynebacterium glutamicum_gapfilled_422,0
Corynebacterium glutamicum_gapfilled_319,1
Corynebacterium glutamicum_gapfilled_505,0
Corynebacterium glutamicum_gapfilled_357,0
Corynebacterium glutamicum_gapfilled_132,0
Corynebacterium glutamicum_gapfilled_323,0
Corynebacterium glutamicum_gapfilled_883,0
Corynebacterium glutamicum_gapfilled_563,0
Corynebacterium glutamicum_gapfilled_884,0
Corynebacterium glutamicum_gapfilled_889,0
Corynebacterium glutamicum_gapfilled_829,0
Corynebacterium glutamicum_gapfilled_599,0
Corynebacterium glutamicum_gapfilled_602,0
Corynebacterium glutamicum_gapfilled_779,0
Corynebacterium glutamicum_gapfilled_687,0
Corynebacterium glutamicum_gapfilled_375,0
Corynebacterium glutamicum_gapfilled_613,0
Corynebacterium glutamicum_gapfilled_200,0
Corynebacterium glutamicum_gapfilled_616,1
Corynebacterium glutamicum_gapfilled_949,0
Corynebacterium glutamicum_gapfilled_43,0
Corynebacterium glutamicum_gapfilled_113,0
Corynebacterium glutamicum_gapfilled_309,0
Corynebacterium glutamicum_gapfilled_586,1
Corynebacterium glutamicum_gapfilled_936,0
Corynebacterium glutamicum_gapfilled_325,0
Corynebacterium glutamicum_gapfilled_545,0
Corynebacterium glutamicum_gapfilled_247,0
Corynebacterium glutamicum_gapfilled_722,1
Corynebacterium glutamicum_gapfilled_558,0
Corynebacterium glutamicum_gapfilled_96,0
Corynebacterium glutamicum_gapfilled_0,0
Corynebacterium glutamicum_gapfilled_767,0
Corynebacterium glutamicum_gapfilled_688,0
Corynebacterium glutamicum_gapfilled_952,0
Corynebacterium glutamicum_gapfilled_448,0
Corynebacterium glutamicum_gapfilled_339,0
Corynebacterium glutamicum_gapfilled_660,0
Corynebacterium glutamicum_gapfilled_701,1
Corynebacterium glutamicum_gapfilled_841,0
Corynebacterium glutamicum_gapfilled_137,0
Corynebacterium glutamicum_gapfilled_684,0
Corynebacterium glutamicum_gapfilled_932,0
Corynebacterium glutamicum_gapfilled_706,0
Corynebacterium glutamicum_gapfilled_260,0
Corynebacterium glutamicum_gapfilled_407,0
Corynebacterium glutamicum_gapfilled_615,0
Corynebacterium glutamicum_gapfilled_170,0
Corynebacterium glutamicum_gapfilled_234,1
Corynebacterium glutamicum_gapfilled_426,0
Corynebacterium glutamicum_gapfilled_507,1
Corynebacterium glutamicum_gapfilled_658,1
Corynebacterium glutamicum_gapfilled_11,0
Corynebacterium glutamicum_gapfilled_528,0
Corynebacterium glutamicum_gapfilled_342,1
Corynebacterium glutamicum_gapfilled_817,1
Corynebacterium glutamicum_gapfilled_821,0
Corynebacterium glutamicum_gapfilled_31,1
Corynebacterium glutamicum_gapfilled_221,1
Corynebacterium glutamicum_gapfilled_387,0
Corynebacterium glutamicum_gapfilled_151,0
Corynebacterium glutamicum_gapfilled_947,0
Corynebacterium glutamicum_gapfilled_178,0
Corynebacterium glutamicum_gapfilled_958,0
Corynebacterium glutamicum_gapfilled_986,1
Corynebacterium glutamicum_gapfilled_3,0
Corynebacterium glutamicum_gapfilled_800,0
Corynebacterium glutamicum_gapfilled_625,0
Corynebacterium glutamicum_gapfilled_146,0
Corynebacterium glutamicum_gapfilled_158,1
Corynebacterium glutamicum_gapfilled_670,0
Corynebacterium glutamicum_gapfilled_740,1
Corynebacterium glutamicum_gapfilled_668,0
Corynebacterium glutamicum_gapfilled_828,1
Corynebacterium glutamicum_gapfilled_991,0
Corynebacterium glutamicum_gapfilled_278,0
Corynebacterium glutamicum_gapfilled_910,1
Corynebacterium glutamicum_gapfilled_990,0
Corynebacterium glutamicum_gapfilled_703,0
Corynebacterium glutamicum_gapfilled_346,0
Corynebacterium glutamicum_gapfilled_783,1
Corynebacterium glutamicum_gapfilled_761,1
Corynebacterium glutamicum_gapfilled_746,0
Corynebacterium glutamicum_gapfilled_227,0
Corynebacterium glutamicum_gapfilled_661,0
Corynebacterium glutamicum_gapfilled_196,0
Corynebacterium glutamicum_gapfilled_532,0
Corynebacterium glutamicum_gapfilled_755,0
Corynebacterium glutamicum_gapfilled_720,1
Corynebacterium glutamicum_gapfilled_623,1
Corynebacterium glutamicum_gapfilled_574,0
Corynebacterium glutamicum_gapfilled_907,1
Corynebacterium glutamicum_gapfilled_62,0
Corynebacterium glutamicum_gapfilled_765,1
Corynebacterium glutamicum_gapfilled_71,0
Corynebacterium glutamicum_gapfilled_336,1
Corynebacterium glutamicum_gapfilled_606,0
Corynebacterium glutamicum_gapfilled_882,1
Corynebacterium glutamicum_gapfilled_264,0
Corynebacterium glutamicum_gapfilled_78,0
Corynebacterium glutamicum_gapfilled_467,1
Corynebacterium glutamicum_gapfilled_792,0
Corynebacterium glutamicum_gapfilled_382,0
Corynebacterium glutamicum_gapfilled_49,0
Corynebacterium glutamicum_gapfilled_402,0
Corynebacterium glutamicum_gapfilled_977,1
Corynebacterium glutamicum_gapfilled_652,0
Corynebacterium glutamicum_gapfilled_621,1
Corynebacterium glutamicum_gapfilled_772,0
Corynebacterium glutamicum_gapfilled_847,0
Corynebacterium glutamicum_gapfilled_942,0
Corynebacterium glutamicum_gapfilled_577,0
Corynebacterium glutamicum_gapfilled_57,0
Corynebacterium glutamicum_gapfilled_50,1
Corynebacterium glutamicum_gapfilled_347,0
Corynebacterium glutamicum_gapfilled_874,0
Corynebacterium glutamicum_gapfilled_546,0
Corynebacterium glutamicum_gapfilled_86,1
Corynebacterium glutamicum_gapfilled_805,0
Corynebacterium glutamicum_gapfilled_464,0
Corynebacterium glutamicum_gapfilled_38,0
Corynebacterium glutamicum_gapfilled_911,1
Corynebacterium glutamicum_gapfilled_776,0
Corynebacterium glutamicum_gapfilled_405,0
Corynebacterium glutamicum_gapfilled_587,0
Corynebacterium glutamicum_gapfilled_432,0
Corynebacterium glutamicum_gapfilled_724,1
Corynebacterium glutamicum_gapfilled_673,0
Corynebacterium glutamicum_gapfilled_759,0
Corynebacterium glutamicum_gapfilled_313,1
Corynebacterium glutamicum_gapfilled_478,0
Corynebacterium glutamicum_gapfilled_318,0
Corynebacterium glutamicum_gapfilled_70,0
Corynebacterium glutamicum_gapfilled_538,0
Corynebacterium glutamicum_gapfilled_564,0
Corynebacterium glutamicum_gapfilled_666,0
Corynebacterium glutamicum_gapfilled_743,1
Corynebacterium glutamicum_gapfilled_51,0
Corynebacterium glutamicum_gapfilled_155,1
Corynebacterium glutamicum_gapfilled_826,1
Corynebacterium glutamicum_gapfilled_349,0
Corynebacterium glutamicum_gapfilled_141,1
Corynebacterium glutamicum_gapfilled_192,0
Corynebacterium glutamicum_gapfilled_173,1
Corynebacterium glutamicum_gapfilled_897,1
Corynebacterium glutamicum_gapfilled_183,0
Corynebacterium glutamicum_gapfilled_112,0
Corynebacterium glutamicum_gapfilled_481,1
Corynebacterium glutamicum_gapfilled_395,0
Corynebacterium glutamicum_gapfilled_960,0
Corynebacterium glutamicum_gapfilled_590,0
Corynebacterium glutamicum_gapfilled_629,0
Corynebacterium glutamicum_gapfilled_160,1
Corynebacterium glutamicum_gapfilled_328,0
Corynebacterium glutamicum_gapfilled_249,0
Corynebacterium glutamicum_gapfilled_176,0
Corynebacterium glutamicum_gapfilled_489,0
Corynebacterium glutamicum_gapfilled_411,0
Corynebacterium glutamicum_gapfilled_414,1
Corynebacterium glutamicum_gapfilled_801,1
Corynebacterium glutamicum_gapfilled_210,0
Corynebacterium glutamicum_gapfilled_60,0
Corynebacterium glutamicum_gapfilled_458,0
Corynebacterium glutamicum_gapfilled_457,0
Corynebacterium glutamicum_gapfilled_946,0
Corynebacterium glutamicum_gapfilled_533,0
Corynebacterium glutamicum_gapfilled_757,1
Corynebacterium glutamicum_gapfilled_6,0
Corynebacterium glutamicum_gapfilled_548,0
Corynebacterium glutamicum_gapfilled_662,0
Corynebacterium glutamicum_gapfilled_447,0
Corynebacterium glutamicum_gapfilled_471,1
Corynebacterium glutamicum_gapfilled_807,1
Corynebacterium glutamicum_gapfilled_727,0
Corynebacterium glutamicum_gapfilled_831,0
Corynebacterium glutamicum_gapfilled_441,0
Corynebacterium glutamicum_gapfilled_386,1
Corynebacterium glutamicum_gapfilled_836,1
Corynebacterium glutamicum_gapfilled_969,1
Corynebacterium glutamicum_gapfilled_114,0
Corynebacterium glutamicum_gapfilled_930,1
Corynebacterium glutamicum_gapfilled_913,0
Corynebacterium glutamicum_gapfilled_544,0
Corynebacterium glutamicum_gapfilled_810,0
Corynebacterium glutamicum_gapfilled_967,0
Corynebacterium glutamicum_gapfilled_73,0
Corynebacterium glutamicum_gapfilled_344,0
Corynebacterium glutamicum_gapfilled_825,0
Corynebacterium glutamicum_gapfilled_244,0
Corynebacterium glutamicum_gapfilled_554,1
Corynebacterium glutamicum_gapfilled_929,0
Corynebacterium glutamicum_gapfilled_159,0
Corynebacterium glutamicum_gapfilled_569,0
Corynebacterium glutamicum_gapfilled_731,0
Corynebacterium glutamicum_gapfilled_814,0
Corynebacterium glutamicum_gapfilled_918,0
Corynebacterium glutamicum_gapfilled_461,0
Corynebacterium glutamicum_gapfilled_100,0
Corynebacterium glutamicum_gapfilled_580,0
Corynebacterium glutamicum_gapfilled_18,0
Corynebacterium glutamicum_gapfilled_787,0
Corynebacterium glutamicum_gapfilled_700,0
Corynebacterium glutamicum_gapfilled_510,0
Corynebacterium glutamicum_gapfilled_775,0
Corynebacterium glutamicum_gapfilled_866,0
Corynebacterium glutamicum_gapfilled_80,1
Corynebacterium glutamicum_gapfilled_916,1
Corynebacterium glutamicum_gapfilled_214,0
Corynebacterium glutamicum_gapfilled_300,0
Corynebacterium glutamicum_gapfilled_337,0
Corynebacterium glutamicum_gapfilled_202,0
Corynebacterium glutamicum_gapfilled_397,0
Corynebacterium glutamicum_gapfilled_127,0
Corynebacterium glutamicum_gapfilled_452,0
Corynebacterium glutamicum_gapfilled_820,1
Corynebacterium glutamicum_gapfilled_811,0
Corynebacterium glutamicum_gapfilled_607,0
Corynebacterium glutamicum_gapfilled_97,0
Corynebacterium glutamicum_gapfilled_354,1
Corynebacterium glutamicum_gapfilled_495,0
Corynebacterium glutamicum_gapfilled_664,0
Corynebacterium glutamicum_gapfilled_8,0
Corynebacterium glutamicum_gapfilled_16,0
Corynebacterium glutamicum_gapfilled_691,0
Corynebacterium glutamicum_gapfilled_859,0
Corynebacterium glutamicum_gapfilled_46,0
Corynebacterium glutamicum_gapfilled_750,0
Corynebacterium glutamicum_gapfilled_412,0
Corynebacterium glutamicum_gapfilled_246,0
Corynebacterium glutamicum_gapfilled_789,0
Corynebacterium glutamicum_gapfilled_215,1
Corynebacterium glutamicum_gapfilled_228,0
Corynebacterium glutamicum_gapfilled_516,1
Corynebacterium glutamicum_gapfilled_105,0
Corynebacterium glutamicum_gapfilled_225,1
Corynebacterium glutamicum_gapfilled_697,0
Corynebacterium glutamicum_gapfilled_261,0
Corynebacterium glutamicum_gapfilled_547,0
Corynebacterium glutamicum_gapfilled_598,1
Corynebacterium glutamicum_gapfilled_553,0
Corynebacterium glutamicum_gapfilled_233,0
Corynebacterium glutamicum_gapfilled_373,1
Corynebacterium glutamicum_gapfilled_167,1
Corynebacterium glutamicum_gapfilled_872,0
Corynebacterium glutamicum_gapfilled_131,0
Corynebacterium glutamicum_gapfilled_209,0
Corynebacterium glutamicum_gapfilled_799,0
Corynebacterium glutamicum_gapfilled_562,0
Corynebacterium glutamicum_gapfilled_446,1
Corynebacterium glutamicum_gapfilled_832,0
Corynebacterium glutamicum_gapfilled_525,0
Corynebacterium glutamicum_gapfilled_224,0
Corynebacterium glutamicum_gapfilled_710,0
Corynebacterium glutamicum_gapfilled_756,0
Corynebacterium glutamicum_gapfilled_1,0
Corynebacterium glutamicum_gapfilled_161,0
Corynebacterium glutamicum_gapfilled_364,1
Corynebacterium glutamicum_gapfilled_392,0
Corynebacterium glutamicum_gapfilled_474,1
Corynebacterium glutamicum_gapfilled_399,1
Corynebacterium glutamicum_gapfilled_408,0
Corynebacterium glutamicum_gapfilled_739,0
Corynebacterium glutamicum_gapfilled_229,1
Corynebacterium glutamicum_gapfilled_117,1
Corynebacterium glutamicum_gapfilled_302,0
Corynebacterium glutamicum_gapfilled_168,0
Corynebacterium glutamicum_gapfilled_10,1
Corynebacterium glutamicum_gapfilled_483,0
Corynebacterium glutamicum_gapfilled_573,1
Corynebacterium glutamicum_gapfilled_976,1
Corynebacterium glutamicum_gapfilled_45,1
Corynebacterium glutamicum_gapfilled_293,0
Corynebacterium glutamicum_gapfilled_91,0
Corynebacterium glutamicum_gapfilled_806,0
Corynebacterium glutamicum_gapfilled_649,0
Corynebacterium glutamicum_gapfilled_270,1
Corynebacterium glutamicum_gapfilled_785,0
Corynebacterium glutamicum_gapfilled_694,1
Corynebacterium glutamicum_gapfilled_333,0
Corynebacterium glutamicum_gapfilled_780,0
Corynebacterium glutamicum_gapfilled_366,1
Corynebacterium glutamicum_gapfilled_741,0
Corynebacterium glutamicum_gapfilled_626,0
Corynebacterium glutamicum_gapfilled_534,1
Corynebacterium glutamicum_gapfilled_557,0
Corynebacterium glutamicum_gapfilled_537,1
Corynebacterium glutamicum_gapfilled_718,1
Corynebacterium glutamicum_gapfilled_81,0
Corynebacterium glutamicum_gapfilled_878,0
Corynebacterium glutamicum_gapfilled_29,0
Corynebacterium glutamicum_gapfilled_420,0
Corynebacterium glutamicum_gapfilled_149,1
Corynebacterium glutamicum_gapfilled_851,0
Corynebacterium glutamicum_gapfilled_648,0
Corynebacterium glutamicum_gapfilled_238,0
Corynebacterium glutamicum_gapfilled_715,0
Corynebacterium glutamicum_gapfilled_561,0
Corynebacterium glutamicum_gapfilled_182,0
Corynebacterium glutamicum_gapfilled_871,0
Corynebacterium glutamicum_gapfilled_941,0
Corynebacterium glutamicum_gapfilled_312,0
Corynebacterium glutamicum_gapfilled_995,0
Corynebacterium glutamicum_gapfilled_735,0
Corynebacterium glutamicum_gapfilled_400,0
Corynebacterium glutamicum_gapfilled_42,0
Corynebacterium glutamicum_gapfilled_329,1
Corynebacterium glutamicum_gapfilled_677,0
Corynebacterium glutamicum_gapfilled_604,0
Corynebacterium glutamicum_gapfilled_987,0
Corynebacterium glutamicum_gapfilled_813,1
Corynebacterium glutamicum_gapfilled_802,1
Corynebacterium glutamicum_gapfilled_915,0
Corynebacterium glutamicum_gapfilled_23,0
Corynebacterium glutamicum_gapfilled_90,0
Corynebacterium glutamicum_gapfilled_142,0
Corynebacterium glutamicum_gapfilled_835,1
Corynebacterium glutamicum_gapfilled_409,0
Corynebacterium glutamicum_gapfilled_206,0
Corynebacterium glutamicum_gapfilled_111,0
Corynebacterium glutamicum_gapfilled_33,1
Corynebacterium glutamicum_gapfilled_551,1
Corynebacterium glutamicum_gapfilled_931,0
Corynebacterium glutamicum_gapfilled_591,1
Corynebacterium glutamicum_gapfilled_87,0
Corynebacterium glutamicum_gapfilled_47,0
Corynebacterium glutamicum_gapfilled_250,0
Corynebacterium glutamicum_gapfilled_85,0
Corynebacterium glutamicum_gapfilled_482,1
Corynebacterium glutamicum_gapfilled_2,0
Corynebacterium glutamicum_gapfilled_376,0
Corynebacterium glutamicum_gapfilled_945,0
Corynebacterium glutamicum_gapfilled_901,1
Corynebacterium glutamicum_gapfilled_742,0
Corynebacterium glutamicum_gapfilled_469,1
Corynebacterium glutamicum_gapfilled_917,0
Corynebacterium glutamicum_gapfilled_416,0
Corynebacterium glutamicum_gapfilled_968,0
Corynebacterium glutamicum_gapfilled_680,1
Corynebacterium glutamicum_gapfilled_194,1
Corynebacterium glutamicum_gapfilled_904,0
Corynebacterium glutamicum_gapfilled_195,0
Corynebacterium glutamicum_gapfilled_555,0
Corynebacterium glutamicum_gapfilled_156,0
Corynebacterium glutamicum_gapfilled_5,0
Corynebacterium glutamicum_gapfilled_133,1
Corynebacterium glutamicum_gapfilled_656,0
Corynebacterium glutamicum_gapfilled_138,1
Corynebacterium glutamicum_gapfilled_823,0
Corynebacterium glutamicum_gapfilled_782,0
Corynebacterium glutamicum_gapfilled_961,1
Corynebacterium glutamicum_gapfilled_578,1
Corynebacterium glutamicum_gapfilled_768,1
Corynebacterium glutamicum_gapfilled_355,0
Corynebacterium glutamicum_gapfilled_365,0
Corynebacterium glutamicum_gapfilled_784,1
Corynebacterium glutamicum_gapfilled_468,1
Corynebacterium glutamicum_gapfilled_971,1
Corynebacterium glutamicum_gapfilled_962,0
Corynebacterium glutamicum_gapfilled_381,0
Corynebacterium glutamicum_gapfilled_559,0
Corynebacterium glutamicum_gapfilled_517,0
Corynebacterium glutamicum_gapfilled_575,0
Corynebacterium glutamicum_gapfilled_868,1
Corynebacterium glutamicum_gapfilled_331,0
Corynebacterium glutamicum_gapfilled_854,0
Corynebacterium glutamicum_gapfilled_822,0
Corynebacterium glutamicum_gapfilled_263,1
Corynebacterium glutamicum_gapfilled_628,1
Corynebacterium glutamicum_gapfilled_76,1
Corynebacterium glutamicum_gapfilled_267,1
Corynebacterium glutamicum_gapfilled_359,0
Corynebacterium glutamicum_gapfilled_733,0
Corynebacterium glutamicum_gapfilled_406,1
Corynebacterium glutamicum_gapfilled_257,0
Corynebacterium glutamicum_gapfilled_983,1
Corynebacterium glutamicum_gapfilled_186,0
Corynebacterium glutamicum_gapfilled_896,0
