Haemophilus parasuis_gapfilled_660,1
Haemophilus parasuis_gapfilled_214,1
Haemophilus parasuis_gapfilled_204,0
Haemophilus parasuis_gapfilled_712,0
Haemophilus parasuis_gapfilled_433,1
Haemophilus parasuis_gapfilled_70,0
Haemophilus parasuis_gapfilled_647,1
Haemophilus parasuis_gapfilled_587,1
Haemophilus parasuis_gapfilled_487,1
Haemophilus parasuis_gapfilled_979,1
Haemophilus parasuis_gapfilled_327,1
Haemophilus parasuis_gapfilled_180,1
Haemophilus parasuis_gapfilled_664,1
Haemophilus parasuis_gapfilled_274,1
Haemophilus parasuis_gapfilled_240,1
Haemophilus parasuis_gapfilled_584,1
Haemophilus parasuis_gapfilled_970,1
Haemophilus parasuis_gapfilled_620,1
Haemophilus parasuis_gapfilled_60,1
Haemophilus parasuis_gapfilled_205,1
Haemophilus parasuis_gapfilled_868,0
Haemophilus parasuis_gapfilled_484,1
Haemophilus parasuis_gapfilled_248,1
Haemophilus parasuis_gapfilled_928,1
Haemophilus parasuis_gapfilled_287,0
Haemophilus parasuis_gapfilled_245,1
Haemophilus parasuis_gapfilled_442,1
Haemophilus parasuis_gapfilled_299,1
Haemophilus parasuis_gapfilled_996,1
Haemophilus parasuis_gapfilled_520,1
Haemophilus parasuis_gapfilled_592,0
Haemophilus parasuis_gapfilled_933,1
Haemophilus parasuis_gapfilled_247,1
Haemophilus parasuis_gapfilled_740,0
Haemophilus parasuis_gapfilled_408,1
Haemophilus parasuis_gapfilled_962,0
Haemophilus parasuis_gapfilled_26,1
Haemophilus parasuis_gapfilled_745,1
Haemophilus parasuis_gapfilled_778,0
Haemophilus parasuis_gapfilled_713,1
Haemophilus parasuis_gapfilled_632,1
Haemophilus parasuis_gapfilled_116,1
Haemophilus parasuis_gapfilled_786,1
Haemophilus parasuis_gapfilled_881,0
Haemophilus parasuis_gapfilled_809,0
Haemophilus parasuis_gapfilled_20,1
Haemophilus parasuis_gapfilled_549,0
Haemophilus parasuis_gapfilled_333,0
Haemophilus parasuis_gapfilled_183,1
Haemophilus parasuis_gapfilled_862,1
Haemophilus parasuis_gapfilled_440,1
Haemophilus parasuis_gapfilled_254,0
Haemophilus parasuis_gapfilled_392,1
Haemophilus parasuis_gapfilled_175,1
Haemophilus parasuis_gapfilled_206,0
Haemophilus parasuis_gapfilled_789,0
Haemophilus parasuis_gapfilled_425,1
Haemophilus parasuis_gapfilled_266,1
Haemophilus parasuis_gapfilled_670,0
Haemophilus parasuis_gapfilled_783,0
Haemophilus parasuis_gapfilled_562,1
Haemophilus parasuis_gapfilled_486,1
Haemophilus parasuis_gapfilled_905,1
Haemophilus parasuis_gapfilled_429,0
Haemophilus parasuis_gapfilled_817,1
Haemophilus parasuis_gapfilled_306,0
Haemophilus parasuis_gapfilled_322,0
Haemophilus parasuis_gapfilled_341,0
Haemophilus parasuis_gapfilled_629,1
Haemophilus parasuis_gapfilled_878,0
Haemophilus parasuis_gapfilled_589,0
Haemophilus parasuis_gapfilled_446,0
Haemophilus parasuis_gapfilled_570,1
Haemophilus parasuis_gapfilled_280,1
Haemophilus parasuis_gapfilled_349,1
Haemophilus parasuis_gapfilled_460,1
Haemophilus parasuis_gapfilled_263,0
Haemophilus parasuis_gapfilled_723,1
Haemophilus parasuis_gapfilled_345,0
Haemophilus parasuis_gapfilled_19,0
Haemophilus parasuis_gapfilled_236,1
Haemophilus parasuis_gapfilled_940,1
Haemophilus parasuis_gapfilled_401,1
Haemophilus parasuis_gapfilled_508,1
Haemophilus parasuis_gapfilled_453,1
Haemophilus parasuis_gapfilled_354,1
Haemophilus parasuis_gapfilled_532,1
Haemophilus parasuis_gapfilled_7,1
Haemophilus parasuis_gapfilled_243,0
Haemophilus parasuis_gapfilled_534,0
Haemophilus parasuis_gapfilled_112,1
Haemophilus parasuis_gapfilled_756,1
Haemophilus parasuis_gapfilled_916,1
Haemophilus parasuis_gapfilled_47,1
Haemophilus parasuis_gapfilled_63,1
Haemophilus parasuis_gapfilled_608,0
Haemophilus parasuis_gapfilled_840,1
Haemophilus parasuis_gapfilled_159,1
Haemophilus parasuis_gapfilled_96,1
Haemophilus parasuis_gapfilled_518,1
Haemophilus parasuis_gapfilled_379,1
Haemophilus parasuis_gapfilled_94,1
Haemophilus parasuis_gapfilled_692,1
Haemophilus parasuis_gapfilled_516,1
Haemophilus parasuis_gapfilled_731,1
Haemophilus parasuis_gapfilled_781,0
Haemophilus parasuis_gapfilled_974,0
Haemophilus parasuis_gapfilled_726,1
Haemophilus parasuis_gapfilled_550,1
Haemophilus parasuis_gapfilled_999,1
Haemophilus parasuis_gapfilled_424,0
Haemophilus parasuis_gapfilled_944,1
Haemophilus parasuis_gapfilled_734,1
Haemophilus parasuis_gapfilled_751,1
Haemophilus parasuis_gapfilled_874,0
Haemophilus parasuis_gapfilled_526,1
Haemophilus parasuis_gapfilled_991,1
Haemophilus parasuis_gapfilled_579,1
Haemophilus parasuis_gapfilled_151,1
Haemophilus parasuis_gapfilled_554,0
Haemophilus parasuis_gapfilled_641,1
Haemophilus parasuis_gapfilled_383,0
Haemophilus parasuis_gapfilled_119,1
Haemophilus parasuis_gapfilled_645,1
Haemophilus parasuis_gapfilled_364,1
Haemophilus parasuis_gapfilled_435,1
Haemophilus parasuis_gapfilled_986,1
Haemophilus parasuis_gapfilled_323,0
Haemophilus parasuis_gapfilled_32,0
Haemophilus parasuis_gapfilled_411,0
Haemophilus parasuis_gapfilled_373,0
Haemophilus parasuis_gapfilled_46,1
Haemophilus parasuis_gapfilled_875,1
Haemophilus parasuis_gapfilled_190,0
Haemophilus parasuis_gapfilled_480,1
Haemophilus parasuis_gapfilled_232,1
Haemophilus parasuis_gapfilled_689,1
Haemophilus parasuis_gapfilled_856,0
Haemophilus parasuis_gapfilled_790,1
Haemophilus parasuis_gapfilled_377,0
Haemophilus parasuis_gapfilled_918,1
Haemophilus parasuis_gapfilled_992,0
Haemophilus parasuis_gapfilled_164,1
Haemophilus parasuis_gapfilled_64,1
Haemophilus parasuis_gapfilled_525,0
Haemophilus parasuis_gapfilled_399,0
Haemophilus parasuis_gapfilled_4,0
Haemophilus parasuis_gapfilled_555,1
Haemophilus parasuis_gapfilled_669,1
Haemophilus parasuis_gapfilled_586,1
Haemophilus parasuis_gapfilled_631,1
Haemophilus parasuis_gapfilled_252,1
Haemophilus parasuis_gapfilled_803,1
Haemophilus parasuis_gapfilled_831,1
Haemophilus parasuis_gapfilled_196,1
Haemophilus parasuis_gapfilled_926,0
Haemophilus parasuis_gapfilled_6,1
Haemophilus parasuis_gapfilled_557,1
Haemophilus parasuis_gapfilled_502,1
Haemophilus parasuis_gapfilled_315,1
Haemophilus parasuis_gapfilled_691,1
Haemophilus parasuis_gapfilled_201,1
Haemophilus parasuis_gapfilled_820,1
Haemophilus parasuis_gapfilled_909,0
Haemophilus parasuis_gapfilled_135,1
Haemophilus parasuis_gapfilled_192,1
Haemophilus parasuis_gapfilled_934,0
Haemophilus parasuis_gapfilled_736,1
Haemophilus parasuis_gapfilled_988,0
Haemophilus parasuis_gapfilled_889,1
Haemophilus parasuis_gapfilled_519,0
Haemophilus parasuis_gapfilled_105,1
Haemophilus parasuis_gapfilled_262,1
Haemophilus parasuis_gapfilled_28,1
Haemophilus parasuis_gapfilled_67,0
Haemophilus parasuis_gapfilled_362,1
Haemophilus parasuis_gapfilled_405,1
Haemophilus parasuis_gapfilled_144,1
Haemophilus parasuis_gapfilled_749,0
Haemophilus parasuis_gapfilled_293,1
Haemophilus parasuis_gapfilled_371,1
Haemophilus parasuis_gapfilled_142,1
Haemophilus parasuis_gapfilled_804,1
Haemophilus parasuis_gapfilled_303,1
Haemophilus parasuis_gapfilled_955,1
Haemophilus parasuis_gapfilled_824,0
Haemophilus parasuis_gapfilled_577,1
Haemophilus parasuis_gapfilled_174,1
Haemophilus parasuis_gapfilled_760,1
Haemophilus parasuis_gapfilled_591,1
Haemophilus parasuis_gapfilled_16,1
Haemophilus parasuis_gapfilled_384,1
Haemophilus parasuis_gapfilled_581,0
Haemophilus parasuis_gapfilled_967,0
Haemophilus parasuis_gapfilled_705,0
Haemophilus parasuis_gapfilled_109,0
Haemophilus parasuis_gapfilled_973,0
Haemophilus parasuis_gapfilled_259,1
Haemophilus parasuis_gapfilled_153,1
Haemophilus parasuis_gapfilled_506,1
Haemophilus parasuis_gapfilled_18,0
Haemophilus parasuis_gapfilled_498,1
Haemophilus parasuis_gapfilled_640,1
Haemophilus parasuis_gapfilled_218,0
Haemophilus parasuis_gapfilled_686,1
Haemophilus parasuis_gapfilled_806,1
Haemophilus parasuis_gapfilled_951,1
Haemophilus parasuis_gapfilled_980,0
Haemophilus parasuis_gapfilled_52,0
Haemophilus parasuis_gapfilled_467,0
Haemophilus parasuis_gapfilled_794,0
Haemophilus parasuis_gapfilled_265,1
Haemophilus parasuis_gapfilled_666,0
Haemophilus parasuis_gapfilled_344,1
Haemophilus parasuis_gapfilled_319,0
Haemophilus parasuis_gapfilled_624,1
Haemophilus parasuis_gapfilled_361,1
Haemophilus parasuis_gapfilled_842,1
Haemophilus parasuis_gapfilled_120,1
Haemophilus parasuis_gapfilled_78,0
Haemophilus parasuis_gapfilled_930,1
Haemophilus parasuis_gapfilled_711,1
Haemophilus parasuis_gapfilled_464,0
Haemophilus parasuis_gapfilled_406,1
Haemophilus parasuis_gapfilled_706,0
Haemophilus parasuis_gapfilled_576,1
Haemophilus parasuis_gapfilled_851,1
Haemophilus parasuis_gapfilled_622,0
Haemophilus parasuis_gapfilled_716,1
Haemophilus parasuis_gapfilled_462,0
Haemophilus parasuis_gapfilled_950,1
Haemophilus parasuis_gapfilled_571,0
Haemophilus parasuis_gapfilled_541,0
Haemophilus parasuis_gapfilled_2,1
Haemophilus parasuis_gapfilled_294,1
Haemophilus parasuis_gapfilled_544,0
Haemophilus parasuis_gapfilled_791,0
Haemophilus parasuis_gapfilled_855,1
Haemophilus parasuis_gapfilled_698,0
Haemophilus parasuis_gapfilled_45,1
Haemophilus parasuis_gapfilled_966,0
Haemophilus parasuis_gapfilled_782,1
Haemophilus parasuis_gapfilled_952,1
Haemophilus parasuis_gapfilled_336,1
Haemophilus parasuis_gapfilled_441,0
Haemophilus parasuis_gapfilled_960,0
Haemophilus parasuis_gapfilled_858,0
Haemophilus parasuis_gapfilled_220,1
Haemophilus parasuis_gapfilled_788,1
Haemophilus parasuis_gapfilled_288,1
Haemophilus parasuis_gapfilled_676,0
Haemophilus parasuis_gapfilled_838,1
Haemophilus parasuis_gapfilled_536,1
Haemophilus parasuis_gapfilled_122,1
Haemophilus parasuis_gapfilled_662,1
Haemophilus parasuis_gapfilled_426,1
Haemophilus parasuis_gapfilled_805,1
Haemophilus parasuis_gapfilled_523,0
Haemophilus parasuis_gapfilled_907,1
Haemophilus parasuis_gapfilled_725,0
Haemophilus parasuis_gapfilled_242,1
Haemophilus parasuis_gapfilled_121,0
Haemophilus parasuis_gapfilled_853,0
Haemophilus parasuis_gapfilled_753,1
Haemophilus parasuis_gapfilled_890,0
Haemophilus parasuis_gapfilled_701,0
Haemophilus parasuis_gapfilled_654,1
Haemophilus parasuis_gapfilled_775,0
Haemophilus parasuis_gapfilled_639,1
Haemophilus parasuis_gapfilled_298,1
Haemophilus parasuis_gapfilled_172,0
Haemophilus parasuis_gapfilled_574,1
Haemophilus parasuis_gapfilled_213,0
Haemophilus parasuis_gapfilled_537,0
Haemophilus parasuis_gapfilled_772,1
Haemophilus parasuis_gapfilled_389,0
Haemophilus parasuis_gapfilled_69,1
Haemophilus parasuis_gapfilled_846,1
Haemophilus parasuis_gapfilled_3,1
Haemophilus parasuis_gapfilled_795,0
Haemophilus parasuis_gapfilled_483,1
Haemophilus parasuis_gapfilled_644,1
Haemophilus parasuis_gapfilled_380,1
Haemophilus parasuis_gapfilled_743,1
Haemophilus parasuis_gapfilled_402,1
Haemophilus parasuis_gapfilled_892,1
Haemophilus parasuis_gapfilled_961,0
Haemophilus parasuis_gapfilled_585,1
Haemophilus parasuis_gapfilled_145,1
Haemophilus parasuis_gapfilled_763,0
Haemophilus parasuis_gapfilled_500,1
Haemophilus parasuis_gapfilled_314,1
Haemophilus parasuis_gapfilled_503,1
Haemophilus parasuis_gapfilled_474,0
Haemophilus parasuis_gapfilled_256,1
Haemophilus parasuis_gapfilled_295,1
Haemophilus parasuis_gapfilled_258,1
Haemophilus parasuis_gapfilled_854,1
Haemophilus parasuis_gapfilled_596,0
Haemophilus parasuis_gapfilled_30,0
Haemophilus parasuis_gapfilled_449,1
Haemophilus parasuis_gapfilled_472,0
Haemophilus parasuis_gapfilled_876,1
Haemophilus parasuis_gapfilled_684,0
Haemophilus parasuis_gapfilled_197,1
Haemophilus parasuis_gapfilled_488,0
Haemophilus parasuis_gapfilled_920,0
Haemophilus parasuis_gapfilled_118,1
Haemophilus parasuis_gapfilled_15,1
Haemophilus parasuis_gapfilled_128,1
Haemophilus parasuis_gapfilled_316,0
Haemophilus parasuis_gapfilled_513,1
Haemophilus parasuis_gapfilled_339,0
Haemophilus parasuis_gapfilled_281,1
Haemophilus parasuis_gapfilled_95,1
Haemophilus parasuis_gapfilled_609,1
Haemophilus parasuis_gapfilled_110,1
Haemophilus parasuis_gapfilled_827,1
Haemophilus parasuis_gapfilled_455,0
Haemophilus parasuis_gapfilled_738,0
Haemophilus parasuis_gapfilled_398,1
Haemophilus parasuis_gapfilled_277,1
Haemophilus parasuis_gapfilled_43,0
Haemophilus parasuis_gapfilled_461,1
Haemophilus parasuis_gapfilled_568,1
Haemophilus parasuis_gapfilled_210,1
Haemophilus parasuis_gapfilled_501,0
Haemophilus parasuis_gapfilled_403,1
Haemophilus parasuis_gapfilled_308,0
Haemophilus parasuis_gapfilled_602,1
Haemophilus parasuis_gapfilled_181,1
Haemophilus parasuis_gapfilled_984,1
Haemophilus parasuis_gapfilled_59,1
Haemophilus parasuis_gapfilled_419,1
Haemophilus parasuis_gapfilled_904,1
Haemophilus parasuis_gapfilled_531,0
Haemophilus parasuis_gapfilled_133,1
Haemophilus parasuis_gapfilled_343,1
Haemophilus parasuis_gapfilled_793,1
Haemophilus parasuis_gapfilled_141,0
Haemophilus parasuis_gapfilled_369,1
Haemophilus parasuis_gapfilled_829,1
Haemophilus parasuis_gapfilled_404,0
Haemophilus parasuis_gapfilled_849,1
Haemophilus parasuis_gapfilled_668,0
Haemophilus parasuis_gapfilled_203,0
Haemophilus parasuis_gapfilled_100,1
Haemophilus parasuis_gapfilled_374,1
Haemophilus parasuis_gapfilled_696,1
Haemophilus parasuis_gapfilled_833,1
Haemophilus parasuis_gapfilled_160,0
Haemophilus parasuis_gapfilled_241,1
Haemophilus parasuis_gapfilled_29,0
Haemophilus parasuis_gapfilled_381,1
Haemophilus parasuis_gapfilled_212,1
Haemophilus parasuis_gapfilled_707,1
Haemophilus parasuis_gapfilled_313,1
Haemophilus parasuis_gapfilled_39,0
Haemophilus parasuis_gapfilled_655,0
Haemophilus parasuis_gapfilled_761,1
Haemophilus parasuis_gapfilled_679,1
Haemophilus parasuis_gapfilled_255,1
Haemophilus parasuis_gapfilled_235,0
Haemophilus parasuis_gapfilled_444,0
Haemophilus parasuis_gapfilled_297,1
Haemophilus parasuis_gapfilled_674,1
Haemophilus parasuis_gapfilled_646,1
Haemophilus parasuis_gapfilled_228,1
Haemophilus parasuis_gapfilled_860,1
Haemophilus parasuis_gapfilled_224,1
Haemophilus parasuis_gapfilled_177,1
Haemophilus parasuis_gapfilled_422,0
Haemophilus parasuis_gapfilled_61,0
Haemophilus parasuis_gapfilled_708,0
Haemophilus parasuis_gapfilled_656,0
Haemophilus parasuis_gapfilled_677,1
Haemophilus parasuis_gapfilled_353,1
Haemophilus parasuis_gapfilled_86,1
Haemophilus parasuis_gapfilled_727,1
Haemophilus parasuis_gapfilled_575,0
Haemophilus parasuis_gapfilled_545,0
Haemophilus parasuis_gapfilled_741,1
Haemophilus parasuis_gapfilled_102,1
Haemophilus parasuis_gapfilled_619,1
Haemophilus parasuis_gapfilled_292,1
Haemophilus parasuis_gapfilled_140,1
Haemophilus parasuis_gapfilled_14,1
Haemophilus parasuis_gapfilled_129,1
Haemophilus parasuis_gapfilled_687,1
Haemophilus parasuis_gapfilled_93,0
Haemophilus parasuis_gapfilled_742,1
Haemophilus parasuis_gapfilled_511,1
Haemophilus parasuis_gapfilled_468,0
Haemophilus parasuis_gapfilled_147,1
Haemophilus parasuis_gapfilled_524,0
Haemophilus parasuis_gapfilled_969,1
Haemophilus parasuis_gapfilled_328,1
Haemophilus parasuis_gapfilled_863,1
Haemophilus parasuis_gapfilled_75,1
Haemophilus parasuis_gapfilled_270,1
Haemophilus parasuis_gapfilled_658,0
Haemophilus parasuis_gapfilled_81,1
Haemophilus parasuis_gapfilled_276,1
Haemophilus parasuis_gapfilled_184,1
Haemophilus parasuis_gapfilled_490,1
Haemophilus parasuis_gapfilled_430,1
Haemophilus parasuis_gapfilled_552,1
Haemophilus parasuis_gapfilled_678,1
Haemophilus parasuis_gapfilled_925,1
Haemophilus parasuis_gapfilled_396,1
Haemophilus parasuis_gapfilled_917,0
Haemophilus parasuis_gapfilled_901,1
Haemophilus parasuis_gapfilled_493,1
Haemophilus parasuis_gapfilled_826,1
Haemophilus parasuis_gapfilled_897,1
Haemophilus parasuis_gapfilled_924,1
Haemophilus parasuis_gapfilled_189,1
Haemophilus parasuis_gapfilled_800,1
Haemophilus parasuis_gapfilled_538,1
Haemophilus parasuis_gapfilled_310,1
Haemophilus parasuis_gapfilled_234,1
Haemophilus parasuis_gapfilled_993,1
Haemophilus parasuis_gapfilled_36,1
Haemophilus parasuis_gapfilled_448,1
Haemophilus parasuis_gapfilled_273,1
Haemophilus parasuis_gapfilled_845,0
Haemophilus parasuis_gapfilled_207,1
Haemophilus parasuis_gapfilled_40,0
Haemophilus parasuis_gapfilled_606,0
Haemophilus parasuis_gapfilled_870,1
Haemophilus parasuis_gapfilled_663,1
Haemophilus parasuis_gapfilled_348,1
Haemophilus parasuis_gapfilled_77,0
Haemophilus parasuis_gapfilled_914,1
Haemophilus parasuis_gapfilled_330,1
Haemophilus parasuis_gapfilled_871,1
Haemophilus parasuis_gapfilled_386,0
Haemophilus parasuis_gapfilled_551,0
Haemophilus parasuis_gapfilled_188,1
Haemophilus parasuis_gapfilled_816,1
Haemophilus parasuis_gapfilled_835,1
Haemophilus parasuis_gapfilled_943,1
Haemophilus parasuis_gapfilled_217,1
Haemophilus parasuis_gapfilled_936,1
Haemophilus parasuis_gapfilled_450,1
Haemophilus parasuis_gapfilled_556,1
Haemophilus parasuis_gapfilled_873,1
Haemophilus parasuis_gapfilled_101,1
Haemophilus parasuis_gapfilled_990,1
Haemophilus parasuis_gapfilled_291,1
Haemophilus parasuis_gapfilled_312,1
Haemophilus parasuis_gapfilled_729,1
Haemophilus parasuis_gapfilled_417,1
Haemophilus parasuis_gapfilled_199,1
Haemophilus parasuis_gapfilled_957,0
Haemophilus parasuis_gapfilled_230,1
Haemophilus parasuis_gapfilled_572,1
Haemophilus parasuis_gapfilled_115,0
Haemophilus parasuis_gapfilled_744,1
Haemophilus parasuis_gapfilled_533,1
Haemophilus parasuis_gapfilled_324,1
Haemophilus parasuis_gapfilled_618,0
Haemophilus parasuis_gapfilled_787,1
Haemophilus parasuis_gapfilled_680,1
Haemophilus parasuis_gapfilled_104,0
Haemophilus parasuis_gapfilled_505,0
Haemophilus parasuis_gapfilled_902,1
Haemophilus parasuis_gapfilled_573,0
Haemophilus parasuis_gapfilled_466,1
Haemophilus parasuis_gapfilled_530,0
Haemophilus parasuis_gapfilled_625,1
Haemophilus parasuis_gapfilled_975,1
Haemophilus parasuis_gapfilled_37,1
Haemophilus parasuis_gapfilled_307,1
Haemophilus parasuis_gapfilled_866,0
Haemophilus parasuis_gapfilled_176,1
Haemophilus parasuis_gapfilled_357,0
Haemophilus parasuis_gapfilled_335,0
Haemophilus parasuis_gapfilled_633,1
Haemophilus parasuis_gapfilled_607,1
Haemophilus parasuis_gapfilled_445,1
Haemophilus parasuis_gapfilled_253,1
Haemophilus parasuis_gapfilled_564,1
Haemophilus parasuis_gapfilled_517,1
Haemophilus parasuis_gapfilled_514,0
Haemophilus parasuis_gapfilled_748,1
Haemophilus parasuis_gapfilled_665,1
Haemophilus parasuis_gapfilled_418,1
Haemophilus parasuis_gapfilled_415,1
Haemophilus parasuis_gapfilled_237,1
Haemophilus parasuis_gapfilled_275,0
Haemophilus parasuis_gapfilled_17,0
Haemophilus parasuis_gapfilled_108,0
Haemophilus parasuis_gapfilled_972,1
Haemophilus parasuis_gapfilled_289,0
Haemophilus parasuis_gapfilled_329,0
Haemophilus parasuis_gapfilled_758,1
Haemophilus parasuis_gapfilled_340,1
Haemophilus parasuis_gapfilled_949,1
Haemophilus parasuis_gapfilled_601,1
Haemophilus parasuis_gapfilled_543,1
Haemophilus parasuis_gapfilled_219,1
Haemophilus parasuis_gapfilled_605,0
Haemophilus parasuis_gapfilled_106,1
Haemophilus parasuis_gapfilled_509,1
Haemophilus parasuis_gapfilled_682,1
Haemophilus parasuis_gapfilled_80,1
Haemophilus parasuis_gapfilled_710,1
Haemophilus parasuis_gapfilled_813,1
Haemophilus parasuis_gapfilled_279,1
Haemophilus parasuis_gapfilled_580,0
Haemophilus parasuis_gapfilled_51,0
Haemophilus parasuis_gapfilled_764,1
Haemophilus parasuis_gapfilled_8,1
Haemophilus parasuis_gapfilled_57,0
Haemophilus parasuis_gapfilled_372,0
Haemophilus parasuis_gapfilled_547,0
Haemophilus parasuis_gapfilled_887,1
Haemophilus parasuis_gapfilled_765,1
Haemophilus parasuis_gapfilled_139,0
Haemophilus parasuis_gapfilled_41,1
Haemophilus parasuis_gapfilled_651,1
Haemophilus parasuis_gapfilled_198,1
Haemophilus parasuis_gapfilled_233,1
Haemophilus parasuis_gapfilled_945,1
Haemophilus parasuis_gapfilled_148,1
Haemophilus parasuis_gapfilled_912,0
Haemophilus parasuis_gapfilled_282,1
Haemophilus parasuis_gapfilled_470,0
Haemophilus parasuis_gapfilled_667,1
Haemophilus parasuis_gapfilled_611,1
Haemophilus parasuis_gapfilled_739,1
Haemophilus parasuis_gapfilled_367,1
Haemophilus parasuis_gapfilled_436,1
Haemophilus parasuis_gapfilled_350,0
Haemophilus parasuis_gapfilled_675,1
Haemophilus parasuis_gapfilled_983,1
Haemophilus parasuis_gapfilled_385,1
Haemophilus parasuis_gapfilled_688,1
Haemophilus parasuis_gapfilled_964,0
Haemophilus parasuis_gapfilled_939,0
Haemophilus parasuis_gapfilled_768,1
Haemophilus parasuis_gapfilled_485,1
Haemophilus parasuis_gapfilled_510,1
Haemophilus parasuis_gapfilled_457,0
Haemophilus parasuis_gapfilled_326,1
Haemophilus parasuis_gapfilled_131,1
Haemophilus parasuis_gapfilled_657,0
Haemophilus parasuis_gapfilled_363,0
Haemophilus parasuis_gapfilled_278,1
Haemophilus parasuis_gapfilled_599,1
Haemophilus parasuis_gapfilled_977,1
Haemophilus parasuis_gapfilled_997,1
Haemophilus parasuis_gapfilled_515,1
Haemophilus parasuis_gapfilled_225,1
Haemophilus parasuis_gapfilled_370,1
Haemophilus parasuis_gapfilled_156,0
Haemophilus parasuis_gapfilled_482,0
Haemophilus parasuis_gapfilled_852,0
Haemophilus parasuis_gapfilled_879,1
Haemophilus parasuis_gapfilled_529,1
Haemophilus parasuis_gapfilled_770,1
Haemophilus parasuis_gapfilled_540,1
Haemophilus parasuis_gapfilled_888,0
Haemophilus parasuis_gapfilled_621,0
Haemophilus parasuis_gapfilled_456,0
Haemophilus parasuis_gapfilled_560,1
Haemophilus parasuis_gapfilled_604,0
Haemophilus parasuis_gapfilled_947,0
Haemophilus parasuis_gapfilled_630,1
Haemophilus parasuis_gapfilled_171,1
Haemophilus parasuis_gapfilled_420,0
Haemophilus parasuis_gapfilled_358,1
Haemophilus parasuis_gapfilled_757,0
Haemophilus parasuis_gapfilled_650,1
Haemophilus parasuis_gapfilled_48,1
Haemophilus parasuis_gapfilled_469,0
Haemophilus parasuis_gapfilled_998,1
Haemophilus parasuis_gapfilled_697,1
Haemophilus parasuis_gapfilled_937,1
Haemophilus parasuis_gapfilled_114,1
Haemophilus parasuis_gapfilled_391,0
Haemophilus parasuis_gapfilled_747,1
Haemophilus parasuis_gapfilled_578,1
Haemophilus parasuis_gapfilled_83,1
Haemophilus parasuis_gapfilled_283,1
Haemophilus parasuis_gapfilled_923,1
Haemophilus parasuis_gapfilled_268,0
Haemophilus parasuis_gapfilled_378,0
Haemophilus parasuis_gapfilled_400,0
Haemophilus parasuis_gapfilled_56,1
Haemophilus parasuis_gapfilled_922,1
Haemophilus parasuis_gapfilled_597,1
Haemophilus parasuis_gapfilled_244,1
Haemophilus parasuis_gapfilled_612,0
Haemophilus parasuis_gapfilled_941,1
Haemophilus parasuis_gapfilled_929,1
Haemophilus parasuis_gapfilled_74,1
Haemophilus parasuis_gapfilled_954,0
Haemophilus parasuis_gapfilled_194,1
Haemophilus parasuis_gapfilled_284,1
Haemophilus parasuis_gapfilled_168,0
Haemophilus parasuis_gapfilled_492,1
Haemophilus parasuis_gapfilled_91,1
Haemophilus parasuis_gapfilled_569,1
Haemophilus parasuis_gapfilled_593,1
Haemophilus parasuis_gapfilled_615,1
Haemophilus parasuis_gapfilled_769,1
Haemophilus parasuis_gapfilled_257,1
Haemophilus parasuis_gapfilled_567,1
Haemophilus parasuis_gapfilled_215,1
Haemophilus parasuis_gapfilled_12,1
Haemophilus parasuis_gapfilled_844,1
Haemophilus parasuis_gapfilled_388,1
Haemophilus parasuis_gapfilled_249,1
Haemophilus parasuis_gapfilled_722,0
Haemophilus parasuis_gapfilled_182,0
Haemophilus parasuis_gapfilled_394,0
Haemophilus parasuis_gapfilled_165,1
Haemophilus parasuis_gapfilled_54,0
Haemophilus parasuis_gapfilled_685,1
Haemophilus parasuis_gapfilled_239,1
Haemophilus parasuis_gapfilled_771,0
Haemophilus parasuis_gapfilled_185,0
Haemophilus parasuis_gapfilled_87,1
Haemophilus parasuis_gapfilled_412,1
Haemophilus parasuis_gapfilled_304,0
Haemophilus parasuis_gapfilled_811,1
Haemophilus parasuis_gapfilled_208,0
Haemophilus parasuis_gapfilled_427,0
Haemophilus parasuis_gapfilled_127,1
Haemophilus parasuis_gapfilled_893,0
Haemophilus parasuis_gapfilled_779,1
Haemophilus parasuis_gapfilled_331,1
Haemophilus parasuis_gapfilled_896,0
Haemophilus parasuis_gapfilled_681,1
Haemophilus parasuis_gapfilled_311,1
Haemophilus parasuis_gapfilled_359,1
Haemophilus parasuis_gapfilled_659,0
Haemophilus parasuis_gapfilled_250,1
Haemophilus parasuis_gapfilled_553,1
Haemophilus parasuis_gapfilled_117,0
Haemophilus parasuis_gapfilled_23,0
Haemophilus parasuis_gapfilled_932,1
Haemophilus parasuis_gapfilled_759,0
Haemophilus parasuis_gapfilled_154,0
Haemophilus parasuis_gapfilled_777,1
Haemophilus parasuis_gapfilled_271,0
Haemophilus parasuis_gapfilled_21,1
Haemophilus parasuis_gapfilled_31,1
Haemophilus parasuis_gapfilled_356,0
Haemophilus parasuis_gapfilled_49,1
Haemophilus parasuis_gapfilled_911,1
Haemophilus parasuis_gapfilled_366,1
Haemophilus parasuis_gapfilled_535,1
Haemophilus parasuis_gapfilled_53,1
Haemophilus parasuis_gapfilled_807,1
Haemophilus parasuis_gapfilled_346,1
Haemophilus parasuis_gapfilled_318,1
Haemophilus parasuis_gapfilled_216,0
Haemophilus parasuis_gapfilled_746,1
Haemophilus parasuis_gapfilled_368,1
Haemophilus parasuis_gapfilled_886,1
Haemophilus parasuis_gapfilled_815,0
Haemophilus parasuis_gapfilled_613,1
Haemophilus parasuis_gapfilled_163,1
Haemophilus parasuis_gapfilled_828,1
Haemophilus parasuis_gapfilled_836,1
Haemophilus parasuis_gapfilled_798,0
Haemophilus parasuis_gapfilled_499,1
Haemophilus parasuis_gapfilled_614,0
Haemophilus parasuis_gapfilled_636,1
Haemophilus parasuis_gapfilled_382,1
Haemophilus parasuis_gapfilled_865,0
Haemophilus parasuis_gapfilled_269,0
Haemophilus parasuis_gapfilled_465,0
Haemophilus parasuis_gapfilled_653,1
Haemophilus parasuis_gapfilled_222,1
Haemophilus parasuis_gapfilled_27,0
Haemophilus parasuis_gapfilled_416,0
Haemophilus parasuis_gapfilled_802,0
Haemophilus parasuis_gapfilled_598,1
Haemophilus parasuis_gapfilled_773,0
Haemophilus parasuis_gapfilled_823,1
Haemophilus parasuis_gapfilled_732,1
Haemophilus parasuis_gapfilled_332,1
Haemophilus parasuis_gapfilled_173,1
Haemophilus parasuis_gapfilled_908,1
Haemophilus parasuis_gapfilled_603,1
Haemophilus parasuis_gapfilled_125,1
Haemophilus parasuis_gapfilled_864,1
Haemophilus parasuis_gapfilled_428,1
Haemophilus parasuis_gapfilled_1,1
Haemophilus parasuis_gapfilled_491,0
Haemophilus parasuis_gapfilled_162,0
Haemophilus parasuis_gapfilled_801,0
Haemophilus parasuis_gapfilled_320,1
Haemophilus parasuis_gapfilled_546,1
Haemophilus parasuis_gapfilled_99,0
Haemophilus parasuis_gapfilled_10,1
Haemophilus parasuis_gapfilled_982,0
Haemophilus parasuis_gapfilled_290,1
Haemophilus parasuis_gapfilled_752,1
Haemophilus parasuis_gapfilled_750,1
Haemophilus parasuis_gapfilled_910,0
Haemophilus parasuis_gapfilled_157,1
Haemophilus parasuis_gapfilled_11,0
Haemophilus parasuis_gapfilled_302,1
Haemophilus parasuis_gapfilled_409,1
Haemophilus parasuis_gapfilled_360,1
Haemophilus parasuis_gapfilled_497,0
Haemophilus parasuis_gapfilled_906,1
Haemophilus parasuis_gapfilled_421,1
Haemophilus parasuis_gapfilled_583,1
Haemophilus parasuis_gapfilled_338,0
Haemophilus parasuis_gapfilled_342,1
Haemophilus parasuis_gapfilled_186,1
Haemophilus parasuis_gapfilled_454,0
Haemophilus parasuis_gapfilled_522,1
Haemophilus parasuis_gapfilled_883,1
Haemophilus parasuis_gapfilled_995,0
Haemophilus parasuis_gapfilled_107,1
Haemophilus parasuis_gapfilled_34,1
Haemophilus parasuis_gapfilled_709,1
Haemophilus parasuis_gapfilled_652,1
Haemophilus parasuis_gapfilled_55,1
Haemophilus parasuis_gapfilled_718,1
Haemophilus parasuis_gapfilled_88,0
Haemophilus parasuis_gapfilled_413,1
Haemophilus parasuis_gapfilled_558,0
Haemophilus parasuis_gapfilled_365,1
Haemophilus parasuis_gapfilled_463,1
Haemophilus parasuis_gapfilled_423,1
Haemophilus parasuis_gapfilled_539,0
Haemophilus parasuis_gapfilled_227,1
Haemophilus parasuis_gapfilled_38,1
Haemophilus parasuis_gapfilled_489,0
Haemophilus parasuis_gapfilled_251,0
Haemophilus parasuis_gapfilled_0,1
Haemophilus parasuis_gapfilled_700,1
Haemophilus parasuis_gapfilled_209,1
Haemophilus parasuis_gapfilled_9,1
Haemophilus parasuis_gapfilled_885,0
Haemophilus parasuis_gapfilled_958,1
Haemophilus parasuis_gapfilled_124,1
Haemophilus parasuis_gapfilled_223,1
Haemophilus parasuis_gapfilled_58,1
Haemophilus parasuis_gapfilled_847,0
Haemophilus parasuis_gapfilled_755,1
Haemophilus parasuis_gapfilled_921,1
Haemophilus parasuis_gapfilled_628,0
Haemophilus parasuis_gapfilled_317,1
Haemophilus parasuis_gapfilled_837,0
Haemophilus parasuis_gapfilled_703,0
Haemophilus parasuis_gapfilled_90,1
Haemophilus parasuis_gapfilled_98,1
Haemophilus parasuis_gapfilled_683,1
Haemophilus parasuis_gapfilled_272,0
Haemophilus parasuis_gapfilled_459,1
Haemophilus parasuis_gapfilled_704,1
Haemophilus parasuis_gapfilled_867,1
Haemophilus parasuis_gapfilled_35,0
Haemophilus parasuis_gapfilled_766,1
Haemophilus parasuis_gapfilled_841,1
Haemophilus parasuis_gapfilled_882,0
Haemophilus parasuis_gapfilled_717,1
Haemophilus parasuis_gapfilled_880,1
Haemophilus parasuis_gapfilled_635,0
Haemophilus parasuis_gapfilled_376,0
Haemophilus parasuis_gapfilled_113,1
Haemophilus parasuis_gapfilled_42,1
Haemophilus parasuis_gapfilled_693,1
Haemophilus parasuis_gapfilled_877,1
Haemophilus parasuis_gapfilled_393,1
Haemophilus parasuis_gapfilled_900,0
Haemophilus parasuis_gapfilled_166,1
Haemophilus parasuis_gapfilled_637,0
Haemophilus parasuis_gapfilled_627,1
Haemophilus parasuis_gapfilled_821,1
Haemophilus parasuis_gapfilled_895,0
Haemophilus parasuis_gapfilled_730,0
Haemophilus parasuis_gapfilled_559,1
Haemophilus parasuis_gapfilled_65,1
Haemophilus parasuis_gapfilled_150,0
Haemophilus parasuis_gapfilled_193,1
Haemophilus parasuis_gapfilled_780,1
Haemophilus parasuis_gapfilled_981,0
Haemophilus parasuis_gapfilled_494,0
Haemophilus parasuis_gapfilled_808,0
Haemophilus parasuis_gapfilled_167,0
Haemophilus parasuis_gapfilled_479,1
Haemophilus parasuis_gapfilled_985,1
Haemophilus parasuis_gapfilled_776,1
Haemophilus parasuis_gapfilled_626,1
Haemophilus parasuis_gapfilled_915,1
Haemophilus parasuis_gapfilled_149,0
Haemophilus parasuis_gapfilled_305,0
Haemophilus parasuis_gapfilled_963,0
Haemophilus parasuis_gapfilled_410,0
Haemophilus parasuis_gapfilled_264,0
Haemophilus parasuis_gapfilled_617,1
Haemophilus parasuis_gapfilled_695,1
Haemophilus parasuis_gapfilled_432,1
Haemophilus parasuis_gapfilled_671,1
Haemophilus parasuis_gapfilled_375,0
Haemophilus parasuis_gapfilled_97,1
Haemophilus parasuis_gapfilled_850,1
Haemophilus parasuis_gapfilled_452,0
Haemophilus parasuis_gapfilled_812,1
Haemophilus parasuis_gapfilled_754,1
Haemophilus parasuis_gapfilled_994,0
Haemophilus parasuis_gapfilled_719,0
Haemophilus parasuis_gapfilled_238,0
Haemophilus parasuis_gapfilled_85,1
Haemophilus parasuis_gapfilled_959,0
Haemophilus parasuis_gapfilled_458,1
Haemophilus parasuis_gapfilled_565,0
Haemophilus parasuis_gapfilled_673,1
Haemophilus parasuis_gapfilled_355,1
Haemophilus parasuis_gapfilled_728,1
Haemophilus parasuis_gapfilled_136,1
Haemophilus parasuis_gapfilled_66,1
Haemophilus parasuis_gapfilled_72,0
Haemophilus parasuis_gapfilled_978,1
Haemophilus parasuis_gapfilled_84,0
Haemophilus parasuis_gapfilled_784,0
Haemophilus parasuis_gapfilled_861,0
Haemophilus parasuis_gapfilled_414,1
Haemophilus parasuis_gapfilled_594,1
Haemophilus parasuis_gapfilled_126,1
Haemophilus parasuis_gapfilled_395,1
Haemophilus parasuis_gapfilled_286,0
Haemophilus parasuis_gapfilled_296,1
Haemophilus parasuis_gapfilled_68,1
Haemophilus parasuis_gapfilled_720,0
Haemophilus parasuis_gapfilled_123,1
Haemophilus parasuis_gapfilled_935,1
Haemophilus parasuis_gapfilled_473,1
Haemophilus parasuis_gapfilled_810,1
Haemophilus parasuis_gapfilled_434,0
Haemophilus parasuis_gapfilled_953,1
Haemophilus parasuis_gapfilled_437,0
Haemophilus parasuis_gapfilled_825,0
Haemophilus parasuis_gapfilled_161,1
Haemophilus parasuis_gapfilled_834,1
Haemophilus parasuis_gapfilled_76,1
Haemophilus parasuis_gapfilled_137,1
Haemophilus parasuis_gapfilled_528,0
Haemophilus parasuis_gapfilled_73,1
Haemophilus parasuis_gapfilled_843,1
Haemophilus parasuis_gapfilled_797,0
Haemophilus parasuis_gapfilled_830,1
Haemophilus parasuis_gapfilled_477,0
Haemophilus parasuis_gapfilled_762,1
Haemophilus parasuis_gapfilled_737,1
Haemophilus parasuis_gapfilled_229,1
Haemophilus parasuis_gapfilled_857,1
Haemophilus parasuis_gapfilled_796,1
Haemophilus parasuis_gapfilled_92,1
Haemophilus parasuis_gapfilled_661,0
Haemophilus parasuis_gapfilled_931,1
Haemophilus parasuis_gapfilled_946,1
Haemophilus parasuis_gapfilled_504,1
Haemophilus parasuis_gapfilled_595,0
Haemophilus parasuis_gapfilled_481,0
Haemophilus parasuis_gapfilled_24,1
Haemophilus parasuis_gapfilled_146,1
Haemophilus parasuis_gapfilled_989,1
Haemophilus parasuis_gapfilled_50,0
Haemophilus parasuis_gapfilled_818,1
Haemophilus parasuis_gapfilled_822,1
Haemophilus parasuis_gapfilled_438,1
Haemophilus parasuis_gapfilled_195,1
Haemophilus parasuis_gapfilled_588,1
Haemophilus parasuis_gapfilled_200,1
Haemophilus parasuis_gapfilled_260,0
Haemophilus parasuis_gapfilled_566,1
Haemophilus parasuis_gapfilled_179,1
Haemophilus parasuis_gapfilled_496,1
Haemophilus parasuis_gapfilled_89,1
Haemophilus parasuis_gapfilled_13,0
Haemophilus parasuis_gapfilled_563,0
Haemophilus parasuis_gapfilled_226,0
Haemophilus parasuis_gapfilled_170,1
Haemophilus parasuis_gapfilled_143,1
Haemophilus parasuis_gapfilled_191,1
Haemophilus parasuis_gapfilled_894,1
Haemophilus parasuis_gapfilled_134,1
Haemophilus parasuis_gapfilled_600,0
Haemophilus parasuis_gapfilled_832,1
Haemophilus parasuis_gapfilled_819,1
Haemophilus parasuis_gapfilled_792,0
Haemophilus parasuis_gapfilled_507,1
Haemophilus parasuis_gapfilled_561,1
Haemophilus parasuis_gapfilled_33,1
Haemophilus parasuis_gapfilled_431,0
Haemophilus parasuis_gapfilled_715,1
Haemophilus parasuis_gapfilled_285,0
Haemophilus parasuis_gapfilled_211,1
Haemophilus parasuis_gapfilled_22,0
Haemophilus parasuis_gapfilled_642,1
Haemophilus parasuis_gapfilled_325,1
Haemophilus parasuis_gapfilled_475,1
Haemophilus parasuis_gapfilled_903,1
Haemophilus parasuis_gapfilled_799,1
Haemophilus parasuis_gapfilled_774,1
Haemophilus parasuis_gapfilled_948,0
Haemophilus parasuis_gapfilled_610,1
Haemophilus parasuis_gapfilled_202,1
Haemophilus parasuis_gapfilled_351,0
Haemophilus parasuis_gapfilled_702,1
Haemophilus parasuis_gapfilled_623,1
Haemophilus parasuis_gapfilled_25,1
Haemophilus parasuis_gapfilled_913,1
Haemophilus parasuis_gapfilled_155,1
Haemophilus parasuis_gapfilled_965,1
Haemophilus parasuis_gapfilled_130,0
Haemophilus parasuis_gapfilled_390,1
Haemophilus parasuis_gapfilled_919,1
Haemophilus parasuis_gapfilled_616,1
Haemophilus parasuis_gapfilled_672,0
Haemophilus parasuis_gapfilled_648,1
Haemophilus parasuis_gapfilled_352,0
Haemophilus parasuis_gapfilled_387,1
Haemophilus parasuis_gapfilled_439,0
Haemophilus parasuis_gapfilled_848,0
Haemophilus parasuis_gapfilled_71,0
Haemophilus parasuis_gapfilled_221,0
Haemophilus parasuis_gapfilled_495,1
Haemophilus parasuis_gapfilled_82,1
Haemophilus parasuis_gapfilled_527,1
Haemophilus parasuis_gapfilled_187,1
Haemophilus parasuis_gapfilled_158,1
Haemophilus parasuis_gapfilled_44,1
Haemophilus parasuis_gapfilled_634,1
Haemophilus parasuis_gapfilled_132,1
Haemophilus parasuis_gapfilled_971,1
Haemophilus parasuis_gapfilled_476,0
Haemophilus parasuis_gapfilled_397,0
Haemophilus parasuis_gapfilled_590,1
Haemophilus parasuis_gapfilled_839,1
Haemophilus parasuis_gapfilled_152,0
Haemophilus parasuis_gapfilled_79,1
Haemophilus parasuis_gapfilled_956,1
Haemophilus parasuis_gapfilled_246,1
Haemophilus parasuis_gapfilled_337,1
Haemophilus parasuis_gapfilled_767,0
Haemophilus parasuis_gapfilled_178,0
Haemophilus parasuis_gapfilled_714,1
Haemophilus parasuis_gapfilled_111,1
Haemophilus parasuis_gapfilled_261,1
Haemophilus parasuis_gapfilled_814,1
Haemophilus parasuis_gapfilled_927,1
Haemophilus parasuis_gapfilled_231,0
Haemophilus parasuis_gapfilled_968,0
Haemophilus parasuis_gapfilled_407,1
Haemophilus parasuis_gapfilled_649,1
Haemophilus parasuis_gapfilled_694,1
Haemophilus parasuis_gapfilled_942,1
Haemophilus parasuis_gapfilled_301,1
Haemophilus parasuis_gapfilled_582,0
Haemophilus parasuis_gapfilled_471,1
Haemophilus parasuis_gapfilled_987,1
Haemophilus parasuis_gapfilled_899,1
Haemophilus parasuis_gapfilled_443,1
Haemophilus parasuis_gapfilled_891,1
Haemophilus parasuis_gapfilled_478,1
Haemophilus parasuis_gapfilled_638,0
Haemophilus parasuis_gapfilled_334,1
Haemophilus parasuis_gapfilled_300,1
Haemophilus parasuis_gapfilled_447,1
Haemophilus parasuis_gapfilled_872,0
Haemophilus parasuis_gapfilled_548,1
Haemophilus parasuis_gapfilled_169,1
Haemophilus parasuis_gapfilled_347,1
Haemophilus parasuis_gapfilled_898,0
Haemophilus parasuis_gapfilled_785,1
Haemophilus parasuis_gapfilled_138,1
Haemophilus parasuis_gapfilled_859,1
Haemophilus parasuis_gapfilled_699,0
Haemophilus parasuis_gapfilled_733,0
Haemophilus parasuis_gapfilled_267,1
Haemophilus parasuis_gapfilled_542,1
Haemophilus parasuis_gapfilled_724,0
Haemophilus parasuis_gapfilled_309,1
Haemophilus parasuis_gapfilled_103,1
Haemophilus parasuis_gapfilled_62,1
Haemophilus parasuis_gapfilled_512,1
Haemophilus parasuis_gapfilled_721,0
Haemophilus parasuis_gapfilled_690,1
Haemophilus parasuis_gapfilled_643,1
Haemophilus parasuis_gapfilled_938,1
Haemophilus parasuis_gapfilled_884,1
Haemophilus parasuis_gapfilled_735,1
Haemophilus parasuis_gapfilled_976,1
Haemophilus parasuis_gapfilled_869,1
Haemophilus parasuis_gapfilled_451,1
Haemophilus parasuis_gapfilled_321,1
Haemophilus parasuis_gapfilled_521,1
