Ralstonia solanacearum_gapfilled_337,1
Ralstonia solanacearum_gapfilled_497,0
Ralstonia solanacearum_gapfilled_450,0
Ralstonia solanacearum_gapfilled_420,1
Ralstonia solanacearum_gapfilled_391,1
Ralstonia solanacearum_gapfilled_265,1
Ralstonia solanacearum_gapfilled_11,1
Ralstonia solanacearum_gapfilled_340,1
Ralstonia solanacearum_gapfilled_673,1
Ralstonia solanacearum_gapfilled_302,1
Ralstonia solanacearum_gapfilled_33,1
Ralstonia solanacearum_gapfilled_382,1
Ralstonia solanacearum_gapfilled_580,1
Ralstonia solanacearum_gapfilled_137,1
Ralstonia solanacearum_gapfilled_133,1
Ralstonia solanacearum_gapfilled_805,1
Ralstonia solanacearum_gapfilled_820,1
Ralstonia solanacearum_gapfilled_860,0
Ralstonia solanacearum_gapfilled_386,1
Ralstonia solanacearum_gapfilled_976,1
Ralstonia solanacearum_gapfilled_677,1
Ralstonia solanacearum_gapfilled_995,0
Ralstonia solanacearum_gapfilled_690,0
Ralstonia solanacearum_gapfilled_658,1
Ralstonia solanacearum_gapfilled_249,0
Ralstonia solanacearum_gapfilled_571,0
Ralstonia solanacearum_gapfilled_348,1
Ralstonia solanacearum_gapfilled_122,1
Ralstonia solanacearum_gapfilled_524,1
Ralstonia solanacearum_gapfilled_338,1
Ralstonia solanacearum_gapfilled_719,1
Ralstonia solanacearum_gapfilled_467,0
Ralstonia solanacearum_gapfilled_817,1
Ralstonia solanacearum_gapfilled_298,0
Ralstonia solanacearum_gapfilled_891,1
Ralstonia solanacearum_gapfilled_963,0
Ralstonia solanacearum_gapfilled_183,0
Ralstonia solanacearum_gapfilled_64,1
Ralstonia solanacearum_gapfilled_674,1
Ralstonia solanacearum_gapfilled_144,0
Ralstonia solanacearum_gapfilled_365,0
Ralstonia solanacearum_gapfilled_974,1
Ralstonia solanacearum_gapfilled_620,0
Ralstonia solanacearum_gapfilled_644,1
Ralstonia solanacearum_gapfilled_830,1
Ralstonia solanacearum_gapfilled_841,1
Ralstonia solanacearum_gapfilled_509,1
Ralstonia solanacearum_gapfilled_853,1
Ralstonia solanacearum_gapfilled_471,1
Ralstonia solanacearum_gapfilled_981,1
Ralstonia solanacearum_gapfilled_486,1
Ralstonia solanacearum_gapfilled_507,1
Ralstonia solanacearum_gapfilled_936,0
Ralstonia solanacearum_gapfilled_900,1
Ralstonia solanacearum_gapfilled_732,1
Ralstonia solanacearum_gapfilled_927,1
Ralstonia solanacearum_gapfilled_262,1
Ralstonia solanacearum_gapfilled_274,1
Ralstonia solanacearum_gapfilled_746,1
Ralstonia solanacearum_gapfilled_160,1
Ralstonia solanacearum_gapfilled_624,0
Ralstonia solanacearum_gapfilled_653,1
Ralstonia solanacearum_gapfilled_322,0
Ralstonia solanacearum_gapfilled_271,1
Ralstonia solanacearum_gapfilled_439,1
Ralstonia solanacearum_gapfilled_880,0
Ralstonia solanacearum_gapfilled_643,1
Ralstonia solanacearum_gapfilled_560,1
Ralstonia solanacearum_gapfilled_407,1
Ralstonia solanacearum_gapfilled_429,1
Ralstonia solanacearum_gapfilled_226,1
Ralstonia solanacearum_gapfilled_184,1
Ralstonia solanacearum_gapfilled_910,1
Ralstonia solanacearum_gapfilled_60,1
Ralstonia solanacearum_gapfilled_589,0
Ralstonia solanacearum_gapfilled_784,0
Ralstonia solanacearum_gapfilled_975,1
Ralstonia solanacearum_gapfilled_69,1
Ralstonia solanacearum_gapfilled_19,1
Ralstonia solanacearum_gapfilled_508,1
Ralstonia solanacearum_gapfilled_568,1
Ralstonia solanacearum_gapfilled_103,1
Ralstonia solanacearum_gapfilled_525,1
Ralstonia solanacearum_gapfilled_119,1
Ralstonia solanacearum_gapfilled_779,0
Ralstonia solanacearum_gapfilled_326,0
Ralstonia solanacearum_gapfilled_480,1
Ralstonia solanacearum_gapfilled_536,1
Ralstonia solanacearum_gapfilled_166,1
Ralstonia solanacearum_gapfilled_771,1
Ralstonia solanacearum_gapfilled_246,1
Ralstonia solanacearum_gapfilled_27,1
Ralstonia solanacearum_gapfilled_243,1
Ralstonia solanacearum_gapfilled_882,0
Ralstonia solanacearum_gapfilled_397,0
Ralstonia solanacearum_gapfilled_886,0
Ralstonia solanacearum_gapfilled_98,0
Ralstonia solanacearum_gapfilled_431,1
Ralstonia solanacearum_gapfilled_994,1
Ralstonia solanacearum_gapfilled_554,1
Ralstonia solanacearum_gapfilled_150,1
Ralstonia solanacearum_gapfilled_174,1
Ralstonia solanacearum_gapfilled_729,1
Ralstonia solanacearum_gapfilled_42,1
Ralstonia solanacearum_gapfilled_294,1
Ralstonia solanacearum_gapfilled_781,1
Ralstonia solanacearum_gapfilled_375,1
Ralstonia solanacearum_gapfilled_125,0
Ralstonia solanacearum_gapfilled_279,1
Ralstonia solanacearum_gapfilled_105,0
Ralstonia solanacearum_gapfilled_962,1
Ralstonia solanacearum_gapfilled_316,1
Ralstonia solanacearum_gapfilled_801,1
Ralstonia solanacearum_gapfilled_889,1
Ralstonia solanacearum_gapfilled_587,0
Ralstonia solanacearum_gapfilled_36,1
Ralstonia solanacearum_gapfilled_3,1
Ralstonia solanacearum_gapfilled_842,1
Ralstonia solanacearum_gapfilled_446,1
Ralstonia solanacearum_gapfilled_940,1
Ralstonia solanacearum_gapfilled_49,0
Ralstonia solanacearum_gapfilled_312,1
Ralstonia solanacearum_gapfilled_173,1
Ralstonia solanacearum_gapfilled_284,1
Ralstonia solanacearum_gapfilled_966,1
Ralstonia solanacearum_gapfilled_426,1
Ralstonia solanacearum_gapfilled_74,1
Ralstonia solanacearum_gapfilled_350,1
Ralstonia solanacearum_gapfilled_708,1
Ralstonia solanacearum_gapfilled_347,1
Ralstonia solanacearum_gapfilled_476,1
Ralstonia solanacearum_gapfilled_317,1
Ralstonia solanacearum_gapfilled_592,0
Ralstonia solanacearum_gapfilled_26,1
Ralstonia solanacearum_gapfilled_504,0
Ralstonia solanacearum_gapfilled_996,1
Ralstonia solanacearum_gapfilled_355,0
Ralstonia solanacearum_gapfilled_352,0
Ralstonia solanacearum_gapfilled_358,1
Ralstonia solanacearum_gapfilled_438,0
Ralstonia solanacearum_gapfilled_136,0
Ralstonia solanacearum_gapfilled_925,0
Ralstonia solanacearum_gapfilled_335,1
Ralstonia solanacearum_gapfilled_641,1
Ralstonia solanacearum_gapfilled_696,0
Ralstonia solanacearum_gapfilled_986,1
Ralstonia solanacearum_gapfilled_807,1
Ralstonia solanacearum_gapfilled_998,1
Ralstonia solanacearum_gapfilled_845,0
Ralstonia solanacearum_gapfilled_628,0
Ralstonia solanacearum_gapfilled_67,1
Ralstonia solanacearum_gapfilled_914,1
Ralstonia solanacearum_gapfilled_523,1
Ralstonia solanacearum_gapfilled_20,1
Ralstonia solanacearum_gapfilled_380,0
Ralstonia solanacearum_gapfilled_713,0
Ralstonia solanacearum_gapfilled_921,0
Ralstonia solanacearum_gapfilled_28,1
Ralstonia solanacearum_gapfilled_766,1
Ralstonia solanacearum_gapfilled_743,1
Ralstonia solanacearum_gapfilled_323,1
Ralstonia solanacearum_gapfilled_656,1
Ralstonia solanacearum_gapfilled_307,1
Ralstonia solanacearum_gapfilled_834,1
Ralstonia solanacearum_gapfilled_867,1
Ralstonia solanacearum_gapfilled_646,1
Ralstonia solanacearum_gapfilled_245,1
Ralstonia solanacearum_gapfilled_762,1
Ralstonia solanacearum_gapfilled_346,1
Ralstonia solanacearum_gapfilled_937,1
Ralstonia solanacearum_gapfilled_532,1
Ralstonia solanacearum_gapfilled_954,1
Ralstonia solanacearum_gapfilled_828,1
Ralstonia solanacearum_gapfilled_903,1
Ralstonia solanacearum_gapfilled_931,0
Ralstonia solanacearum_gapfilled_232,1
Ralstonia solanacearum_gapfilled_516,1
Ralstonia solanacearum_gapfilled_430,1
Ralstonia solanacearum_gapfilled_649,0
Ralstonia solanacearum_gapfilled_425,0
Ralstonia solanacearum_gapfilled_121,1
Ralstonia solanacearum_gapfilled_198,1
Ralstonia solanacearum_gapfilled_595,1
Ralstonia solanacearum_gapfilled_725,1
Ralstonia solanacearum_gapfilled_377,1
Ralstonia solanacearum_gapfilled_596,0
Ralstonia solanacearum_gapfilled_908,1
Ralstonia solanacearum_gapfilled_913,1
Ralstonia solanacearum_gapfilled_161,1
Ralstonia solanacearum_gapfilled_957,1
Ralstonia solanacearum_gapfilled_376,1
Ralstonia solanacearum_gapfilled_70,0
Ralstonia solanacearum_gapfilled_791,1
Ralstonia solanacearum_gapfilled_282,0
Ralstonia solanacearum_gapfilled_411,1
Ralstonia solanacearum_gapfilled_296,1
Ralstonia solanacearum_gapfilled_444,1
Ralstonia solanacearum_gapfilled_99,1
Ralstonia solanacearum_gapfilled_463,1
Ralstonia solanacearum_gapfilled_695,0
Ralstonia solanacearum_gapfilled_751,0
Ralstonia solanacearum_gapfilled_492,1
Ralstonia solanacearum_gapfilled_235,0
Ralstonia solanacearum_gapfilled_559,1
Ralstonia solanacearum_gapfilled_811,1
Ralstonia solanacearum_gapfilled_929,0
Ralstonia solanacearum_gapfilled_577,1
Ralstonia solanacearum_gapfilled_983,1
Ralstonia solanacearum_gapfilled_139,1
Ralstonia solanacearum_gapfilled_434,1
Ralstonia solanacearum_gapfilled_339,1
Ralstonia solanacearum_gapfilled_449,1
Ralstonia solanacearum_gapfilled_313,1
Ralstonia solanacearum_gapfilled_443,1
Ralstonia solanacearum_gapfilled_506,1
Ralstonia solanacearum_gapfilled_569,1
Ralstonia solanacearum_gapfilled_730,0
Ralstonia solanacearum_gapfilled_600,1
Ralstonia solanacearum_gapfilled_207,1
Ralstonia solanacearum_gapfilled_904,0
Ralstonia solanacearum_gapfilled_53,1
Ralstonia solanacearum_gapfilled_473,1
Ralstonia solanacearum_gapfilled_938,1
Ralstonia solanacearum_gapfilled_89,1
Ralstonia solanacearum_gapfilled_687,1
Ralstonia solanacearum_gapfilled_926,1
Ralstonia solanacearum_gapfilled_810,1
Ralstonia solanacearum_gapfilled_116,0
Ralstonia solanacearum_gapfilled_4,1
Ralstonia solanacearum_gapfilled_888,0
Ralstonia solanacearum_gapfilled_990,1
Ralstonia solanacearum_gapfilled_336,1
Ralstonia solanacearum_gapfilled_341,1
Ralstonia solanacearum_gapfilled_881,0
Ralstonia solanacearum_gapfilled_115,1
Ralstonia solanacearum_gapfilled_85,1
Ralstonia solanacearum_gapfilled_699,1
Ralstonia solanacearum_gapfilled_772,1
Ralstonia solanacearum_gapfilled_301,1
Ralstonia solanacearum_gapfilled_785,1
Ralstonia solanacearum_gapfilled_398,1
Ralstonia solanacearum_gapfilled_77,0
Ralstonia solanacearum_gapfilled_590,1
Ralstonia solanacearum_gapfilled_866,0
Ralstonia solanacearum_gapfilled_186,1
Ralstonia solanacearum_gapfilled_698,1
Ralstonia solanacearum_gapfilled_724,1
Ralstonia solanacearum_gapfilled_847,1
Ralstonia solanacearum_gapfilled_616,1
Ralstonia solanacearum_gapfilled_483,0
Ralstonia solanacearum_gapfilled_909,1
Ralstonia solanacearum_gapfilled_170,0
Ralstonia solanacearum_gapfilled_555,1
Ralstonia solanacearum_gapfilled_220,1
Ralstonia solanacearum_gapfilled_388,1
Ralstonia solanacearum_gapfilled_32,0
Ralstonia solanacearum_gapfilled_945,1
Ralstonia solanacearum_gapfilled_148,1
Ralstonia solanacearum_gapfilled_623,1
Ralstonia solanacearum_gapfilled_280,1
Ralstonia solanacearum_gapfilled_236,1
Ralstonia solanacearum_gapfilled_268,1
Ralstonia solanacearum_gapfilled_319,1
Ralstonia solanacearum_gapfilled_428,1
Ralstonia solanacearum_gapfilled_823,1
Ralstonia solanacearum_gapfilled_472,1
Ralstonia solanacearum_gapfilled_992,1
Ralstonia solanacearum_gapfilled_351,1
Ralstonia solanacearum_gapfilled_780,1
Ralstonia solanacearum_gapfilled_854,1
Ralstonia solanacearum_gapfilled_774,1
Ralstonia solanacearum_gapfilled_502,1
Ralstonia solanacearum_gapfilled_299,1
Ralstonia solanacearum_gapfilled_212,1
Ralstonia solanacearum_gapfilled_720,1
Ralstonia solanacearum_gapfilled_855,1
Ralstonia solanacearum_gapfilled_330,1
Ralstonia solanacearum_gapfilled_761,0
Ralstonia solanacearum_gapfilled_327,1
Ralstonia solanacearum_gapfilled_517,1
Ralstonia solanacearum_gapfilled_885,1
Ralstonia solanacearum_gapfilled_753,1
Ralstonia solanacearum_gapfilled_247,1
Ralstonia solanacearum_gapfilled_920,1
Ralstonia solanacearum_gapfilled_953,1
Ralstonia solanacearum_gapfilled_460,1
Ralstonia solanacearum_gapfilled_102,1
Ralstonia solanacearum_gapfilled_309,0
Ralstonia solanacearum_gapfilled_726,1
Ralstonia solanacearum_gapfilled_978,1
Ralstonia solanacearum_gapfilled_172,1
Ralstonia solanacearum_gapfilled_321,1
Ralstonia solanacearum_gapfilled_863,1
Ralstonia solanacearum_gapfilled_561,0
Ralstonia solanacearum_gapfilled_578,1
Ralstonia solanacearum_gapfilled_241,1
Ralstonia solanacearum_gapfilled_97,0
Ralstonia solanacearum_gapfilled_747,0
Ralstonia solanacearum_gapfilled_629,1
Ralstonia solanacearum_gapfilled_613,0
Ralstonia solanacearum_gapfilled_187,0
Ralstonia solanacearum_gapfilled_403,0
Ralstonia solanacearum_gapfilled_857,1
Ralstonia solanacearum_gapfilled_482,1
Ralstonia solanacearum_gapfilled_477,1
Ralstonia solanacearum_gapfilled_606,0
Ralstonia solanacearum_gapfilled_151,1
Ralstonia solanacearum_gapfilled_395,0
Ralstonia solanacearum_gapfilled_281,1
Ralstonia solanacearum_gapfilled_379,1
Ralstonia solanacearum_gapfilled_770,1
Ralstonia solanacearum_gapfilled_493,1
Ralstonia solanacearum_gapfilled_659,1
Ralstonia solanacearum_gapfilled_40,1
Ralstonia solanacearum_gapfilled_566,1
Ralstonia solanacearum_gapfilled_206,1
Ralstonia solanacearum_gapfilled_188,1
Ralstonia solanacearum_gapfilled_83,1
Ralstonia solanacearum_gapfilled_755,1
Ralstonia solanacearum_gapfilled_969,0
Ralstonia solanacearum_gapfilled_68,0
Ralstonia solanacearum_gapfilled_793,1
Ralstonia solanacearum_gapfilled_491,1
Ralstonia solanacearum_gapfilled_455,1
Ralstonia solanacearum_gapfilled_295,1
Ralstonia solanacearum_gapfilled_540,1
Ralstonia solanacearum_gapfilled_361,1
Ralstonia solanacearum_gapfilled_715,1
Ralstonia solanacearum_gapfilled_657,1
Ralstonia solanacearum_gapfilled_276,1
Ralstonia solanacearum_gapfilled_832,1
Ralstonia solanacearum_gapfilled_556,1
Ralstonia solanacearum_gapfilled_369,1
Ralstonia solanacearum_gapfilled_846,1
Ralstonia solanacearum_gapfilled_951,1
Ralstonia solanacearum_gapfilled_692,1
Ralstonia solanacearum_gapfilled_813,1
Ralstonia solanacearum_gapfilled_625,1
Ralstonia solanacearum_gapfilled_329,1
Ralstonia solanacearum_gapfilled_868,1
Ralstonia solanacearum_gapfilled_712,1
Ralstonia solanacearum_gapfilled_836,1
Ralstonia solanacearum_gapfilled_630,1
Ralstonia solanacearum_gapfilled_494,1
Ralstonia solanacearum_gapfilled_325,1
Ralstonia solanacearum_gapfilled_740,0
Ralstonia solanacearum_gapfilled_513,0
Ralstonia solanacearum_gapfilled_264,1
Ralstonia solanacearum_gapfilled_155,1
Ralstonia solanacearum_gapfilled_980,0
Ralstonia solanacearum_gapfilled_716,0
Ralstonia solanacearum_gapfilled_618,1
Ralstonia solanacearum_gapfilled_977,1
Ralstonia solanacearum_gapfilled_973,1
Ralstonia solanacearum_gapfilled_259,1
Ralstonia solanacearum_gapfilled_895,1
Ralstonia solanacearum_gapfilled_345,1
Ralstonia solanacearum_gapfilled_164,0
Ralstonia solanacearum_gapfilled_545,1
Ralstonia solanacearum_gapfilled_645,1
Ralstonia solanacearum_gapfilled_72,1
Ralstonia solanacearum_gapfilled_230,1
Ralstonia solanacearum_gapfilled_223,0
Ralstonia solanacearum_gapfilled_915,1
Ralstonia solanacearum_gapfilled_796,1
Ralstonia solanacearum_gapfilled_6,1
Ralstonia solanacearum_gapfilled_62,1
Ralstonia solanacearum_gapfilled_142,1
Ralstonia solanacearum_gapfilled_162,0
Ralstonia solanacearum_gapfilled_87,1
Ralstonia solanacearum_gapfilled_344,1
Ralstonia solanacearum_gapfilled_682,0
Ralstonia solanacearum_gapfilled_602,0
Ralstonia solanacearum_gapfilled_902,0
Ralstonia solanacearum_gapfilled_683,1
Ralstonia solanacearum_gapfilled_501,1
Ralstonia solanacearum_gapfilled_63,1
Ralstonia solanacearum_gapfilled_570,0
Ralstonia solanacearum_gapfilled_50,1
Ralstonia solanacearum_gapfilled_427,1
Ralstonia solanacearum_gapfilled_445,1
Ralstonia solanacearum_gapfilled_400,1
Ralstonia solanacearum_gapfilled_676,1
Ralstonia solanacearum_gapfilled_923,1
Ralstonia solanacearum_gapfilled_424,1
Ralstonia solanacearum_gapfilled_662,1
Ralstonia solanacearum_gapfilled_401,0
Ralstonia solanacearum_gapfilled_10,1
Ralstonia solanacearum_gapfilled_96,0
Ralstonia solanacearum_gapfilled_802,0
Ralstonia solanacearum_gapfilled_222,1
Ralstonia solanacearum_gapfilled_135,1
Ralstonia solanacearum_gapfilled_129,0
Ralstonia solanacearum_gapfilled_131,1
Ralstonia solanacearum_gapfilled_783,1
Ralstonia solanacearum_gapfilled_86,1
Ralstonia solanacearum_gapfilled_872,1
Ralstonia solanacearum_gapfilled_392,1
Ralstonia solanacearum_gapfilled_748,1
Ralstonia solanacearum_gapfilled_201,1
Ralstonia solanacearum_gapfilled_38,1
Ralstonia solanacearum_gapfilled_66,0
Ralstonia solanacearum_gapfilled_128,1
Ralstonia solanacearum_gapfilled_12,1
Ralstonia solanacearum_gapfilled_705,0
Ralstonia solanacearum_gapfilled_333,1
Ralstonia solanacearum_gapfilled_47,1
Ralstonia solanacearum_gapfilled_456,1
Ralstonia solanacearum_gapfilled_678,1
Ralstonia solanacearum_gapfilled_182,0
Ralstonia solanacearum_gapfilled_576,1
Ralstonia solanacearum_gapfilled_701,1
Ralstonia solanacearum_gapfilled_611,1
Ralstonia solanacearum_gapfilled_305,1
Ralstonia solanacearum_gapfilled_655,1
Ralstonia solanacearum_gapfilled_985,1
Ralstonia solanacearum_gapfilled_7,1
Ralstonia solanacearum_gapfilled_273,1
Ralstonia solanacearum_gapfilled_887,0
Ralstonia solanacearum_gapfilled_786,0
Ralstonia solanacearum_gapfilled_826,1
Ralstonia solanacearum_gapfilled_5,0
Ralstonia solanacearum_gapfilled_118,0
Ralstonia solanacearum_gapfilled_640,1
Ralstonia solanacearum_gapfilled_837,1
Ralstonia solanacearum_gapfilled_932,0
Ralstonia solanacearum_gapfilled_147,1
Ralstonia solanacearum_gapfilled_239,0
Ralstonia solanacearum_gapfilled_544,1
Ralstonia solanacearum_gapfilled_109,1
Ralstonia solanacearum_gapfilled_850,1
Ralstonia solanacearum_gapfilled_979,1
Ralstonia solanacearum_gapfilled_311,1
Ralstonia solanacearum_gapfilled_782,1
Ralstonia solanacearum_gapfilled_760,1
Ralstonia solanacearum_gapfilled_821,1
Ralstonia solanacearum_gapfilled_661,1
Ralstonia solanacearum_gapfilled_535,1
Ralstonia solanacearum_gapfilled_800,0
Ralstonia solanacearum_gapfilled_171,0
Ralstonia solanacearum_gapfilled_432,0
Ralstonia solanacearum_gapfilled_153,1
Ralstonia solanacearum_gapfilled_485,1
Ralstonia solanacearum_gapfilled_773,0
Ralstonia solanacearum_gapfilled_958,0
Ralstonia solanacearum_gapfilled_897,0
Ralstonia solanacearum_gapfilled_447,1
Ralstonia solanacearum_gapfilled_363,1
Ralstonia solanacearum_gapfilled_248,1
Ralstonia solanacearum_gapfilled_368,1
Ralstonia solanacearum_gapfilled_113,1
Ralstonia solanacearum_gapfilled_702,1
Ralstonia solanacearum_gapfilled_157,1
Ralstonia solanacearum_gapfilled_82,1
Ralstonia solanacearum_gapfilled_519,1
Ralstonia solanacearum_gapfilled_177,0
Ralstonia solanacearum_gapfilled_603,0
Ralstonia solanacearum_gapfilled_231,1
Ralstonia solanacearum_gapfilled_349,1
Ralstonia solanacearum_gapfilled_175,0
Ralstonia solanacearum_gapfilled_526,1
Ralstonia solanacearum_gapfilled_167,1
Ralstonia solanacearum_gapfilled_859,0
Ralstonia solanacearum_gapfilled_78,1
Ralstonia solanacearum_gapfilled_124,1
Ralstonia solanacearum_gapfilled_735,1
Ralstonia solanacearum_gapfilled_686,1
Ralstonia solanacearum_gapfilled_35,1
Ralstonia solanacearum_gapfilled_763,1
Ralstonia solanacearum_gapfilled_744,1
Ralstonia solanacearum_gapfilled_59,1
Ralstonia solanacearum_gapfilled_991,0
Ralstonia solanacearum_gapfilled_703,1
Ralstonia solanacearum_gapfilled_944,1
Ralstonia solanacearum_gapfilled_635,1
Ralstonia solanacearum_gapfilled_806,0
Ralstonia solanacearum_gapfilled_374,1
Ralstonia solanacearum_gapfilled_409,1
Ralstonia solanacearum_gapfilled_475,1
Ralstonia solanacearum_gapfilled_684,0
Ralstonia solanacearum_gapfilled_303,0
Ralstonia solanacearum_gapfilled_192,1
Ralstonia solanacearum_gapfilled_750,0
Ralstonia solanacearum_gapfilled_224,0
Ralstonia solanacearum_gapfilled_901,1
Ralstonia solanacearum_gapfilled_668,1
Ralstonia solanacearum_gapfilled_515,1
Ralstonia solanacearum_gapfilled_253,1
Ralstonia solanacearum_gapfilled_18,1
Ralstonia solanacearum_gapfilled_700,1
Ralstonia solanacearum_gapfilled_217,0
Ralstonia solanacearum_gapfilled_838,1
Ralstonia solanacearum_gapfilled_818,1
Ralstonia solanacearum_gapfilled_457,1
Ralstonia solanacearum_gapfilled_213,1
Ralstonia solanacearum_gapfilled_642,1
Ralstonia solanacearum_gapfilled_496,0
Ralstonia solanacearum_gapfilled_258,0
Ralstonia solanacearum_gapfilled_541,1
Ralstonia solanacearum_gapfilled_984,1
Ralstonia solanacearum_gapfilled_777,1
Ralstonia solanacearum_gapfilled_593,0
Ralstonia solanacearum_gapfilled_306,1
Ralstonia solanacearum_gapfilled_308,0
Ralstonia solanacearum_gapfilled_727,1
Ralstonia solanacearum_gapfilled_208,1
Ralstonia solanacearum_gapfilled_251,1
Ralstonia solanacearum_gapfilled_664,1
Ralstonia solanacearum_gapfilled_31,1
Ralstonia solanacearum_gapfilled_204,1
Ralstonia solanacearum_gapfilled_489,1
Ralstonia solanacearum_gapfilled_633,1
Ralstonia solanacearum_gapfilled_356,0
Ralstonia solanacearum_gapfilled_965,1
Ralstonia solanacearum_gapfilled_404,1
Ralstonia solanacearum_gapfilled_827,1
Ralstonia solanacearum_gapfilled_788,1
Ralstonia solanacearum_gapfilled_410,1
Ralstonia solanacearum_gapfilled_256,1
Ralstonia solanacearum_gapfilled_758,1
Ralstonia solanacearum_gapfilled_912,1
Ralstonia solanacearum_gapfilled_324,1
Ralstonia solanacearum_gapfilled_364,1
Ralstonia solanacearum_gapfilled_607,0
Ralstonia solanacearum_gapfilled_54,1
Ralstonia solanacearum_gapfilled_360,1
Ralstonia solanacearum_gapfilled_697,1
Ralstonia solanacearum_gapfilled_287,0
Ralstonia solanacearum_gapfilled_390,1
Ralstonia solanacearum_gapfilled_685,1
Ralstonia solanacearum_gapfilled_856,0
Ralstonia solanacearum_gapfilled_366,1
Ralstonia solanacearum_gapfilled_565,1
Ralstonia solanacearum_gapfilled_474,1
Ralstonia solanacearum_gapfilled_892,1
Ralstonia solanacearum_gapfilled_997,1
Ralstonia solanacearum_gapfilled_849,1
Ralstonia solanacearum_gapfilled_263,1
Ralstonia solanacearum_gapfilled_21,0
Ralstonia solanacearum_gapfilled_522,1
Ralstonia solanacearum_gapfilled_270,1
Ralstonia solanacearum_gapfilled_440,1
Ralstonia solanacearum_gapfilled_462,1
Ralstonia solanacearum_gapfilled_943,1
Ralstonia solanacearum_gapfilled_775,1
Ralstonia solanacearum_gapfilled_451,1
Ralstonia solanacearum_gapfilled_704,1
Ralstonia solanacearum_gapfilled_421,1
Ralstonia solanacearum_gapfilled_481,1
Ralstonia solanacearum_gapfilled_487,1
Ralstonia solanacearum_gapfilled_871,1
Ralstonia solanacearum_gapfilled_548,1
Ralstonia solanacearum_gapfilled_875,0
Ralstonia solanacearum_gapfilled_143,1
Ralstonia solanacearum_gapfilled_601,1
Ralstonia solanacearum_gapfilled_919,0
Ralstonia solanacearum_gapfilled_970,1
Ralstonia solanacearum_gapfilled_95,1
Ralstonia solanacearum_gapfilled_537,0
Ralstonia solanacearum_gapfilled_176,0
Ralstonia solanacearum_gapfilled_130,0
Ralstonia solanacearum_gapfilled_511,0
Ralstonia solanacearum_gapfilled_71,1
Ralstonia solanacearum_gapfilled_79,1
Ralstonia solanacearum_gapfilled_858,1
Ralstonia solanacearum_gapfilled_928,1
Ralstonia solanacearum_gapfilled_221,1
Ralstonia solanacearum_gapfilled_39,1
Ralstonia solanacearum_gapfilled_435,1
Ralstonia solanacearum_gapfilled_584,1
Ralstonia solanacearum_gapfilled_41,0
Ralstonia solanacearum_gapfilled_718,1
Ralstonia solanacearum_gapfilled_459,1
Ralstonia solanacearum_gapfilled_650,1
Ralstonia solanacearum_gapfilled_752,1
Ralstonia solanacearum_gapfilled_688,0
Ralstonia solanacearum_gapfilled_300,0
Ralstonia solanacearum_gapfilled_250,0
Ralstonia solanacearum_gapfilled_229,1
Ralstonia solanacearum_gapfilled_666,0
Ralstonia solanacearum_gapfilled_585,1
Ralstonia solanacearum_gapfilled_723,1
Ralstonia solanacearum_gapfilled_839,1
Ralstonia solanacearum_gapfilled_816,0
Ralstonia solanacearum_gapfilled_218,1
Ralstonia solanacearum_gapfilled_454,1
Ralstonia solanacearum_gapfilled_441,1
Ralstonia solanacearum_gapfilled_48,1
Ralstonia solanacearum_gapfilled_538,1
Ralstonia solanacearum_gapfilled_815,0
Ralstonia solanacearum_gapfilled_999,1
Ralstonia solanacearum_gapfilled_146,1
Ralstonia solanacearum_gapfilled_955,1
Ralstonia solanacearum_gapfilled_597,1
Ralstonia solanacearum_gapfilled_604,1
Ralstonia solanacearum_gapfilled_145,1
Ralstonia solanacearum_gapfilled_767,1
Ralstonia solanacearum_gapfilled_81,1
Ralstonia solanacearum_gapfilled_552,1
Ralstonia solanacearum_gapfilled_572,1
Ralstonia solanacearum_gapfilled_615,1
Ralstonia solanacearum_gapfilled_381,1
Ralstonia solanacearum_gapfilled_728,1
Ralstonia solanacearum_gapfilled_237,1
Ralstonia solanacearum_gapfilled_334,1
Ralstonia solanacearum_gapfilled_437,1
Ralstonia solanacearum_gapfilled_314,1
Ralstonia solanacearum_gapfilled_527,1
Ralstonia solanacearum_gapfilled_663,0
Ralstonia solanacearum_gapfilled_359,1
Ralstonia solanacearum_gapfilled_518,0
Ralstonia solanacearum_gapfilled_169,1
Ralstonia solanacearum_gapfilled_203,1
Ralstonia solanacearum_gapfilled_315,1
Ralstonia solanacearum_gapfilled_829,0
Ralstonia solanacearum_gapfilled_808,1
Ralstonia solanacearum_gapfilled_959,1
Ralstonia solanacearum_gapfilled_824,1
Ralstonia solanacearum_gapfilled_765,1
Ralstonia solanacearum_gapfilled_168,1
Ralstonia solanacearum_gapfilled_15,0
Ralstonia solanacearum_gapfilled_739,1
Ralstonia solanacearum_gapfilled_993,1
Ralstonia solanacearum_gapfilled_534,0
Ralstonia solanacearum_gapfilled_679,1
Ralstonia solanacearum_gapfilled_112,1
Ralstonia solanacearum_gapfilled_883,1
Ralstonia solanacearum_gapfilled_23,0
Ralstonia solanacearum_gapfilled_840,1
Ralstonia solanacearum_gapfilled_238,0
Ralstonia solanacearum_gapfilled_414,1
Ralstonia solanacearum_gapfilled_378,1
Ralstonia solanacearum_gapfilled_873,1
Ralstonia solanacearum_gapfilled_893,1
Ralstonia solanacearum_gapfilled_546,1
Ralstonia solanacearum_gapfilled_948,1
Ralstonia solanacearum_gapfilled_768,1
Ralstonia solanacearum_gapfilled_949,1
Ralstonia solanacearum_gapfilled_193,1
Ralstonia solanacearum_gapfilled_573,0
Ralstonia solanacearum_gapfilled_669,1
Ralstonia solanacearum_gapfilled_819,0
Ralstonia solanacearum_gapfilled_104,1
Ralstonia solanacearum_gapfilled_479,1
Ralstonia solanacearum_gapfilled_738,1
Ralstonia solanacearum_gapfilled_660,1
Ralstonia solanacearum_gapfilled_34,1
Ralstonia solanacearum_gapfilled_163,0
Ralstonia solanacearum_gapfilled_286,1
Ralstonia solanacearum_gapfilled_707,1
Ralstonia solanacearum_gapfilled_120,1
Ralstonia solanacearum_gapfilled_756,1
Ralstonia solanacearum_gapfilled_371,0
Ralstonia solanacearum_gapfilled_862,0
Ralstonia solanacearum_gapfilled_878,1
Ralstonia solanacearum_gapfilled_200,1
Ralstonia solanacearum_gapfilled_353,1
Ralstonia solanacearum_gapfilled_488,1
Ralstonia solanacearum_gapfilled_905,0
Ralstonia solanacearum_gapfilled_51,1
Ralstonia solanacearum_gapfilled_320,1
Ralstonia solanacearum_gapfilled_127,1
Ralstonia solanacearum_gapfilled_757,1
Ralstonia solanacearum_gapfilled_399,0
Ralstonia solanacearum_gapfilled_242,1
Ralstonia solanacearum_gapfilled_843,1
Ralstonia solanacearum_gapfilled_56,1
Ralstonia solanacearum_gapfilled_468,1
Ralstonia solanacearum_gapfilled_406,1
Ralstonia solanacearum_gapfilled_741,1
Ralstonia solanacearum_gapfilled_907,1
Ralstonia solanacearum_gapfilled_91,1
Ralstonia solanacearum_gapfilled_285,1
Ralstonia solanacearum_gapfilled_636,1
Ralstonia solanacearum_gapfilled_57,1
Ralstonia solanacearum_gapfilled_373,1
Ralstonia solanacearum_gapfilled_933,1
Ralstonia solanacearum_gapfilled_675,1
Ralstonia solanacearum_gapfilled_911,1
Ralstonia solanacearum_gapfilled_88,1
Ralstonia solanacearum_gapfilled_110,0
Ralstonia solanacearum_gapfilled_52,1
Ralstonia solanacearum_gapfilled_967,1
Ralstonia solanacearum_gapfilled_947,1
Ralstonia solanacearum_gapfilled_205,0
Ralstonia solanacearum_gapfilled_533,1
Ralstonia solanacearum_gapfilled_210,1
Ralstonia solanacearum_gapfilled_179,1
Ralstonia solanacearum_gapfilled_617,1
Ralstonia solanacearum_gapfilled_288,0
Ralstonia solanacearum_gapfilled_789,1
Ralstonia solanacearum_gapfilled_890,1
Ralstonia solanacearum_gapfilled_448,1
Ralstonia solanacearum_gapfilled_190,1
Ralstonia solanacearum_gapfilled_579,0
Ralstonia solanacearum_gapfilled_627,0
Ralstonia solanacearum_gapfilled_797,1
Ralstonia solanacearum_gapfilled_814,0
Ralstonia solanacearum_gapfilled_202,1
Ralstonia solanacearum_gapfilled_417,1
Ralstonia solanacearum_gapfilled_278,1
Ralstonia solanacearum_gapfilled_672,1
Ralstonia solanacearum_gapfilled_216,1
Ralstonia solanacearum_gapfilled_899,1
Ralstonia solanacearum_gapfilled_22,0
Ralstonia solanacearum_gapfilled_586,0
Ralstonia solanacearum_gapfilled_461,1
Ralstonia solanacearum_gapfilled_195,1
Ralstonia solanacearum_gapfilled_277,0
Ralstonia solanacearum_gapfilled_582,1
Ralstonia solanacearum_gapfilled_37,0
Ralstonia solanacearum_gapfilled_101,1
Ralstonia solanacearum_gapfilled_575,1
Ralstonia solanacearum_gapfilled_354,0
Ralstonia solanacearum_gapfilled_964,1
Ralstonia solanacearum_gapfilled_512,0
Ralstonia solanacearum_gapfilled_503,0
Ralstonia solanacearum_gapfilled_310,0
Ralstonia solanacearum_gapfilled_898,1
Ralstonia solanacearum_gapfilled_267,0
Ralstonia solanacearum_gapfilled_530,1
Ralstonia solanacearum_gapfilled_76,1
Ralstonia solanacearum_gapfilled_792,1
Ralstonia solanacearum_gapfilled_652,1
Ralstonia solanacearum_gapfilled_178,0
Ralstonia solanacearum_gapfilled_804,1
Ralstonia solanacearum_gapfilled_291,1
Ralstonia solanacearum_gapfilled_870,1
Ralstonia solanacearum_gapfilled_413,1
Ralstonia solanacearum_gapfilled_543,1
Ralstonia solanacearum_gapfilled_465,1
Ralstonia solanacearum_gapfilled_776,1
Ralstonia solanacearum_gapfilled_733,1
Ralstonia solanacearum_gapfilled_342,1
Ralstonia solanacearum_gapfilled_693,1
Ralstonia solanacearum_gapfilled_149,1
Ralstonia solanacearum_gapfilled_547,0
Ralstonia solanacearum_gapfilled_599,1
Ralstonia solanacearum_gapfilled_106,1
Ralstonia solanacearum_gapfilled_138,1
Ralstonia solanacearum_gapfilled_721,1
Ralstonia solanacearum_gapfilled_165,0
Ralstonia solanacearum_gapfilled_946,1
Ralstonia solanacearum_gapfilled_416,1
Ralstonia solanacearum_gapfilled_44,1
Ralstonia solanacearum_gapfilled_877,0
Ralstonia solanacearum_gapfilled_65,1
Ralstonia solanacearum_gapfilled_16,1
Ralstonia solanacearum_gapfilled_154,0
Ralstonia solanacearum_gapfilled_706,1
Ralstonia solanacearum_gapfilled_185,0
Ralstonia solanacearum_gapfilled_362,1
Ralstonia solanacearum_gapfilled_956,1
Ralstonia solanacearum_gapfilled_971,1
Ralstonia solanacearum_gapfilled_140,1
Ralstonia solanacearum_gapfilled_564,0
Ralstonia solanacearum_gapfilled_290,0
Ralstonia solanacearum_gapfilled_549,0
Ralstonia solanacearum_gapfilled_197,1
Ralstonia solanacearum_gapfilled_803,1
Ralstonia solanacearum_gapfilled_745,1
Ralstonia solanacearum_gapfilled_257,1
Ralstonia solanacearum_gapfilled_731,0
Ralstonia solanacearum_gapfilled_423,1
Ralstonia solanacearum_gapfilled_610,1
Ralstonia solanacearum_gapfilled_389,1
Ralstonia solanacearum_gapfilled_634,1
Ralstonia solanacearum_gapfilled_495,1
Ralstonia solanacearum_gapfilled_418,1
Ralstonia solanacearum_gapfilled_269,1
Ralstonia solanacearum_gapfilled_92,1
Ralstonia solanacearum_gapfilled_609,1
Ralstonia solanacearum_gapfilled_795,1
Ralstonia solanacearum_gapfilled_156,0
Ralstonia solanacearum_gapfilled_734,1
Ralstonia solanacearum_gapfilled_293,0
Ralstonia solanacearum_gapfilled_199,1
Ralstonia solanacearum_gapfilled_470,1
Ralstonia solanacearum_gapfilled_108,1
Ralstonia solanacearum_gapfilled_952,1
Ralstonia solanacearum_gapfilled_988,1
Ralstonia solanacearum_gapfilled_498,1
Ralstonia solanacearum_gapfilled_219,1
Ralstonia solanacearum_gapfilled_759,1
Ralstonia solanacearum_gapfilled_631,1
Ralstonia solanacearum_gapfilled_9,1
Ralstonia solanacearum_gapfilled_865,0
Ralstonia solanacearum_gapfilled_478,1
Ralstonia solanacearum_gapfilled_189,1
Ralstonia solanacearum_gapfilled_126,1
Ralstonia solanacearum_gapfilled_848,1
Ralstonia solanacearum_gapfilled_225,1
Ralstonia solanacearum_gapfilled_415,1
Ralstonia solanacearum_gapfilled_608,0
Ralstonia solanacearum_gapfilled_778,1
Ralstonia solanacearum_gapfilled_283,1
Ralstonia solanacearum_gapfilled_152,1
Ralstonia solanacearum_gapfilled_43,1
Ralstonia solanacearum_gapfilled_562,0
Ralstonia solanacearum_gapfilled_117,1
Ralstonia solanacearum_gapfilled_17,1
Ralstonia solanacearum_gapfilled_681,1
Ralstonia solanacearum_gapfilled_194,1
Ralstonia solanacearum_gapfilled_529,1
Ralstonia solanacearum_gapfilled_680,1
Ralstonia solanacearum_gapfilled_180,1
Ralstonia solanacearum_gapfilled_73,0
Ralstonia solanacearum_gapfilled_490,1
Ralstonia solanacearum_gapfilled_851,0
Ralstonia solanacearum_gapfilled_402,1
Ralstonia solanacearum_gapfilled_691,1
Ralstonia solanacearum_gapfilled_799,1
Ralstonia solanacearum_gapfilled_542,1
Ralstonia solanacearum_gapfilled_419,0
Ralstonia solanacearum_gapfilled_647,1
Ralstonia solanacearum_gapfilled_638,1
Ralstonia solanacearum_gapfilled_563,0
Ralstonia solanacearum_gapfilled_972,0
Ralstonia solanacearum_gapfilled_670,1
Ralstonia solanacearum_gapfilled_835,1
Ralstonia solanacearum_gapfilled_632,0
Ralstonia solanacearum_gapfilled_558,1
Ralstonia solanacearum_gapfilled_790,1
Ralstonia solanacearum_gapfilled_211,1
Ralstonia solanacearum_gapfilled_869,1
Ralstonia solanacearum_gapfilled_328,0
Ralstonia solanacearum_gapfilled_531,1
Ralstonia solanacearum_gapfilled_433,1
Ralstonia solanacearum_gapfilled_396,1
Ralstonia solanacearum_gapfilled_405,1
Ralstonia solanacearum_gapfilled_100,0
Ralstonia solanacearum_gapfilled_228,1
Ralstonia solanacearum_gapfilled_45,0
Ralstonia solanacearum_gapfilled_304,1
Ralstonia solanacearum_gapfilled_93,1
Ralstonia solanacearum_gapfilled_266,1
Ralstonia solanacearum_gapfilled_29,1
Ralstonia solanacearum_gapfilled_665,0
Ralstonia solanacearum_gapfilled_412,1
Ralstonia solanacearum_gapfilled_80,1
Ralstonia solanacearum_gapfilled_941,1
Ralstonia solanacearum_gapfilled_46,0
Ralstonia solanacearum_gapfilled_484,1
Ralstonia solanacearum_gapfilled_233,1
Ralstonia solanacearum_gapfilled_292,1
Ralstonia solanacearum_gapfilled_844,0
Ralstonia solanacearum_gapfilled_297,0
Ralstonia solanacearum_gapfilled_30,0
Ralstonia solanacearum_gapfilled_961,0
Ralstonia solanacearum_gapfilled_1,1
Ralstonia solanacearum_gapfilled_822,1
Ralstonia solanacearum_gapfilled_833,1
Ralstonia solanacearum_gapfilled_794,0
Ralstonia solanacearum_gapfilled_357,1
Ralstonia solanacearum_gapfilled_583,1
Ralstonia solanacearum_gapfilled_557,0
Ralstonia solanacearum_gapfilled_458,1
Ralstonia solanacearum_gapfilled_215,1
Ralstonia solanacearum_gapfilled_950,1
Ralstonia solanacearum_gapfilled_123,0
Ralstonia solanacearum_gapfilled_499,0
Ralstonia solanacearum_gapfilled_58,1
Ralstonia solanacearum_gapfilled_749,1
Ralstonia solanacearum_gapfilled_689,1
Ralstonia solanacearum_gapfilled_710,1
Ralstonia solanacearum_gapfilled_918,1
Ralstonia solanacearum_gapfilled_2,1
Ralstonia solanacearum_gapfilled_422,1
Ralstonia solanacearum_gapfilled_343,1
Ralstonia solanacearum_gapfilled_272,1
Ralstonia solanacearum_gapfilled_935,0
Ralstonia solanacearum_gapfilled_622,0
Ralstonia solanacearum_gapfilled_159,1
Ralstonia solanacearum_gapfilled_591,1
Ralstonia solanacearum_gapfilled_637,1
Ralstonia solanacearum_gapfilled_754,0
Ralstonia solanacearum_gapfilled_879,1
Ralstonia solanacearum_gapfilled_393,0
Ralstonia solanacearum_gapfilled_453,1
Ralstonia solanacearum_gapfilled_332,1
Ralstonia solanacearum_gapfilled_514,1
Ralstonia solanacearum_gapfilled_510,1
Ralstonia solanacearum_gapfilled_934,0
Ralstonia solanacearum_gapfilled_884,1
Ralstonia solanacearum_gapfilled_436,1
Ralstonia solanacearum_gapfilled_916,1
Ralstonia solanacearum_gapfilled_505,0
Ralstonia solanacearum_gapfilled_874,1
Ralstonia solanacearum_gapfilled_594,1
Ralstonia solanacearum_gapfilled_717,0
Ralstonia solanacearum_gapfilled_769,1
Ralstonia solanacearum_gapfilled_588,1
Ralstonia solanacearum_gapfilled_906,0
Ralstonia solanacearum_gapfilled_639,1
Ralstonia solanacearum_gapfilled_234,1
Ralstonia solanacearum_gapfilled_209,1
Ralstonia solanacearum_gapfilled_809,0
Ralstonia solanacearum_gapfilled_94,1
Ralstonia solanacearum_gapfilled_261,1
Ralstonia solanacearum_gapfilled_864,0
Ralstonia solanacearum_gapfilled_55,1
Ralstonia solanacearum_gapfilled_621,0
Ralstonia solanacearum_gapfilled_260,1
Ralstonia solanacearum_gapfilled_960,1
Ralstonia solanacearum_gapfilled_987,1
Ralstonia solanacearum_gapfilled_14,1
Ralstonia solanacearum_gapfilled_711,0
Ralstonia solanacearum_gapfilled_181,0
Ralstonia solanacearum_gapfilled_75,1
Ralstonia solanacearum_gapfilled_619,0
Ralstonia solanacearum_gapfilled_61,1
Ralstonia solanacearum_gapfilled_671,0
Ralstonia solanacearum_gapfilled_214,0
Ralstonia solanacearum_gapfilled_134,1
Ralstonia solanacearum_gapfilled_8,1
Ralstonia solanacearum_gapfilled_25,0
Ralstonia solanacearum_gapfilled_331,1
Ralstonia solanacearum_gapfilled_372,1
Ralstonia solanacearum_gapfilled_520,0
Ralstonia solanacearum_gapfilled_521,1
Ralstonia solanacearum_gapfilled_648,1
Ralstonia solanacearum_gapfilled_812,0
Ralstonia solanacearum_gapfilled_0,1
Ralstonia solanacearum_gapfilled_626,1
Ralstonia solanacearum_gapfilled_651,1
Ralstonia solanacearum_gapfilled_90,1
Ralstonia solanacearum_gapfilled_442,1
Ralstonia solanacearum_gapfilled_917,1
Ralstonia solanacearum_gapfilled_924,0
Ralstonia solanacearum_gapfilled_742,1
Ralstonia solanacearum_gapfilled_667,1
Ralstonia solanacearum_gapfilled_574,1
Ralstonia solanacearum_gapfilled_989,0
Ralstonia solanacearum_gapfilled_614,0
Ralstonia solanacearum_gapfilled_452,1
Ralstonia solanacearum_gapfilled_825,1
Ralstonia solanacearum_gapfilled_567,0
Ralstonia solanacearum_gapfilled_275,1
Ralstonia solanacearum_gapfilled_968,1
Ralstonia solanacearum_gapfilled_158,1
Ralstonia solanacearum_gapfilled_84,1
Ralstonia solanacearum_gapfilled_942,1
Ralstonia solanacearum_gapfilled_384,1
Ralstonia solanacearum_gapfilled_132,1
Ralstonia solanacearum_gapfilled_387,0
Ralstonia solanacearum_gapfilled_922,1
Ralstonia solanacearum_gapfilled_385,1
Ralstonia solanacearum_gapfilled_464,1
Ralstonia solanacearum_gapfilled_982,1
Ralstonia solanacearum_gapfilled_553,0
Ralstonia solanacearum_gapfilled_605,1
Ralstonia solanacearum_gapfilled_598,1
Ralstonia solanacearum_gapfilled_469,0
Ralstonia solanacearum_gapfilled_861,0
Ralstonia solanacearum_gapfilled_694,1
Ralstonia solanacearum_gapfilled_196,1
Ralstonia solanacearum_gapfilled_252,1
Ralstonia solanacearum_gapfilled_539,1
Ralstonia solanacearum_gapfilled_709,1
Ralstonia solanacearum_gapfilled_318,1
Ralstonia solanacearum_gapfilled_111,1
Ralstonia solanacearum_gapfilled_408,1
Ralstonia solanacearum_gapfilled_894,0
Ralstonia solanacearum_gapfilled_722,0
Ralstonia solanacearum_gapfilled_141,1
Ralstonia solanacearum_gapfilled_764,1
Ralstonia solanacearum_gapfilled_528,1
Ralstonia solanacearum_gapfilled_787,0
Ralstonia solanacearum_gapfilled_244,1
Ralstonia solanacearum_gapfilled_107,1
Ralstonia solanacearum_gapfilled_930,1
Ralstonia solanacearum_gapfilled_654,0
Ralstonia solanacearum_gapfilled_714,1
Ralstonia solanacearum_gapfilled_798,1
Ralstonia solanacearum_gapfilled_831,0
Ralstonia solanacearum_gapfilled_612,1
Ralstonia solanacearum_gapfilled_896,0
Ralstonia solanacearum_gapfilled_939,1
Ralstonia solanacearum_gapfilled_394,1
Ralstonia solanacearum_gapfilled_852,0
Ralstonia solanacearum_gapfilled_240,1
Ralstonia solanacearum_gapfilled_254,1
Ralstonia solanacearum_gapfilled_466,1
Ralstonia solanacearum_gapfilled_737,1
Ralstonia solanacearum_gapfilled_24,0
Ralstonia solanacearum_gapfilled_736,1
Ralstonia solanacearum_gapfilled_227,1
Ralstonia solanacearum_gapfilled_370,1
Ralstonia solanacearum_gapfilled_114,1
Ralstonia solanacearum_gapfilled_13,1
Ralstonia solanacearum_gapfilled_191,1
