Streptococcus gallolyticus_gapfilled_254,0
Streptococcus gallolyticus_gapfilled_397,0
Streptococcus gallolyticus_gapfilled_681,0
Streptococcus gallolyticus_gapfilled_311,1
Streptococcus gallolyticus_gapfilled_796,0
Streptococcus gallolyticus_gapfilled_59,1
Streptococcus gallolyticus_gapfilled_365,0
Streptococcus gallolyticus_gapfilled_775,0
Streptococcus gallolyticus_gapfilled_391,0
Streptococcus gallolyticus_gapfilled_685,0
Streptococcus gallolyticus_gapfilled_737,1
Streptococcus gallolyticus_gapfilled_393,1
Streptococcus gallolyticus_gapfilled_908,0
Streptococcus gallolyticus_gapfilled_904,1
Streptococcus gallolyticus_gapfilled_363,0
Streptococcus gallolyticus_gapfilled_425,0
Streptococcus gallolyticus_gapfilled_219,0
Streptococcus gallolyticus_gapfilled_612,1
Streptococcus gallolyticus_gapfilled_627,0
Streptococcus gallolyticus_gapfilled_322,1
Streptococcus gallolyticus_gapfilled_664,0
Streptococcus gallolyticus_gapfilled_24,1
Streptococcus gallolyticus_gapfilled_427,0
Streptococcus gallolyticus_gapfilled_907,1
Streptococcus gallolyticus_gapfilled_841,0
Streptococcus gallolyticus_gapfilled_155,1
Streptococcus gallolyticus_gapfilled_225,0
Streptococcus gallolyticus_gapfilled_624,1
Streptococcus gallolyticus_gapfilled_688,1
Streptococcus gallolyticus_gapfilled_650,0
Streptococcus gallolyticus_gapfilled_203,0
Streptococcus gallolyticus_gapfilled_169,0
Streptococcus gallolyticus_gapfilled_903,0
Streptococcus gallolyticus_gapfilled_859,1
Streptococcus gallolyticus_gapfilled_715,1
Streptococcus gallolyticus_gapfilled_257,0
Streptococcus gallolyticus_gapfilled_722,1
Streptococcus gallolyticus_gapfilled_677,0
Streptococcus gallolyticus_gapfilled_470,1
Streptococcus gallolyticus_gapfilled_444,0
Streptococcus gallolyticus_gapfilled_1,1
Streptococcus gallolyticus_gapfilled_942,0
Streptococcus gallolyticus_gapfilled_802,0
Streptococcus gallolyticus_gapfilled_756,1
Streptococcus gallolyticus_gapfilled_488,0
Streptococcus gallolyticus_gapfilled_771,0
Streptococcus gallolyticus_gapfilled_330,1
Streptococcus gallolyticus_gapfilled_791,0
Streptococcus gallolyticus_gapfilled_261,0
Streptococcus gallolyticus_gapfilled_706,0
Streptococcus gallolyticus_gapfilled_217,1
Streptococcus gallolyticus_gapfilled_577,0
Streptococcus gallolyticus_gapfilled_884,1
Streptococcus gallolyticus_gapfilled_65,0
Streptococcus gallolyticus_gapfilled_369,0
Streptococcus gallolyticus_gapfilled_834,0
Streptococcus gallolyticus_gapfilled_485,0
Streptococcus gallolyticus_gapfilled_282,0
Streptococcus gallolyticus_gapfilled_346,1
Streptococcus gallolyticus_gapfilled_231,0
Streptococcus gallolyticus_gapfilled_793,0
Streptococcus gallolyticus_gapfilled_437,1
Streptococcus gallolyticus_gapfilled_731,0
Streptococcus gallolyticus_gapfilled_390,1
Streptococcus gallolyticus_gapfilled_401,0
Streptococcus gallolyticus_gapfilled_701,1
Streptococcus gallolyticus_gapfilled_690,0
Streptococcus gallolyticus_gapfilled_403,0
Streptococcus gallolyticus_gapfilled_683,0
Streptococcus gallolyticus_gapfilled_194,1
Streptococcus gallolyticus_gapfilled_557,0
Streptococcus gallolyticus_gapfilled_781,0
Streptococcus gallolyticus_gapfilled_352,0
Streptococcus gallolyticus_gapfilled_881,1
Streptococcus gallolyticus_gapfilled_416,0
Streptococcus gallolyticus_gapfilled_278,0
Streptococcus gallolyticus_gapfilled_657,1
Streptococcus gallolyticus_gapfilled_348,0
Streptococcus gallolyticus_gapfilled_542,1
Streptococcus gallolyticus_gapfilled_865,0
Streptococcus gallolyticus_gapfilled_19,1
Streptococcus gallolyticus_gapfilled_63,1
Streptococcus gallolyticus_gapfilled_350,0
Streptococcus gallolyticus_gapfilled_138,0
Streptococcus gallolyticus_gapfilled_769,0
Streptococcus gallolyticus_gapfilled_508,0
Streptococcus gallolyticus_gapfilled_356,0
Streptococcus gallolyticus_gapfilled_642,1
Streptococcus gallolyticus_gapfilled_179,0
Streptococcus gallolyticus_gapfilled_773,1
Streptococcus gallolyticus_gapfilled_152,0
Streptococcus gallolyticus_gapfilled_300,0
Streptococcus gallolyticus_gapfilled_806,0
Streptococcus gallolyticus_gapfilled_347,0
Streptococcus gallolyticus_gapfilled_88,0
Streptococcus gallolyticus_gapfilled_456,0
Streptococcus gallolyticus_gapfilled_981,0
Streptococcus gallolyticus_gapfilled_402,0
Streptococcus gallolyticus_gapfilled_797,0
Streptococcus gallolyticus_gapfilled_204,0
Streptococcus gallolyticus_gapfilled_623,0
Streptococcus gallolyticus_gapfilled_757,1
Streptococcus gallolyticus_gapfilled_314,1
Streptococcus gallolyticus_gapfilled_349,0
Streptococcus gallolyticus_gapfilled_36,1
Streptococcus gallolyticus_gapfilled_370,0
Streptococcus gallolyticus_gapfilled_597,1
Streptococcus gallolyticus_gapfilled_299,0
Streptococcus gallolyticus_gapfilled_22,1
Streptococcus gallolyticus_gapfilled_125,0
Streptococcus gallolyticus_gapfilled_705,0
Streptococcus gallolyticus_gapfilled_663,1
Streptococcus gallolyticus_gapfilled_60,0
Streptococcus gallolyticus_gapfilled_342,1
Streptococcus gallolyticus_gapfilled_355,0
Streptococcus gallolyticus_gapfilled_377,0
Streptococcus gallolyticus_gapfilled_16,0
Streptococcus gallolyticus_gapfilled_895,1
Streptococcus gallolyticus_gapfilled_287,1
Streptococcus gallolyticus_gapfilled_656,1
Streptococcus gallolyticus_gapfilled_312,0
Streptococcus gallolyticus_gapfilled_213,1
Streptococcus gallolyticus_gapfilled_478,1
Streptococcus gallolyticus_gapfilled_296,1
Streptococcus gallolyticus_gapfilled_410,1
Streptococcus gallolyticus_gapfilled_799,0
Streptococcus gallolyticus_gapfilled_870,0
Streptococcus gallolyticus_gapfilled_337,1
Streptococcus gallolyticus_gapfilled_253,0
Streptococcus gallolyticus_gapfilled_49,0
Streptococcus gallolyticus_gapfilled_11,0
Streptococcus gallolyticus_gapfilled_804,0
Streptococcus gallolyticus_gapfilled_333,0
Streptococcus gallolyticus_gapfilled_361,1
Streptococcus gallolyticus_gapfilled_87,0
Streptococcus gallolyticus_gapfilled_944,0
Streptococcus gallolyticus_gapfilled_161,0
Streptococcus gallolyticus_gapfilled_692,1
Streptococcus gallolyticus_gapfilled_886,0
Streptococcus gallolyticus_gapfilled_596,0
Streptococcus gallolyticus_gapfilled_503,1
Streptococcus gallolyticus_gapfilled_723,0
Streptococcus gallolyticus_gapfilled_861,0
Streptococcus gallolyticus_gapfilled_471,1
Streptococcus gallolyticus_gapfilled_703,0
Streptococcus gallolyticus_gapfilled_662,1
Streptococcus gallolyticus_gapfilled_45,1
Streptococcus gallolyticus_gapfilled_684,0
Streptococcus gallolyticus_gapfilled_866,0
Streptococcus gallolyticus_gapfilled_156,0
Streptococcus gallolyticus_gapfilled_543,1
Streptococcus gallolyticus_gapfilled_101,0
Streptococcus gallolyticus_gapfilled_704,0
Streptococcus gallolyticus_gapfilled_823,0
Streptococcus gallolyticus_gapfilled_292,1
Streptococcus gallolyticus_gapfilled_943,0
Streptococcus gallolyticus_gapfilled_800,1
Streptococcus gallolyticus_gapfilled_428,1
Streptococcus gallolyticus_gapfilled_61,0
Streptococcus gallolyticus_gapfilled_824,0
Streptococcus gallolyticus_gapfilled_115,1
Streptococcus gallolyticus_gapfilled_876,1
Streptococcus gallolyticus_gapfilled_552,0
Streptococcus gallolyticus_gapfilled_787,1
Streptococcus gallolyticus_gapfilled_575,0
Streptococcus gallolyticus_gapfilled_473,1
Streptococcus gallolyticus_gapfilled_792,0
Streptococcus gallolyticus_gapfilled_644,0
Streptococcus gallolyticus_gapfilled_871,0
Streptococcus gallolyticus_gapfilled_234,1
Streptococcus gallolyticus_gapfilled_229,0
Streptococcus gallolyticus_gapfilled_741,0
Streptococcus gallolyticus_gapfilled_423,0
Streptococcus gallolyticus_gapfilled_127,0
Streptococcus gallolyticus_gapfilled_620,1
Streptococcus gallolyticus_gapfilled_180,0
Streptococcus gallolyticus_gapfilled_79,0
Streptococcus gallolyticus_gapfilled_405,0
Streptococcus gallolyticus_gapfilled_385,0
Streptococcus gallolyticus_gapfilled_406,0
Streptococcus gallolyticus_gapfilled_193,0
Streptococcus gallolyticus_gapfilled_28,0
Streptococcus gallolyticus_gapfilled_581,0
Streptococcus gallolyticus_gapfilled_717,1
Streptococcus gallolyticus_gapfilled_844,1
Streptococcus gallolyticus_gapfilled_947,0
Streptococcus gallolyticus_gapfilled_845,0
Streptococcus gallolyticus_gapfilled_191,0
Streptococcus gallolyticus_gapfilled_738,0
Streptococcus gallolyticus_gapfilled_131,0
Streptococcus gallolyticus_gapfilled_868,0
Streptococcus gallolyticus_gapfilled_260,0
Streptococcus gallolyticus_gapfilled_422,0
Streptococcus gallolyticus_gapfilled_455,0
Streptococcus gallolyticus_gapfilled_133,1
Streptococcus gallolyticus_gapfilled_510,1
Streptococcus gallolyticus_gapfilled_709,0
Streptococcus gallolyticus_gapfilled_603,1
Streptococcus gallolyticus_gapfilled_635,1
Streptococcus gallolyticus_gapfilled_646,0
Streptococcus gallolyticus_gapfilled_996,0
Streptococcus gallolyticus_gapfilled_770,0
Streptococcus gallolyticus_gapfilled_408,1
Streptococcus gallolyticus_gapfilled_857,1
Streptococcus gallolyticus_gapfilled_316,0
Streptococcus gallolyticus_gapfilled_759,0
Streptococcus gallolyticus_gapfilled_475,1
Streptococcus gallolyticus_gapfilled_174,0
Streptococcus gallolyticus_gapfilled_849,0
Streptococcus gallolyticus_gapfilled_526,0
Streptococcus gallolyticus_gapfilled_755,0
Streptococcus gallolyticus_gapfilled_550,0
Streptococcus gallolyticus_gapfilled_26,0
Streptococcus gallolyticus_gapfilled_493,0
Streptococcus gallolyticus_gapfilled_117,1
Streptococcus gallolyticus_gapfilled_107,0
Streptococcus gallolyticus_gapfilled_724,0
Streptococcus gallolyticus_gapfilled_720,0
Streptococcus gallolyticus_gapfilled_109,1
Streptococcus gallolyticus_gapfilled_51,1
Streptococcus gallolyticus_gapfilled_233,0
Streptococcus gallolyticus_gapfilled_537,0
Streptococcus gallolyticus_gapfilled_97,0
Streptococcus gallolyticus_gapfilled_631,1
Streptococcus gallolyticus_gapfilled_199,1
Streptococcus gallolyticus_gapfilled_119,0
Streptococcus gallolyticus_gapfilled_187,0
Streptococcus gallolyticus_gapfilled_89,0
Streptococcus gallolyticus_gapfilled_499,0
Streptococcus gallolyticus_gapfilled_353,1
Streptococcus gallolyticus_gapfilled_468,0
Streptococcus gallolyticus_gapfilled_146,1
Streptococcus gallolyticus_gapfilled_195,0
Streptococcus gallolyticus_gapfilled_761,0
Streptococcus gallolyticus_gapfilled_205,0
Streptococcus gallolyticus_gapfilled_514,0
Streptococcus gallolyticus_gapfilled_106,0
Streptococcus gallolyticus_gapfilled_637,1
Streptococcus gallolyticus_gapfilled_897,0
Streptococcus gallolyticus_gapfilled_638,0
Streptococcus gallolyticus_gapfilled_515,0
Streptococcus gallolyticus_gapfilled_23,1
Streptococcus gallolyticus_gapfilled_50,1
Streptococcus gallolyticus_gapfilled_621,0
Streptococcus gallolyticus_gapfilled_392,0
Streptococcus gallolyticus_gapfilled_810,1
Streptococcus gallolyticus_gapfilled_32,0
Streptococcus gallolyticus_gapfilled_666,1
Streptococcus gallolyticus_gapfilled_274,0
Streptococcus gallolyticus_gapfilled_336,0
Streptococcus gallolyticus_gapfilled_589,1
Streptococcus gallolyticus_gapfilled_945,0
Streptococcus gallolyticus_gapfilled_13,1
Streptococcus gallolyticus_gapfilled_244,0
Streptococcus gallolyticus_gapfilled_931,1
Streptococcus gallolyticus_gapfilled_185,0
Streptococcus gallolyticus_gapfilled_654,1
Streptococcus gallolyticus_gapfilled_129,1
Streptococcus gallolyticus_gapfilled_964,0
Streptococcus gallolyticus_gapfilled_850,0
Streptococcus gallolyticus_gapfilled_340,1
Streptococcus gallolyticus_gapfilled_71,0
Streptococcus gallolyticus_gapfilled_727,1
Streptococcus gallolyticus_gapfilled_923,0
Streptococcus gallolyticus_gapfilled_137,1
Streptococcus gallolyticus_gapfilled_789,0
Streptococcus gallolyticus_gapfilled_414,1
Streptococcus gallolyticus_gapfilled_785,0
Streptococcus gallolyticus_gapfilled_545,0
Streptococcus gallolyticus_gapfilled_794,0
Streptococcus gallolyticus_gapfilled_439,1
Streptococcus gallolyticus_gapfilled_878,0
Streptococcus gallolyticus_gapfilled_147,0
Streptococcus gallolyticus_gapfilled_262,1
Streptococcus gallolyticus_gapfilled_339,1
Streptococcus gallolyticus_gapfilled_52,0
Streptococcus gallolyticus_gapfilled_118,0
Streptococcus gallolyticus_gapfilled_480,1
Streptococcus gallolyticus_gapfilled_555,0
Streptococcus gallolyticus_gapfilled_846,1
Streptococcus gallolyticus_gapfilled_524,0
Streptococcus gallolyticus_gapfilled_758,0
Streptococcus gallolyticus_gapfilled_378,0
Streptococcus gallolyticus_gapfilled_429,1
Streptococcus gallolyticus_gapfilled_615,0
Streptococcus gallolyticus_gapfilled_212,0
Streptococcus gallolyticus_gapfilled_811,0
Streptococcus gallolyticus_gapfilled_921,1
Streptococcus gallolyticus_gapfilled_463,1
Streptococcus gallolyticus_gapfilled_227,0
Streptococcus gallolyticus_gapfilled_682,0
Streptococcus gallolyticus_gapfilled_362,0
Streptococcus gallolyticus_gapfilled_616,1
Streptococcus gallolyticus_gapfilled_230,1
Streptococcus gallolyticus_gapfilled_21,0
Streptococcus gallolyticus_gapfilled_446,0
Streptococcus gallolyticus_gapfilled_698,0
Streptococcus gallolyticus_gapfilled_211,0
Streptococcus gallolyticus_gapfilled_258,0
Streptococcus gallolyticus_gapfilled_733,0
Streptococcus gallolyticus_gapfilled_134,1
Streptococcus gallolyticus_gapfilled_980,1
Streptococcus gallolyticus_gapfilled_516,0
Streptococcus gallolyticus_gapfilled_149,0
Streptococcus gallolyticus_gapfilled_113,1
Streptococcus gallolyticus_gapfilled_959,0
Streptococcus gallolyticus_gapfilled_298,1
Streptococcus gallolyticus_gapfilled_546,0
Streptococcus gallolyticus_gapfilled_326,0
Streptococcus gallolyticus_gapfilled_265,1
Streptococcus gallolyticus_gapfilled_918,1
Streptococcus gallolyticus_gapfilled_271,0
Streptococcus gallolyticus_gapfilled_711,1
Streptococcus gallolyticus_gapfilled_558,0
Streptococcus gallolyticus_gapfilled_182,0
Streptococcus gallolyticus_gapfilled_763,0
Streptococcus gallolyticus_gapfilled_371,0
Streptococcus gallolyticus_gapfilled_95,0
Streptococcus gallolyticus_gapfilled_442,0
Streptococcus gallolyticus_gapfilled_699,0
Streptococcus gallolyticus_gapfilled_142,0
Streptococcus gallolyticus_gapfilled_30,1
Streptococcus gallolyticus_gapfilled_135,0
Streptococcus gallolyticus_gapfilled_547,0
Streptococcus gallolyticus_gapfilled_672,0
Streptococcus gallolyticus_gapfilled_308,0
Streptococcus gallolyticus_gapfilled_910,1
Streptococcus gallolyticus_gapfilled_591,0
Streptococcus gallolyticus_gapfilled_17,0
Streptococcus gallolyticus_gapfilled_387,1
Streptococcus gallolyticus_gapfilled_72,1
Streptococcus gallolyticus_gapfilled_41,1
Streptococcus gallolyticus_gapfilled_839,1
Streptococcus gallolyticus_gapfilled_583,1
Streptococcus gallolyticus_gapfilled_209,0
Streptococcus gallolyticus_gapfilled_607,0
Streptococcus gallolyticus_gapfilled_643,0
Streptococcus gallolyticus_gapfilled_507,0
Streptococcus gallolyticus_gapfilled_43,1
Streptococcus gallolyticus_gapfilled_744,0
Streptococcus gallolyticus_gapfilled_900,1
Streptococcus gallolyticus_gapfilled_286,0
Streptococcus gallolyticus_gapfilled_440,0
Streptococcus gallolyticus_gapfilled_54,0
Streptococcus gallolyticus_gapfilled_891,0
Streptococcus gallolyticus_gapfilled_712,0
Streptococcus gallolyticus_gapfilled_334,0
Streptococcus gallolyticus_gapfilled_750,1
Streptococcus gallolyticus_gapfilled_633,1
Streptococcus gallolyticus_gapfilled_490,1
Streptococcus gallolyticus_gapfilled_736,1
Streptococcus gallolyticus_gapfilled_772,0
Streptococcus gallolyticus_gapfilled_890,0
Streptococcus gallolyticus_gapfilled_966,0
Streptococcus gallolyticus_gapfilled_661,0
Streptococcus gallolyticus_gapfilled_696,0
Streptococcus gallolyticus_gapfilled_20,1
Streptococcus gallolyticus_gapfilled_999,0
Streptococcus gallolyticus_gapfilled_223,1
Streptococcus gallolyticus_gapfilled_639,0
Streptococcus gallolyticus_gapfilled_44,0
Streptococcus gallolyticus_gapfilled_435,0
Streptococcus gallolyticus_gapfilled_173,1
Streptococcus gallolyticus_gapfilled_452,0
Streptococcus gallolyticus_gapfilled_288,1
Streptococcus gallolyticus_gapfilled_461,0
Streptococcus gallolyticus_gapfilled_670,0
Streptococcus gallolyticus_gapfilled_768,0
Streptococcus gallolyticus_gapfilled_925,0
Streptococcus gallolyticus_gapfilled_521,0
Streptococcus gallolyticus_gapfilled_250,0
Streptococcus gallolyticus_gapfilled_554,0
Streptococcus gallolyticus_gapfilled_689,0
Streptococcus gallolyticus_gapfilled_560,0
Streptococcus gallolyticus_gapfilled_328,1
Streptococcus gallolyticus_gapfilled_986,0
Streptococcus gallolyticus_gapfilled_465,1
Streptococcus gallolyticus_gapfilled_519,1
Streptococcus gallolyticus_gapfilled_971,0
Streptococcus gallolyticus_gapfilled_33,0
Streptococcus gallolyticus_gapfilled_718,1
Streptococcus gallolyticus_gapfilled_325,0
Streptococcus gallolyticus_gapfilled_584,0
Streptococcus gallolyticus_gapfilled_500,1
Streptococcus gallolyticus_gapfilled_564,0
Streptococcus gallolyticus_gapfilled_132,0
Streptococcus gallolyticus_gapfilled_415,1
Streptococcus gallolyticus_gapfilled_833,0
Streptococcus gallolyticus_gapfilled_86,0
Streptococcus gallolyticus_gapfilled_294,1
Streptococcus gallolyticus_gapfilled_854,0
Streptococcus gallolyticus_gapfilled_163,0
Streptococcus gallolyticus_gapfilled_751,1
Streptococcus gallolyticus_gapfilled_409,1
Streptococcus gallolyticus_gapfilled_151,1
Streptococcus gallolyticus_gapfilled_197,1
Streptococcus gallolyticus_gapfilled_665,0
Streptococcus gallolyticus_gapfilled_338,0
Streptococcus gallolyticus_gapfilled_909,1
Streptococcus gallolyticus_gapfilled_160,0
Streptococcus gallolyticus_gapfilled_520,0
Streptococcus gallolyticus_gapfilled_47,1
Streptococcus gallolyticus_gapfilled_530,0
Streptococcus gallolyticus_gapfilled_713,0
Streptococcus gallolyticus_gapfilled_652,0
Streptococcus gallolyticus_gapfilled_467,0
Streptococcus gallolyticus_gapfilled_196,1
Streptococcus gallolyticus_gapfilled_549,0
Streptococcus gallolyticus_gapfilled_309,0
Streptococcus gallolyticus_gapfilled_700,0
Streptococcus gallolyticus_gapfilled_239,1
Streptococcus gallolyticus_gapfilled_599,1
Streptococcus gallolyticus_gapfilled_522,0
Streptococcus gallolyticus_gapfilled_297,1
Streptococcus gallolyticus_gapfilled_111,0
Streptococcus gallolyticus_gapfilled_68,0
Streptococcus gallolyticus_gapfilled_73,0
Streptococcus gallolyticus_gapfilled_535,0
Streptococcus gallolyticus_gapfilled_930,0
Streptococcus gallolyticus_gapfilled_436,0
Streptococcus gallolyticus_gapfilled_55,0
Streptococcus gallolyticus_gapfilled_249,0
Streptococcus gallolyticus_gapfilled_669,1
Streptococcus gallolyticus_gapfilled_694,0
Streptococcus gallolyticus_gapfilled_412,0
Streptococcus gallolyticus_gapfilled_319,1
Streptococcus gallolyticus_gapfilled_272,0
Streptococcus gallolyticus_gapfilled_963,1
Streptococcus gallolyticus_gapfilled_143,0
Streptococcus gallolyticus_gapfilled_936,0
Streptococcus gallolyticus_gapfilled_460,0
Streptococcus gallolyticus_gapfilled_251,1
Streptococcus gallolyticus_gapfilled_183,0
Streptococcus gallolyticus_gapfilled_830,0
Streptococcus gallolyticus_gapfilled_676,0
Streptococcus gallolyticus_gapfilled_989,0
Streptococcus gallolyticus_gapfilled_821,1
Streptococcus gallolyticus_gapfilled_582,0
Streptococcus gallolyticus_gapfilled_53,0
Streptococcus gallolyticus_gapfilled_270,0
Streptococcus gallolyticus_gapfilled_899,1
Streptococcus gallolyticus_gapfilled_176,0
Streptococcus gallolyticus_gapfilled_815,1
Streptococcus gallolyticus_gapfilled_243,0
Streptococcus gallolyticus_gapfilled_882,1
Streptococcus gallolyticus_gapfilled_424,0
Streptococcus gallolyticus_gapfilled_872,1
Streptococcus gallolyticus_gapfilled_367,0
Streptococcus gallolyticus_gapfilled_911,1
Streptococcus gallolyticus_gapfilled_222,0
Streptococcus gallolyticus_gapfilled_729,0
Streptococcus gallolyticus_gapfilled_495,0
Streptococcus gallolyticus_gapfilled_862,1
Streptococcus gallolyticus_gapfilled_481,0
Streptococcus gallolyticus_gapfilled_951,1
Streptococcus gallolyticus_gapfilled_269,0
Streptococcus gallolyticus_gapfilled_327,1
Streptococcus gallolyticus_gapfilled_885,1
Streptococcus gallolyticus_gapfilled_518,0
Streptococcus gallolyticus_gapfilled_99,0
Streptococcus gallolyticus_gapfilled_687,0
Streptococcus gallolyticus_gapfilled_372,1
Streptococcus gallolyticus_gapfilled_441,1
Streptococcus gallolyticus_gapfilled_285,0
Streptococcus gallolyticus_gapfilled_92,0
Streptococcus gallolyticus_gapfilled_613,1
Streptococcus gallolyticus_gapfilled_976,1
Streptococcus gallolyticus_gapfilled_544,1
Streptococcus gallolyticus_gapfilled_494,1
Streptococcus gallolyticus_gapfilled_167,0
Streptococcus gallolyticus_gapfilled_80,0
Streptococcus gallolyticus_gapfilled_611,1
Streptococcus gallolyticus_gapfilled_376,1
Streptococcus gallolyticus_gapfilled_673,1
Streptococcus gallolyticus_gapfilled_856,0
Streptococcus gallolyticus_gapfilled_898,1
Streptococcus gallolyticus_gapfilled_842,0
Streptococcus gallolyticus_gapfilled_200,1
Streptococcus gallolyticus_gapfilled_153,0
Streptococcus gallolyticus_gapfilled_753,0
Streptococcus gallolyticus_gapfilled_289,0
Streptococcus gallolyticus_gapfilled_81,0
Streptococcus gallolyticus_gapfilled_838,0
Streptococcus gallolyticus_gapfilled_719,0
Streptococcus gallolyticus_gapfilled_458,0
Streptococcus gallolyticus_gapfilled_484,0
Streptococcus gallolyticus_gapfilled_136,0
Streptococcus gallolyticus_gapfilled_482,0
Streptococcus gallolyticus_gapfilled_130,0
Streptococcus gallolyticus_gapfilled_431,0
Streptococcus gallolyticus_gapfilled_281,0
Streptococcus gallolyticus_gapfilled_969,1
Streptococcus gallolyticus_gapfilled_396,0
Streptococcus gallolyticus_gapfilled_855,0
Streptococcus gallolyticus_gapfilled_553,1
Streptococcus gallolyticus_gapfilled_752,0
Streptococcus gallolyticus_gapfilled_598,0
Streptococcus gallolyticus_gapfilled_697,0
Streptococcus gallolyticus_gapfilled_236,0
Streptococcus gallolyticus_gapfilled_734,0
Streptococcus gallolyticus_gapfilled_293,0
Streptococcus gallolyticus_gapfilled_587,0
Streptococcus gallolyticus_gapfilled_383,0
Streptococcus gallolyticus_gapfilled_27,0
Streptococcus gallolyticus_gapfilled_902,0
Streptococcus gallolyticus_gapfilled_215,0
Streptococcus gallolyticus_gapfilled_335,0
Streptococcus gallolyticus_gapfilled_268,0
Streptococcus gallolyticus_gapfilled_730,1
Streptococcus gallolyticus_gapfilled_506,0
Streptococcus gallolyticus_gapfilled_18,0
Streptococcus gallolyticus_gapfilled_570,0
Streptococcus gallolyticus_gapfilled_708,0
Streptococcus gallolyticus_gapfilled_74,0
Streptococcus gallolyticus_gapfilled_766,0
Streptococcus gallolyticus_gapfilled_991,0
Streptococcus gallolyticus_gapfilled_592,0
Streptococcus gallolyticus_gapfilled_875,0
Streptococcus gallolyticus_gapfilled_139,0
Streptococcus gallolyticus_gapfilled_433,0
Streptococcus gallolyticus_gapfilled_749,1
Streptococcus gallolyticus_gapfilled_935,0
Streptococcus gallolyticus_gapfilled_536,0
Streptococcus gallolyticus_gapfilled_651,1
Streptococcus gallolyticus_gapfilled_746,1
Streptococcus gallolyticus_gapfilled_280,0
Streptococcus gallolyticus_gapfilled_62,1
Streptococcus gallolyticus_gapfilled_66,1
Streptococcus gallolyticus_gapfilled_426,0
Streptococcus gallolyticus_gapfilled_315,0
Streptococcus gallolyticus_gapfilled_566,0
Streptococcus gallolyticus_gapfilled_466,1
Streptococcus gallolyticus_gapfilled_313,0
Streptococcus gallolyticus_gapfilled_625,0
Streptococcus gallolyticus_gapfilled_614,0
Streptococcus gallolyticus_gapfilled_447,0
Streptococcus gallolyticus_gapfilled_170,0
Streptococcus gallolyticus_gapfilled_790,0
Streptococcus gallolyticus_gapfilled_994,0
Streptococcus gallolyticus_gapfilled_310,0
Streptococcus gallolyticus_gapfilled_617,0
Streptococcus gallolyticus_gapfilled_154,1
Streptococcus gallolyticus_gapfilled_739,0
Streptococcus gallolyticus_gapfilled_373,0
Streptococcus gallolyticus_gapfilled_529,1
Streptococcus gallolyticus_gapfilled_464,0
Streptococcus gallolyticus_gapfilled_788,0
Streptococcus gallolyticus_gapfilled_145,0
Streptococcus gallolyticus_gapfilled_593,0
Streptococcus gallolyticus_gapfilled_780,0
Streptococcus gallolyticus_gapfilled_953,1
Streptococcus gallolyticus_gapfilled_808,0
Streptococcus gallolyticus_gapfilled_417,0
Streptococcus gallolyticus_gapfilled_809,1
Streptococcus gallolyticus_gapfilled_67,1
Streptococcus gallolyticus_gapfilled_816,1
Streptococcus gallolyticus_gapfilled_987,0
Streptococcus gallolyticus_gapfilled_48,1
Streptococcus gallolyticus_gapfilled_604,0
Streptococcus gallolyticus_gapfilled_640,1
Streptococcus gallolyticus_gapfilled_259,0
Streptococcus gallolyticus_gapfilled_159,0
Streptococcus gallolyticus_gapfilled_474,0
Streptococcus gallolyticus_gapfilled_513,0
Streptococcus gallolyticus_gapfilled_172,0
Streptococcus gallolyticus_gapfilled_762,1
Streptococcus gallolyticus_gapfilled_585,0
Streptococcus gallolyticus_gapfilled_206,1
Streptococcus gallolyticus_gapfilled_354,0
Streptococcus gallolyticus_gapfilled_837,1
Streptococcus gallolyticus_gapfilled_950,0
Streptococcus gallolyticus_gapfilled_702,0
Streptococcus gallolyticus_gapfilled_917,0
Streptococcus gallolyticus_gapfilled_104,0
Streptococcus gallolyticus_gapfilled_9,0
Streptococcus gallolyticus_gapfilled_695,0
Streptococcus gallolyticus_gapfilled_158,0
Streptococcus gallolyticus_gapfilled_933,0
Streptococcus gallolyticus_gapfilled_767,1
Streptococcus gallolyticus_gapfilled_395,1
Streptococcus gallolyticus_gapfilled_305,0
Streptococcus gallolyticus_gapfilled_805,0
Streptococcus gallolyticus_gapfilled_283,0
Streptococcus gallolyticus_gapfilled_39,1
Streptococcus gallolyticus_gapfilled_122,0
Streptococcus gallolyticus_gapfilled_93,0
Streptococcus gallolyticus_gapfilled_451,1
Streptococcus gallolyticus_gapfilled_368,0
Streptococcus gallolyticus_gapfilled_825,0
Streptococcus gallolyticus_gapfilled_972,0
Streptococcus gallolyticus_gapfilled_157,0
Streptococcus gallolyticus_gapfilled_379,0
Streptococcus gallolyticus_gapfilled_242,1
Streptococcus gallolyticus_gapfilled_883,1
Streptococcus gallolyticus_gapfilled_75,0
Streptococcus gallolyticus_gapfilled_453,0
Streptococcus gallolyticus_gapfilled_562,1
Streptococcus gallolyticus_gapfilled_301,0
Streptococcus gallolyticus_gapfilled_946,0
Streptococcus gallolyticus_gapfilled_818,0
Streptococcus gallolyticus_gapfilled_867,0
Streptococcus gallolyticus_gapfilled_978,1
Streptococcus gallolyticus_gapfilled_238,0
Streptococcus gallolyticus_gapfilled_874,0
Streptococcus gallolyticus_gapfilled_454,0
Streptococcus gallolyticus_gapfilled_783,0
Streptococcus gallolyticus_gapfilled_450,1
Streptococcus gallolyticus_gapfilled_94,0
Streptococcus gallolyticus_gapfilled_82,0
Streptococcus gallolyticus_gapfilled_384,0
Streptococcus gallolyticus_gapfilled_776,0
Streptococcus gallolyticus_gapfilled_777,0
Streptococcus gallolyticus_gapfilled_622,1
Streptococcus gallolyticus_gapfilled_858,0
Streptococcus gallolyticus_gapfilled_691,0
Streptococcus gallolyticus_gapfilled_178,0
Streptococcus gallolyticus_gapfilled_693,0
Streptococcus gallolyticus_gapfilled_778,0
Streptococcus gallolyticus_gapfilled_394,0
Streptococcus gallolyticus_gapfilled_807,0
Streptococcus gallolyticus_gapfilled_202,0
Streptococcus gallolyticus_gapfilled_275,0
Streptococcus gallolyticus_gapfilled_983,0
Streptococcus gallolyticus_gapfilled_974,0
Streptococcus gallolyticus_gapfilled_214,0
Streptococcus gallolyticus_gapfilled_835,0
Streptococcus gallolyticus_gapfilled_893,0
Streptococcus gallolyticus_gapfilled_877,0
Streptococcus gallolyticus_gapfilled_166,0
Streptococcus gallolyticus_gapfilled_848,0
Streptococcus gallolyticus_gapfilled_8,0
Streptococcus gallolyticus_gapfilled_479,1
Streptococcus gallolyticus_gapfilled_266,0
Streptococcus gallolyticus_gapfilled_358,1
Streptococcus gallolyticus_gapfilled_240,1
Streptococcus gallolyticus_gapfilled_563,1
Streptococcus gallolyticus_gapfilled_386,0
Streptococcus gallolyticus_gapfilled_595,1
Streptococcus gallolyticus_gapfilled_641,0
Streptococcus gallolyticus_gapfilled_116,0
Streptococcus gallolyticus_gapfilled_400,0
Streptococcus gallolyticus_gapfilled_540,1
Streptococcus gallolyticus_gapfilled_707,0
Streptococcus gallolyticus_gapfilled_69,1
Streptococcus gallolyticus_gapfilled_448,1
Streptococcus gallolyticus_gapfilled_256,0
Streptococcus gallolyticus_gapfilled_860,1
Streptococcus gallolyticus_gapfilled_678,0
Streptococcus gallolyticus_gapfilled_241,0
Streptococcus gallolyticus_gapfilled_112,1
Streptococcus gallolyticus_gapfilled_228,1
Streptococcus gallolyticus_gapfilled_887,1
Streptococcus gallolyticus_gapfilled_279,0
Streptococcus gallolyticus_gapfilled_165,1
Streptococcus gallolyticus_gapfilled_894,0
Streptococcus gallolyticus_gapfilled_168,0
Streptococcus gallolyticus_gapfilled_819,0
Streptococcus gallolyticus_gapfilled_5,1
Streptococcus gallolyticus_gapfilled_939,1
Streptococcus gallolyticus_gapfilled_588,0
Streptococcus gallolyticus_gapfilled_190,1
Streptococcus gallolyticus_gapfilled_879,0
Streptococcus gallolyticus_gapfilled_220,1
Streptococcus gallolyticus_gapfilled_6,0
Streptococcus gallolyticus_gapfilled_332,0
Streptococcus gallolyticus_gapfilled_655,0
Streptococcus gallolyticus_gapfilled_226,1
Streptococcus gallolyticus_gapfilled_255,0
Streptococcus gallolyticus_gapfilled_831,0
Streptococcus gallolyticus_gapfilled_605,1
Streptococcus gallolyticus_gapfilled_798,1
Streptococcus gallolyticus_gapfilled_469,1
Streptococcus gallolyticus_gapfilled_531,0
Streptococcus gallolyticus_gapfilled_252,1
Streptococcus gallolyticus_gapfilled_343,1
Streptococcus gallolyticus_gapfilled_667,1
Streptococcus gallolyticus_gapfilled_600,1
Streptococcus gallolyticus_gapfilled_216,0
Streptococcus gallolyticus_gapfilled_57,1
Streptococcus gallolyticus_gapfilled_659,1
Streptococcus gallolyticus_gapfilled_658,1
Streptococcus gallolyticus_gapfilled_462,0
Streptococcus gallolyticus_gapfilled_38,1
Streptococcus gallolyticus_gapfilled_323,1
Streptococcus gallolyticus_gapfilled_968,1
Streptococcus gallolyticus_gapfilled_317,1
Streptococcus gallolyticus_gapfilled_997,0
Streptococcus gallolyticus_gapfilled_832,0
Streptococcus gallolyticus_gapfilled_740,0
Streptococcus gallolyticus_gapfilled_728,0
Streptococcus gallolyticus_gapfilled_962,0
Streptococcus gallolyticus_gapfilled_144,0
Streptococcus gallolyticus_gapfilled_263,1
Streptococcus gallolyticus_gapfilled_434,0
Streptococcus gallolyticus_gapfilled_565,0
Streptococcus gallolyticus_gapfilled_224,1
Streptococcus gallolyticus_gapfilled_304,1
Streptococcus gallolyticus_gapfilled_218,1
Streptococcus gallolyticus_gapfilled_579,1
Streptococcus gallolyticus_gapfilled_509,1
Streptococcus gallolyticus_gapfilled_735,1
Streptococcus gallolyticus_gapfilled_498,1
Streptococcus gallolyticus_gapfilled_569,1
Streptococcus gallolyticus_gapfilled_952,1
Streptococcus gallolyticus_gapfilled_7,0
Streptococcus gallolyticus_gapfilled_380,0
Streptococcus gallolyticus_gapfilled_998,1
Streptococcus gallolyticus_gapfilled_714,0
Streptococcus gallolyticus_gapfilled_618,0
Streptococcus gallolyticus_gapfilled_619,1
Streptococcus gallolyticus_gapfilled_674,0
Streptococcus gallolyticus_gapfilled_532,1
Streptococcus gallolyticus_gapfilled_267,0
Streptococcus gallolyticus_gapfilled_359,0
Streptococcus gallolyticus_gapfilled_764,1
Streptococcus gallolyticus_gapfilled_576,0
Streptococcus gallolyticus_gapfilled_977,1
Streptococcus gallolyticus_gapfilled_608,0
Streptococcus gallolyticus_gapfilled_58,1
Streptococcus gallolyticus_gapfilled_594,0
Streptococcus gallolyticus_gapfilled_647,1
Streptococcus gallolyticus_gapfilled_247,0
Streptococcus gallolyticus_gapfilled_679,0
Streptococcus gallolyticus_gapfilled_76,0
Streptococcus gallolyticus_gapfilled_922,1
Streptococcus gallolyticus_gapfilled_164,0
Streptococcus gallolyticus_gapfilled_949,0
Streptococcus gallolyticus_gapfilled_896,0
Streptococcus gallolyticus_gapfilled_630,0
Streptococcus gallolyticus_gapfilled_571,0
Streptococcus gallolyticus_gapfilled_973,0
Streptococcus gallolyticus_gapfilled_374,1
Streptococcus gallolyticus_gapfilled_366,0
Streptococcus gallolyticus_gapfilled_990,0
Streptococcus gallolyticus_gapfilled_148,1
Streptococcus gallolyticus_gapfilled_934,1
Streptococcus gallolyticus_gapfilled_747,0
Streptococcus gallolyticus_gapfilled_840,1
Streptococcus gallolyticus_gapfilled_920,0
Streptococcus gallolyticus_gapfilled_822,0
Streptococcus gallolyticus_gapfilled_15,0
Streptococcus gallolyticus_gapfilled_721,0
Streptococcus gallolyticus_gapfilled_404,0
Streptococcus gallolyticus_gapfilled_248,0
Streptococcus gallolyticus_gapfilled_78,0
Streptococcus gallolyticus_gapfilled_105,1
Streptococcus gallolyticus_gapfilled_141,0
Streptococcus gallolyticus_gapfilled_382,0
Streptococcus gallolyticus_gapfilled_344,1
Streptococcus gallolyticus_gapfilled_912,0
Streptococcus gallolyticus_gapfilled_716,1
Streptococcus gallolyticus_gapfilled_496,0
Streptococcus gallolyticus_gapfilled_533,1
Streptococcus gallolyticus_gapfilled_418,1
Streptococcus gallolyticus_gapfilled_675,0
Streptococcus gallolyticus_gapfilled_924,1
Streptococcus gallolyticus_gapfilled_628,0
Streptococcus gallolyticus_gapfilled_477,0
Streptococcus gallolyticus_gapfilled_528,0
Streptococcus gallolyticus_gapfilled_892,0
Streptococcus gallolyticus_gapfilled_541,1
Streptococcus gallolyticus_gapfilled_98,0
Streptococcus gallolyticus_gapfilled_572,0
Streptococcus gallolyticus_gapfilled_948,0
Streptococcus gallolyticus_gapfilled_375,0
Streptococcus gallolyticus_gapfilled_264,1
Streptococcus gallolyticus_gapfilled_559,0
Streptococcus gallolyticus_gapfilled_601,0
Streptococcus gallolyticus_gapfilled_419,1
Streptococcus gallolyticus_gapfilled_3,1
Streptococcus gallolyticus_gapfilled_245,1
Streptococcus gallolyticus_gapfilled_880,1
Streptococcus gallolyticus_gapfilled_407,1
Streptococcus gallolyticus_gapfilled_42,1
Streptococcus gallolyticus_gapfilled_567,1
Streptococcus gallolyticus_gapfilled_814,0
Streptococcus gallolyticus_gapfilled_636,1
Streptococcus gallolyticus_gapfilled_295,0
Streptococcus gallolyticus_gapfilled_504,0
Streptococcus gallolyticus_gapfilled_411,0
Streptococcus gallolyticus_gapfilled_487,1
Streptococcus gallolyticus_gapfilled_221,0
Streptococcus gallolyticus_gapfilled_578,0
Streptococcus gallolyticus_gapfilled_276,0
Streptococcus gallolyticus_gapfilled_765,1
Streptococcus gallolyticus_gapfilled_232,1
Streptococcus gallolyticus_gapfilled_491,0
Streptococcus gallolyticus_gapfilled_985,0
Streptococcus gallolyticus_gapfilled_14,0
Streptococcus gallolyticus_gapfilled_123,0
Streptococcus gallolyticus_gapfilled_273,0
Streptococcus gallolyticus_gapfilled_568,0
Streptococcus gallolyticus_gapfilled_993,1
Streptococcus gallolyticus_gapfilled_889,0
Streptococcus gallolyticus_gapfilled_341,0
Streptococcus gallolyticus_gapfilled_680,0
Streptococcus gallolyticus_gapfilled_906,1
Streptococcus gallolyticus_gapfilled_742,0
Streptococcus gallolyticus_gapfilled_548,1
Streptococcus gallolyticus_gapfilled_489,0
Streptococcus gallolyticus_gapfilled_318,1
Streptococcus gallolyticus_gapfilled_836,0
Streptococcus gallolyticus_gapfilled_928,0
Streptococcus gallolyticus_gapfilled_626,0
Streptococcus gallolyticus_gapfilled_511,1
Streptococcus gallolyticus_gapfilled_302,0
Streptococcus gallolyticus_gapfilled_556,0
Streptococcus gallolyticus_gapfilled_829,1
Streptococcus gallolyticus_gapfilled_40,0
Streptococcus gallolyticus_gapfilled_852,0
Streptococcus gallolyticus_gapfilled_779,0
Streptococcus gallolyticus_gapfilled_114,0
Streptococcus gallolyticus_gapfilled_984,1
Streptococcus gallolyticus_gapfilled_523,0
Streptococcus gallolyticus_gapfilled_580,0
Streptococcus gallolyticus_gapfilled_445,0
Streptococcus gallolyticus_gapfilled_653,1
Streptococcus gallolyticus_gapfilled_992,0
Streptococcus gallolyticus_gapfilled_534,0
Streptococcus gallolyticus_gapfilled_965,0
Streptococcus gallolyticus_gapfilled_725,1
Streptococcus gallolyticus_gapfilled_235,0
Streptococcus gallolyticus_gapfilled_869,0
Streptococcus gallolyticus_gapfilled_472,1
Streptococcus gallolyticus_gapfilled_828,0
Streptococcus gallolyticus_gapfilled_671,0
Streptococcus gallolyticus_gapfilled_121,0
Streptococcus gallolyticus_gapfilled_189,0
Streptococcus gallolyticus_gapfilled_103,0
Streptococcus gallolyticus_gapfilled_31,0
Streptococcus gallolyticus_gapfilled_760,1
Streptococcus gallolyticus_gapfilled_586,1
Streptococcus gallolyticus_gapfilled_389,1
Streptococcus gallolyticus_gapfilled_954,1
Streptococcus gallolyticus_gapfilled_813,0
Streptococcus gallolyticus_gapfilled_37,0
Streptococcus gallolyticus_gapfilled_574,0
Streptococcus gallolyticus_gapfilled_932,0
Streptococcus gallolyticus_gapfilled_609,0
Streptococcus gallolyticus_gapfilled_186,0
Streptococcus gallolyticus_gapfilled_175,1
Streptococcus gallolyticus_gapfilled_732,1
Streptococcus gallolyticus_gapfilled_629,0
Streptococcus gallolyticus_gapfilled_90,1
Streptococcus gallolyticus_gapfilled_177,0
Streptococcus gallolyticus_gapfilled_843,0
Streptococcus gallolyticus_gapfilled_602,1
Streptococcus gallolyticus_gapfilled_438,0
Streptococcus gallolyticus_gapfilled_329,1
Streptococcus gallolyticus_gapfilled_388,0
Streptococcus gallolyticus_gapfilled_284,0
Streptococcus gallolyticus_gapfilled_126,0
Streptococcus gallolyticus_gapfilled_826,0
Streptococcus gallolyticus_gapfilled_171,1
Streptococcus gallolyticus_gapfilled_873,0
Streptococcus gallolyticus_gapfilled_100,0
Streptococcus gallolyticus_gapfilled_4,1
Streptococcus gallolyticus_gapfilled_979,1
Streptococcus gallolyticus_gapfilled_517,0
Streptococcus gallolyticus_gapfilled_128,0
Streptococcus gallolyticus_gapfilled_982,1
Streptococcus gallolyticus_gapfilled_941,0
Streptococcus gallolyticus_gapfilled_201,0
Streptococcus gallolyticus_gapfilled_774,0
Streptococcus gallolyticus_gapfilled_25,0
Streptococcus gallolyticus_gapfilled_321,0
Streptococcus gallolyticus_gapfilled_914,1
Streptococcus gallolyticus_gapfilled_457,0
Streptococcus gallolyticus_gapfilled_754,0
Streptococcus gallolyticus_gapfilled_745,1
Streptococcus gallolyticus_gapfilled_561,0
Streptococcus gallolyticus_gapfilled_306,1
Streptococcus gallolyticus_gapfilled_502,0
Streptococcus gallolyticus_gapfilled_970,0
Streptococcus gallolyticus_gapfilled_975,1
Streptococcus gallolyticus_gapfilled_432,0
Streptococcus gallolyticus_gapfilled_12,0
Streptococcus gallolyticus_gapfilled_512,0
Streptococcus gallolyticus_gapfilled_492,1
Streptococcus gallolyticus_gapfilled_188,0
Streptococcus gallolyticus_gapfilled_988,0
Streptococcus gallolyticus_gapfilled_198,1
Streptococcus gallolyticus_gapfilled_207,0
Streptococcus gallolyticus_gapfilled_449,0
Streptococcus gallolyticus_gapfilled_634,1
Streptococcus gallolyticus_gapfilled_430,0
Streptococcus gallolyticus_gapfilled_995,1
Streptococcus gallolyticus_gapfilled_291,0
Streptococcus gallolyticus_gapfilled_905,0
Streptococcus gallolyticus_gapfilled_110,1
Streptococcus gallolyticus_gapfilled_10,1
Streptococcus gallolyticus_gapfilled_307,0
Streptococcus gallolyticus_gapfilled_784,0
Streptococcus gallolyticus_gapfilled_303,1
Streptococcus gallolyticus_gapfilled_632,1
Streptococcus gallolyticus_gapfilled_399,0
Streptococcus gallolyticus_gapfilled_913,1
Streptococcus gallolyticus_gapfilled_919,0
Streptococcus gallolyticus_gapfilled_501,1
Streptococcus gallolyticus_gapfilled_956,0
Streptococcus gallolyticus_gapfilled_184,0
Streptococcus gallolyticus_gapfilled_786,0
Streptococcus gallolyticus_gapfilled_64,1
Streptococcus gallolyticus_gapfilled_803,0
Streptococcus gallolyticus_gapfilled_181,0
Streptococcus gallolyticus_gapfilled_827,0
Streptococcus gallolyticus_gapfilled_96,0
Streptococcus gallolyticus_gapfilled_960,0
Streptococcus gallolyticus_gapfilled_957,0
Streptococcus gallolyticus_gapfilled_237,0
Streptococcus gallolyticus_gapfilled_710,0
Streptococcus gallolyticus_gapfilled_497,0
Streptococcus gallolyticus_gapfilled_2,1
Streptococcus gallolyticus_gapfilled_0,1
Streptococcus gallolyticus_gapfilled_70,0
Streptococcus gallolyticus_gapfilled_120,0
Streptococcus gallolyticus_gapfilled_364,0
Streptococcus gallolyticus_gapfilled_351,0
Streptococcus gallolyticus_gapfilled_421,0
Streptococcus gallolyticus_gapfilled_527,0
Streptococcus gallolyticus_gapfilled_56,1
Streptococcus gallolyticus_gapfilled_748,0
Streptococcus gallolyticus_gapfilled_459,0
Streptococcus gallolyticus_gapfilled_927,0
Streptococcus gallolyticus_gapfilled_35,0
Streptococcus gallolyticus_gapfilled_888,1
Streptococcus gallolyticus_gapfilled_551,1
Streptococcus gallolyticus_gapfilled_929,0
Streptococcus gallolyticus_gapfilled_277,0
Streptococcus gallolyticus_gapfilled_801,0
Streptococcus gallolyticus_gapfilled_413,1
Streptococcus gallolyticus_gapfilled_590,0
Streptococcus gallolyticus_gapfilled_124,1
Streptococcus gallolyticus_gapfilled_162,0
Streptococcus gallolyticus_gapfilled_606,1
Streptococcus gallolyticus_gapfilled_77,0
Streptococcus gallolyticus_gapfilled_29,0
Streptococcus gallolyticus_gapfilled_290,0
Streptococcus gallolyticus_gapfilled_420,1
Streptococcus gallolyticus_gapfilled_381,0
Streptococcus gallolyticus_gapfilled_331,1
Streptococcus gallolyticus_gapfilled_192,0
Streptococcus gallolyticus_gapfilled_324,0
Streptococcus gallolyticus_gapfilled_817,0
Streptococcus gallolyticus_gapfilled_345,1
Streptococcus gallolyticus_gapfilled_648,0
Streptococcus gallolyticus_gapfilled_483,1
Streptococcus gallolyticus_gapfilled_743,1
Streptococcus gallolyticus_gapfilled_360,1
Streptococcus gallolyticus_gapfilled_208,0
Streptococcus gallolyticus_gapfilled_726,0
Streptococcus gallolyticus_gapfilled_140,0
Streptococcus gallolyticus_gapfilled_83,1
Streptococcus gallolyticus_gapfilled_955,0
Streptococcus gallolyticus_gapfilled_84,0
Streptococcus gallolyticus_gapfilled_108,1
Streptococcus gallolyticus_gapfilled_940,1
Streptococcus gallolyticus_gapfilled_782,0
Streptococcus gallolyticus_gapfilled_926,1
Streptococcus gallolyticus_gapfilled_46,0
Streptococcus gallolyticus_gapfilled_668,0
Streptococcus gallolyticus_gapfilled_85,0
Streptococcus gallolyticus_gapfilled_150,1
Streptococcus gallolyticus_gapfilled_795,1
Streptococcus gallolyticus_gapfilled_538,0
Streptococcus gallolyticus_gapfilled_525,0
Streptococcus gallolyticus_gapfilled_443,0
Streptococcus gallolyticus_gapfilled_820,1
Streptococcus gallolyticus_gapfilled_102,1
Streptococcus gallolyticus_gapfilled_645,0
Streptococcus gallolyticus_gapfilled_812,0
Streptococcus gallolyticus_gapfilled_853,0
Streptococcus gallolyticus_gapfilled_916,0
Streptococcus gallolyticus_gapfilled_610,1
Streptococcus gallolyticus_gapfilled_901,0
Streptococcus gallolyticus_gapfilled_476,0
Streptococcus gallolyticus_gapfilled_847,0
Streptococcus gallolyticus_gapfilled_686,0
Streptococcus gallolyticus_gapfilled_851,0
Streptococcus gallolyticus_gapfilled_864,0
Streptococcus gallolyticus_gapfilled_958,0
Streptococcus gallolyticus_gapfilled_398,0
Streptococcus gallolyticus_gapfilled_649,1
Streptococcus gallolyticus_gapfilled_573,0
Streptococcus gallolyticus_gapfilled_961,1
Streptococcus gallolyticus_gapfilled_915,0
Streptococcus gallolyticus_gapfilled_938,0
Streptococcus gallolyticus_gapfilled_539,1
Streptococcus gallolyticus_gapfilled_863,1
Streptococcus gallolyticus_gapfilled_34,0
Streptococcus gallolyticus_gapfilled_937,1
Streptococcus gallolyticus_gapfilled_505,0
Streptococcus gallolyticus_gapfilled_246,0
Streptococcus gallolyticus_gapfilled_210,0
