Streptococcus oralis_gapfilled_657,0
Streptococcus oralis_gapfilled_867,0
Streptococcus oralis_gapfilled_880,0
Streptococcus oralis_gapfilled_243,0
Streptococcus oralis_gapfilled_930,0
Streptococcus oralis_gapfilled_626,1
Streptococcus oralis_gapfilled_631,1
Streptococcus oralis_gapfilled_457,0
Streptococcus oralis_gapfilled_127,0
Streptococcus oralis_gapfilled_988,0
Streptococcus oralis_gapfilled_178,0
Streptococcus oralis_gapfilled_607,0
Streptococcus oralis_gapfilled_629,0
Streptococcus oralis_gapfilled_180,0
Streptococcus oralis_gapfilled_362,0
Streptococcus oralis_gapfilled_855,0
Streptococcus oralis_gapfilled_414,0
Streptococcus oralis_gapfilled_916,0
Streptococcus oralis_gapfilled_823,1
Streptococcus oralis_gapfilled_468,0
Streptococcus oralis_gapfilled_762,1
Streptococcus oralis_gapfilled_106,1
Streptococcus oralis_gapfilled_979,1
Streptococcus oralis_gapfilled_974,1
Streptococcus oralis_gapfilled_359,1
Streptococcus oralis_gapfilled_755,0
Streptococcus oralis_gapfilled_700,0
Streptococcus oralis_gapfilled_355,0
Streptococcus oralis_gapfilled_21,0
Streptococcus oralis_gapfilled_419,0
Streptococcus oralis_gapfilled_859,0
Streptococcus oralis_gapfilled_70,0
Streptococcus oralis_gapfilled_540,0
Streptococcus oralis_gapfilled_534,0
Streptococcus oralis_gapfilled_893,0
Streptococcus oralis_gapfilled_686,0
Streptococcus oralis_gapfilled_959,0
Streptococcus oralis_gapfilled_265,1
Streptococcus oralis_gapfilled_518,0
Streptococcus oralis_gapfilled_774,0
Streptococcus oralis_gapfilled_772,0
Streptococcus oralis_gapfilled_878,0
Streptococcus oralis_gapfilled_883,0
Streptococcus oralis_gapfilled_287,0
Streptococcus oralis_gapfilled_363,0
Streptococcus oralis_gapfilled_860,0
Streptococcus oralis_gapfilled_794,0
Streptococcus oralis_gapfilled_909,0
Streptococcus oralis_gapfilled_764,0
Streptococcus oralis_gapfilled_22,0
Streptococcus oralis_gapfilled_886,0
Streptococcus oralis_gapfilled_487,0
Streptococcus oralis_gapfilled_899,0
Streptococcus oralis_gapfilled_69,0
Streptococcus oralis_gapfilled_222,0
Streptococcus oralis_gapfilled_556,1
Streptococcus oralis_gapfilled_669,0
Streptococcus oralis_gapfilled_480,0
Streptococcus oralis_gapfilled_460,1
Streptococcus oralis_gapfilled_351,0
Streptococcus oralis_gapfilled_890,0
Streptococcus oralis_gapfilled_333,0
Streptococcus oralis_gapfilled_517,1
Streptococcus oralis_gapfilled_852,0
Streptococcus oralis_gapfilled_276,1
Streptococcus oralis_gapfilled_385,1
Streptococcus oralis_gapfilled_536,1
Streptococcus oralis_gapfilled_24,1
Streptococcus oralis_gapfilled_424,0
Streptococcus oralis_gapfilled_499,0
Streptococcus oralis_gapfilled_539,0
Streptococcus oralis_gapfilled_237,0
Streptococcus oralis_gapfilled_462,1
Streptococcus oralis_gapfilled_925,0
Streptococcus oralis_gapfilled_617,0
Streptococcus oralis_gapfilled_694,0
Streptococcus oralis_gapfilled_323,0
Streptococcus oralis_gapfilled_507,0
Streptococcus oralis_gapfilled_459,0
Streptococcus oralis_gapfilled_472,0
Streptococcus oralis_gapfilled_458,0
Streptococcus oralis_gapfilled_382,0
Streptococcus oralis_gapfilled_717,0
Streptococcus oralis_gapfilled_573,0
Streptococcus oralis_gapfilled_696,0
Streptococcus oralis_gapfilled_264,0
Streptococcus oralis_gapfilled_239,1
Streptococcus oralis_gapfilled_113,0
Streptococcus oralis_gapfilled_28,1
Streptococcus oralis_gapfilled_831,0
Streptococcus oralis_gapfilled_63,0
Streptococcus oralis_gapfilled_634,0
Streptococcus oralis_gapfilled_497,0
Streptococcus oralis_gapfilled_527,0
Streptococcus oralis_gapfilled_7,0
Streptococcus oralis_gapfilled_498,0
Streptococcus oralis_gapfilled_438,0
Streptococcus oralis_gapfilled_234,0
Streptococcus oralis_gapfilled_973,0
Streptococcus oralis_gapfilled_512,1
Streptococcus oralis_gapfilled_491,0
Streptococcus oralis_gapfilled_439,1
Streptococcus oralis_gapfilled_849,0
Streptococcus oralis_gapfilled_136,0
Streptococcus oralis_gapfilled_620,0
Streptococcus oralis_gapfilled_685,0
Streptococcus oralis_gapfilled_338,1
Streptococcus oralis_gapfilled_100,0
Streptococcus oralis_gapfilled_469,0
Streptococcus oralis_gapfilled_56,0
Streptococcus oralis_gapfilled_330,0
Streptococcus oralis_gapfilled_252,0
Streptococcus oralis_gapfilled_298,1
Streptococcus oralis_gapfilled_55,0
Streptococcus oralis_gapfilled_86,0
Streptococcus oralis_gapfilled_894,0
Streptococcus oralis_gapfilled_429,0
Streptococcus oralis_gapfilled_341,1
Streptococcus oralis_gapfilled_157,0
Streptococcus oralis_gapfilled_680,0
Streptococcus oralis_gapfilled_566,0
Streptococcus oralis_gapfilled_814,0
Streptococcus oralis_gapfilled_648,0
Streptococcus oralis_gapfilled_913,0
Streptococcus oralis_gapfilled_837,1
Streptococcus oralis_gapfilled_678,0
Streptococcus oralis_gapfilled_98,0
Streptococcus oralis_gapfilled_291,0
Streptococcus oralis_gapfilled_502,0
Streptococcus oralis_gapfilled_475,0
Streptococcus oralis_gapfilled_140,0
Streptococcus oralis_gapfilled_778,1
Streptococcus oralis_gapfilled_989,0
Streptococcus oralis_gapfilled_268,0
Streptococcus oralis_gapfilled_551,0
Streptococcus oralis_gapfilled_692,0
Streptococcus oralis_gapfilled_980,0
Streptococcus oralis_gapfilled_799,0
Streptococcus oralis_gapfilled_371,1
Streptococcus oralis_gapfilled_892,0
Streptococcus oralis_gapfilled_370,0
Streptococcus oralis_gapfilled_905,0
Streptococcus oralis_gapfilled_545,0
Streptococcus oralis_gapfilled_78,0
Streptococcus oralis_gapfilled_436,0
Streptococcus oralis_gapfilled_493,1
Streptococcus oralis_gapfilled_67,0
Streptococcus oralis_gapfilled_384,0
Streptococcus oralis_gapfilled_31,0
Streptococcus oralis_gapfilled_639,1
Streptococcus oralis_gapfilled_26,0
Streptococcus oralis_gapfilled_57,0
Streptococcus oralis_gapfilled_795,0
Streptococcus oralis_gapfilled_710,0
Streptococcus oralis_gapfilled_818,0
Streptococcus oralis_gapfilled_393,0
Streptococcus oralis_gapfilled_543,0
Streptococcus oralis_gapfilled_473,0
Streptococcus oralis_gapfilled_72,0
Streptococcus oralis_gapfilled_91,0
Streptococcus oralis_gapfilled_577,0
Streptococcus oralis_gapfilled_400,0
Streptococcus oralis_gapfilled_802,1
Streptococcus oralis_gapfilled_937,0
Streptococcus oralis_gapfilled_931,0
Streptococcus oralis_gapfilled_995,1
Streptococcus oralis_gapfilled_128,0
Streptococcus oralis_gapfilled_334,0
Streptococcus oralis_gapfilled_328,0
Streptococcus oralis_gapfilled_464,0
Streptococcus oralis_gapfilled_292,1
Streptococcus oralis_gapfilled_586,0
Streptococcus oralis_gapfilled_453,0
Streptococcus oralis_gapfilled_579,0
Streptococcus oralis_gapfilled_233,0
Streptococcus oralis_gapfilled_255,1
Streptococcus oralis_gapfilled_303,0
Streptococcus oralis_gapfilled_721,0
Streptococcus oralis_gapfilled_196,0
Streptococcus oralis_gapfilled_389,1
Streptococcus oralis_gapfilled_520,0
Streptococcus oralis_gapfilled_210,0
Streptococcus oralis_gapfilled_691,0
Streptococcus oralis_gapfilled_441,1
Streptococcus oralis_gapfilled_43,0
Streptococcus oralis_gapfilled_61,0
Streptococcus oralis_gapfilled_817,0
Streptococcus oralis_gapfilled_600,0
Streptococcus oralis_gapfilled_386,1
Streptococcus oralis_gapfilled_13,0
Streptococcus oralis_gapfilled_558,0
Streptococcus oralis_gapfilled_596,0
Streptococcus oralis_gapfilled_896,1
Streptococcus oralis_gapfilled_198,0
Streptococcus oralis_gapfilled_524,0
Streptococcus oralis_gapfilled_316,1
Streptococcus oralis_gapfilled_610,1
Streptococcus oralis_gapfilled_670,1
Streptococcus oralis_gapfilled_388,0
Streptococcus oralis_gapfilled_590,0
Streptococcus oralis_gapfilled_813,1
Streptococcus oralis_gapfilled_295,0
Streptococcus oralis_gapfilled_38,0
Streptococcus oralis_gapfilled_1,0
Streptococcus oralis_gapfilled_939,1
Streptococcus oralis_gapfilled_115,0
Streptococcus oralis_gapfilled_964,0
Streptococcus oralis_gapfilled_331,0
Streptococcus oralis_gapfilled_305,0
Streptococcus oralis_gapfilled_557,0
Streptococcus oralis_gapfilled_646,0
Streptococcus oralis_gapfilled_121,0
Streptococcus oralis_gapfilled_161,1
Streptococcus oralis_gapfilled_962,1
Streptococcus oralis_gapfilled_466,0
Streptococcus oralis_gapfilled_608,0
Streptococcus oralis_gapfilled_135,0
Streptococcus oralis_gapfilled_432,1
Streptococcus oralis_gapfilled_766,0
Streptococcus oralis_gapfilled_652,1
Streptococcus oralis_gapfilled_725,0
Streptococcus oralis_gapfilled_225,0
Streptococcus oralis_gapfilled_195,0
Streptococcus oralis_gapfilled_908,0
Streptococcus oralis_gapfilled_203,0
Streptococcus oralis_gapfilled_928,0
Streptococcus oralis_gapfilled_169,0
Streptococcus oralis_gapfilled_990,0
Streptococcus oralis_gapfilled_256,0
Streptococcus oralis_gapfilled_476,0
Streptococcus oralis_gapfilled_513,0
Streptococcus oralis_gapfilled_949,0
Streptococcus oralis_gapfilled_434,0
Streptococcus oralis_gapfilled_731,0
Streptococcus oralis_gapfilled_81,0
Streptococcus oralis_gapfilled_261,0
Streptococcus oralis_gapfilled_847,0
Streptococcus oralis_gapfilled_456,0
Streptococcus oralis_gapfilled_467,0
Streptococcus oralis_gapfilled_835,0
Streptococcus oralis_gapfilled_955,0
Streptococcus oralis_gapfilled_929,1
Streptococcus oralis_gapfilled_549,0
Streptococcus oralis_gapfilled_172,0
Streptococcus oralis_gapfilled_525,0
Streptococcus oralis_gapfilled_47,0
Streptococcus oralis_gapfilled_343,0
Streptococcus oralis_gapfilled_238,0
Streptococcus oralis_gapfilled_299,0
Streptococcus oralis_gapfilled_844,0
Streptococcus oralis_gapfilled_757,1
Streptococcus oralis_gapfilled_484,0
Streptococcus oralis_gapfilled_638,0
Streptococcus oralis_gapfilled_824,0
Streptococcus oralis_gapfilled_312,1
Streptococcus oralis_gapfilled_676,0
Streptococcus oralis_gapfilled_68,1
Streptococcus oralis_gapfilled_749,0
Streptococcus oralis_gapfilled_152,1
Streptococcus oralis_gapfilled_841,1
Streptococcus oralis_gapfilled_223,0
Streptococcus oralis_gapfilled_521,1
Streptococcus oralis_gapfilled_368,0
Streptococcus oralis_gapfilled_911,0
Streptococcus oralis_gapfilled_968,0
Streptococcus oralis_gapfilled_688,0
Streptococcus oralis_gapfilled_630,0
Streptococcus oralis_gapfilled_153,0
Streptococcus oralis_gapfilled_640,0
Streptococcus oralis_gapfilled_19,1
Streptococcus oralis_gapfilled_442,0
Streptococcus oralis_gapfilled_741,0
Streptococcus oralis_gapfilled_44,0
Streptococcus oralis_gapfilled_302,0
Streptococcus oralis_gapfilled_306,0
Streptococcus oralis_gapfilled_319,0
Streptococcus oralis_gapfilled_901,0
Streptococcus oralis_gapfilled_950,0
Streptococcus oralis_gapfilled_954,0
Streptococcus oralis_gapfilled_150,0
Streptococcus oralis_gapfilled_651,1
Streptococcus oralis_gapfilled_602,1
Streptococcus oralis_gapfilled_850,1
Streptococcus oralis_gapfilled_745,0
Streptococcus oralis_gapfilled_991,0
Streptococcus oralis_gapfilled_871,0
Streptococcus oralis_gapfilled_477,0
Streptococcus oralis_gapfilled_360,0
Streptococcus oralis_gapfilled_170,1
Streptococcus oralis_gapfilled_553,0
Streptococcus oralis_gapfilled_946,0
Streptococcus oralis_gapfilled_405,0
Streptococcus oralis_gapfilled_839,0
Streptococcus oralis_gapfilled_571,0
Streptococcus oralis_gapfilled_565,1
Streptococcus oralis_gapfilled_588,0
Streptococcus oralis_gapfilled_471,0
Streptococcus oralis_gapfilled_356,0
Streptococcus oralis_gapfilled_843,0
Streptococcus oralis_gapfilled_482,0
Streptococcus oralis_gapfilled_845,1
Streptococcus oralis_gapfilled_288,0
Streptococcus oralis_gapfilled_819,1
Streptococcus oralis_gapfilled_483,0
Streptococcus oralis_gapfilled_922,1
Streptococcus oralis_gapfilled_147,0
Streptococcus oralis_gapfilled_532,0
Streptococcus oralis_gapfilled_982,0
Streptococcus oralis_gapfilled_940,1
Streptococcus oralis_gapfilled_624,0
Streptococcus oralis_gapfilled_11,1
Streptococcus oralis_gapfilled_935,0
Streptococcus oralis_gapfilled_597,0
Streptococcus oralis_gapfilled_159,0
Streptococcus oralis_gapfilled_25,0
Streptococcus oralis_gapfilled_876,0
Streptococcus oralis_gapfilled_738,1
Streptococcus oralis_gapfilled_848,0
Streptococcus oralis_gapfilled_944,1
Streptococcus oralis_gapfilled_407,0
Streptococcus oralis_gapfilled_801,0
Streptococcus oralis_gapfilled_241,0
Streptococcus oralis_gapfilled_853,1
Streptococcus oralis_gapfilled_2,1
Streptococcus oralis_gapfilled_387,0
Streptococcus oralis_gapfilled_217,1
Streptococcus oralis_gapfilled_357,1
Streptococcus oralis_gapfilled_580,0
Streptococcus oralis_gapfilled_703,1
Streptococcus oralis_gapfilled_803,1
Streptococcus oralis_gapfilled_294,0
Streptococcus oralis_gapfilled_495,1
Streptococcus oralis_gapfilled_34,0
Streptococcus oralis_gapfilled_503,0
Streptococcus oralis_gapfilled_310,0
Streptococcus oralis_gapfilled_936,0
Streptococcus oralis_gapfilled_868,0
Streptococcus oralis_gapfilled_655,0
Streptococcus oralis_gapfilled_375,0
Streptococcus oralis_gapfilled_300,1
Streptococcus oralis_gapfilled_354,1
Streptococcus oralis_gapfilled_320,0
Streptococcus oralis_gapfilled_406,0
Streptococcus oralis_gapfilled_311,1
Streptococcus oralis_gapfilled_176,0
Streptococcus oralis_gapfilled_747,0
Streptococcus oralis_gapfilled_189,0
Streptococcus oralis_gapfilled_283,1
Streptococcus oralis_gapfilled_109,0
Streptococcus oralis_gapfilled_324,1
Streptococcus oralis_gapfilled_137,0
Streptococcus oralis_gapfilled_945,1
Streptococcus oralis_gapfilled_986,1
Streptococcus oralis_gapfilled_915,0
Streptococcus oralis_gapfilled_209,0
Streptococcus oralis_gapfilled_346,1
Streptococcus oralis_gapfilled_267,0
Streptococcus oralis_gapfilled_826,0
Streptococcus oralis_gapfilled_226,0
Streptococcus oralis_gapfilled_857,0
Streptococcus oralis_gapfilled_623,0
Streptococcus oralis_gapfilled_89,0
Streptococcus oralis_gapfilled_888,0
Streptococcus oralis_gapfilled_41,0
Streptococcus oralis_gapfilled_683,0
Streptococcus oralis_gapfilled_919,1
Streptococcus oralis_gapfilled_353,0
Streptococcus oralis_gapfilled_53,1
Streptococcus oralis_gapfilled_547,0
Streptococcus oralis_gapfilled_769,0
Streptococcus oralis_gapfilled_30,0
Streptococcus oralis_gapfilled_168,0
Streptococcus oralis_gapfilled_771,0
Streptococcus oralis_gapfilled_49,1
Streptococcus oralis_gapfilled_247,0
Streptococcus oralis_gapfilled_296,0
Streptococcus oralis_gapfilled_332,0
Streptococcus oralis_gapfilled_395,0
Streptococcus oralis_gapfilled_16,0
Streptococcus oralis_gapfilled_273,0
Streptococcus oralis_gapfilled_260,1
Streptococcus oralis_gapfilled_969,1
Streptococcus oralis_gapfilled_74,0
Streptococcus oralis_gapfilled_723,0
Streptococcus oralis_gapfilled_522,1
Streptococcus oralis_gapfilled_58,1
Streptococcus oralis_gapfilled_416,0
Streptococcus oralis_gapfilled_194,0
Streptococcus oralis_gapfilled_122,0
Streptococcus oralis_gapfilled_155,0
Streptococcus oralis_gapfilled_515,0
Streptococcus oralis_gapfilled_733,0
Streptococcus oralis_gapfilled_914,0
Streptococcus oralis_gapfilled_759,0
Streptococcus oralis_gapfilled_776,1
Streptococcus oralis_gapfilled_188,1
Streptococcus oralis_gapfilled_790,0
Streptococcus oralis_gapfilled_695,0
Streptococcus oralis_gapfilled_546,0
Streptococcus oralis_gapfilled_815,0
Streptococcus oralis_gapfilled_383,0
Streptococcus oralis_gapfilled_658,1
Streptococcus oralis_gapfilled_40,0
Streptococcus oralis_gapfilled_84,1
Streptococcus oralis_gapfilled_501,0
Streptococcus oralis_gapfilled_585,0
Streptococcus oralis_gapfilled_336,0
Streptococcus oralis_gapfilled_156,0
Streptococcus oralis_gapfilled_720,0
Streptococcus oralis_gapfilled_567,1
Streptococcus oralis_gapfilled_869,0
Streptococcus oralis_gapfilled_52,0
Streptococcus oralis_gapfilled_564,0
Streptococcus oralis_gapfilled_576,0
Streptococcus oralis_gapfilled_396,1
Streptococcus oralis_gapfilled_864,0
Streptococcus oralis_gapfilled_583,0
Streptococcus oralis_gapfilled_544,0
Streptococcus oralis_gapfilled_42,0
Streptococcus oralis_gapfilled_6,0
Streptococcus oralis_gapfilled_666,0
Streptococcus oralis_gapfilled_628,0
Streptococcus oralis_gapfilled_174,0
Streptococcus oralis_gapfilled_449,0
Streptococcus oralis_gapfilled_679,0
Streptococcus oralis_gapfilled_671,0
Streptococcus oralis_gapfilled_398,1
Streptococcus oralis_gapfilled_257,0
Streptococcus oralis_gapfilled_230,0
Streptococcus oralis_gapfilled_541,1
Streptococcus oralis_gapfilled_603,0
Streptococcus oralis_gapfilled_125,1
Streptococcus oralis_gapfilled_756,0
Streptococcus oralis_gapfilled_606,1
Streptococcus oralis_gapfilled_861,1
Streptococcus oralis_gapfilled_595,0
Streptococcus oralis_gapfilled_229,0
Streptococcus oralis_gapfilled_102,1
Streptococcus oralis_gapfilled_811,0
Streptococcus oralis_gapfilled_753,1
Streptococcus oralis_gapfilled_411,0
Streptococcus oralis_gapfilled_284,0
Streptococcus oralis_gapfilled_900,1
Streptococcus oralis_gapfilled_82,0
Streptococcus oralis_gapfilled_132,0
Streptococcus oralis_gapfilled_103,1
Streptococcus oralis_gapfilled_422,0
Streptococcus oralis_gapfilled_713,0
Streptococcus oralis_gapfilled_765,0
Streptococcus oralis_gapfilled_197,0
Streptococcus oralis_gapfilled_538,0
Streptococcus oralis_gapfilled_101,0
Streptococcus oralis_gapfilled_139,1
Streptococcus oralis_gapfilled_430,0
Streptococcus oralis_gapfilled_259,0
Streptococcus oralis_gapfilled_761,1
Streptococcus oralis_gapfilled_674,0
Streptococcus oralis_gapfilled_427,0
Streptococcus oralis_gapfilled_447,0
Streptococcus oralis_gapfilled_672,0
Streptococcus oralis_gapfilled_309,0
Streptococcus oralis_gapfilled_258,1
Streptococcus oralis_gapfilled_191,0
Streptococcus oralis_gapfilled_17,0
Streptococcus oralis_gapfilled_96,0
Streptococcus oralis_gapfilled_212,1
Streptococcus oralis_gapfilled_3,0
Streptococcus oralis_gapfilled_963,0
Streptococcus oralis_gapfilled_220,0
Streptococcus oralis_gapfilled_0,1
Streptococcus oralis_gapfilled_752,0
Streptococcus oralis_gapfilled_286,0
Streptococcus oralis_gapfilled_83,0
Streptococcus oralis_gapfilled_791,0
Streptococcus oralis_gapfilled_619,0
Streptococcus oralis_gapfilled_863,0
Streptococcus oralis_gapfilled_519,1
Streptococcus oralis_gapfilled_960,0
Streptococcus oralis_gapfilled_985,0
Streptococcus oralis_gapfilled_763,1
Streptococcus oralis_gapfilled_788,0
Streptococcus oralis_gapfilled_704,0
Streptococcus oralis_gapfilled_190,0
Streptococcus oralis_gapfilled_662,0
Streptococcus oralis_gapfilled_884,0
Streptococcus oralis_gapfilled_647,0
Streptococcus oralis_gapfilled_659,0
Streptococcus oralis_gapfilled_505,0
Streptococcus oralis_gapfilled_822,0
Streptococcus oralis_gapfilled_897,0
Streptococcus oralis_gapfilled_510,0
Streptococcus oralis_gapfilled_143,0
Streptococcus oralis_gapfilled_582,0
Streptococcus oralis_gapfilled_228,0
Streptococcus oralis_gapfilled_687,0
Streptococcus oralis_gapfilled_179,0
Streptococcus oralis_gapfilled_71,0
Streptococcus oralis_gapfilled_437,0
Streptococcus oralis_gapfilled_758,0
Streptococcus oralis_gapfilled_872,0
Streptococcus oralis_gapfilled_677,0
Streptococcus oralis_gapfilled_245,0
Streptococcus oralis_gapfilled_9,1
Streptococcus oralis_gapfilled_727,0
Streptococcus oralis_gapfilled_12,0
Streptococcus oralis_gapfilled_958,0
Streptococcus oralis_gapfilled_523,1
Streptococcus oralis_gapfilled_609,0
Streptococcus oralis_gapfilled_374,0
Streptococcus oralis_gapfilled_461,0
Streptococcus oralis_gapfilled_599,0
Streptococcus oralis_gapfilled_675,1
Streptococcus oralis_gapfilled_589,1
Streptococcus oralis_gapfilled_408,0
Streptococcus oralis_gapfilled_983,1
Streptococcus oralis_gapfilled_992,1
Streptococcus oralis_gapfilled_199,0
Streptococcus oralis_gapfilled_185,1
Streptococcus oralis_gapfilled_251,0
Streptococcus oralis_gapfilled_970,0
Streptococcus oralis_gapfilled_750,0
Streptococcus oralis_gapfilled_581,0
Streptococcus oralis_gapfilled_832,1
Streptococcus oralis_gapfilled_394,0
Streptococcus oralis_gapfilled_821,0
Streptococcus oralis_gapfilled_50,1
Streptococcus oralis_gapfilled_218,0
Streptococcus oralis_gapfilled_365,0
Streptococcus oralis_gapfilled_526,0
Streptococcus oralis_gapfilled_782,1
Streptococcus oralis_gapfilled_99,0
Streptococcus oralis_gapfilled_105,0
Streptococcus oralis_gapfilled_736,0
Streptococcus oralis_gapfilled_737,0
Streptococcus oralis_gapfilled_280,0
Streptococcus oralis_gapfilled_112,1
Streptococcus oralis_gapfilled_232,0
Streptococcus oralis_gapfilled_500,0
Streptococcus oralis_gapfilled_987,0
Streptococcus oralis_gapfilled_318,0
Streptococcus oralis_gapfilled_62,0
Streptococcus oralis_gapfilled_85,0
Streptococcus oralis_gapfilled_786,0
Streptococcus oralis_gapfilled_126,0
Streptococcus oralis_gapfilled_856,0
Streptococcus oralis_gapfilled_635,0
Streptococcus oralis_gapfilled_73,0
Streptococcus oralis_gapfilled_836,1
Streptococcus oralis_gapfilled_162,0
Streptococcus oralis_gapfilled_77,0
Streptococcus oralis_gapfilled_231,0
Streptococcus oralis_gapfilled_598,1
Streptococcus oralis_gapfilled_391,1
Streptococcus oralis_gapfilled_885,1
Streptococcus oralis_gapfilled_942,0
Streptococcus oralis_gapfilled_18,0
Streptococcus oralis_gapfilled_951,0
Streptococcus oralis_gapfilled_742,1
Streptococcus oralis_gapfilled_978,0
Streptococcus oralis_gapfilled_927,0
Streptococcus oralis_gapfilled_377,0
Streptococcus oralis_gapfilled_88,1
Streptococcus oralis_gapfilled_48,1
Streptococcus oralis_gapfilled_735,1
Streptococcus oralis_gapfilled_443,0
Streptococcus oralis_gapfilled_10,0
Streptococcus oralis_gapfilled_904,1
Streptococcus oralis_gapfilled_654,0
Streptococcus oralis_gapfilled_830,0
Streptococcus oralis_gapfilled_277,0
Streptococcus oralis_gapfilled_410,0
Streptococcus oralis_gapfilled_787,1
Streptococcus oralis_gapfilled_644,1
Streptococcus oralis_gapfilled_392,0
Streptococcus oralis_gapfilled_981,0
Streptococcus oralis_gapfilled_748,0
Streptococcus oralis_gapfilled_873,0
Streptococcus oralis_gapfilled_809,1
Streptococcus oralis_gapfilled_693,0
Streptococcus oralis_gapfilled_554,0
Streptococcus oralis_gapfilled_270,0
Streptococcus oralis_gapfilled_739,0
Streptococcus oralis_gapfilled_591,0
Streptococcus oralis_gapfilled_734,1
Streptococcus oralis_gapfilled_932,0
Streptococcus oralis_gapfilled_701,1
Streptococcus oralis_gapfilled_879,0
Streptococcus oralis_gapfilled_413,0
Streptococcus oralis_gapfilled_227,0
Streptococcus oralis_gapfilled_274,0
Streptococcus oralis_gapfilled_660,0
Streptococcus oralis_gapfilled_455,0
Streptococcus oralis_gapfilled_903,0
Streptococcus oralis_gapfilled_293,0
Streptococcus oralis_gapfilled_266,0
Streptococcus oralis_gapfilled_516,0
Streptococcus oralis_gapfilled_4,0
Streptococcus oralis_gapfilled_36,0
Streptococcus oralis_gapfilled_796,0
Streptococcus oralis_gapfilled_895,1
Streptococcus oralis_gapfilled_141,0
Streptococcus oralis_gapfilled_715,1
Streptococcus oralis_gapfilled_446,0
Streptococcus oralis_gapfilled_934,0
Streptococcus oralis_gapfilled_938,0
Streptococcus oralis_gapfilled_54,1
Streptococcus oralis_gapfilled_842,0
Streptococcus oralis_gapfilled_621,0
Streptococcus oralis_gapfilled_445,0
Streptococcus oralis_gapfilled_851,0
Streptococcus oralis_gapfilled_46,1
Streptococcus oralis_gapfilled_60,0
Streptococcus oralis_gapfilled_325,1
Streptococcus oralis_gapfilled_716,0
Streptococcus oralis_gapfilled_887,1
Streptococcus oralis_gapfilled_415,1
Streptococcus oralis_gapfilled_506,0
Streptococcus oralis_gapfilled_956,0
Streptococcus oralis_gapfilled_290,0
Streptococcus oralis_gapfilled_14,0
Streptococcus oralis_gapfilled_76,0
Streptococcus oralis_gapfilled_996,0
Streptococcus oralis_gapfilled_994,0
Streptococcus oralis_gapfilled_858,0
Streptococcus oralis_gapfilled_478,0
Streptococcus oralis_gapfilled_224,0
Streptococcus oralis_gapfilled_834,0
Streptococcus oralis_gapfilled_65,1
Streptococcus oralis_gapfilled_569,1
Streptococcus oralis_gapfilled_550,0
Streptococcus oralis_gapfilled_806,1
Streptococcus oralis_gapfilled_347,1
Streptococcus oralis_gapfilled_999,1
Streptococcus oralis_gapfilled_563,0
Streptococcus oralis_gapfilled_533,0
Streptococcus oralis_gapfilled_390,0
Streptococcus oralis_gapfilled_966,0
Streptococcus oralis_gapfilled_702,0
Streptococcus oralis_gapfilled_20,0
Streptococcus oralis_gapfilled_898,0
Streptococcus oralis_gapfilled_327,0
Streptococcus oralis_gapfilled_79,0
Streptococcus oralis_gapfilled_798,1
Streptococcus oralis_gapfilled_728,0
Streptococcus oralis_gapfilled_378,0
Streptococcus oralis_gapfilled_593,0
Streptococcus oralis_gapfilled_186,0
Streptococcus oralis_gapfilled_184,0
Streptococcus oralis_gapfilled_163,0
Streptococcus oralis_gapfilled_154,1
Streptococcus oralis_gapfilled_722,0
Streptococcus oralis_gapfilled_854,0
Streptococcus oralis_gapfilled_530,0
Streptococcus oralis_gapfilled_110,0
Streptococcus oralis_gapfilled_773,1
Streptococcus oralis_gapfilled_249,0
Streptococcus oralis_gapfilled_529,0
Streptococcus oralis_gapfilled_781,1
Streptococcus oralis_gapfilled_514,0
Streptococcus oralis_gapfilled_712,0
Streptococcus oralis_gapfilled_933,1
Streptococcus oralis_gapfilled_508,1
Streptococcus oralis_gapfilled_145,0
Streptococcus oralis_gapfilled_297,0
Streptococcus oralis_gapfilled_307,0
Streptococcus oralis_gapfilled_379,1
Streptococcus oralis_gapfilled_367,1
Streptococcus oralis_gapfilled_618,0
Streptococcus oralis_gapfilled_661,1
Streptococcus oralis_gapfilled_740,1
Streptococcus oralis_gapfilled_304,0
Streptococcus oralis_gapfilled_537,0
Streptococcus oralis_gapfilled_423,0
Streptococcus oralis_gapfilled_51,0
Streptococcus oralis_gapfilled_492,0
Streptococcus oralis_gapfilled_777,0
Streptococcus oralis_gapfilled_907,0
Streptococcus oralis_gapfilled_409,1
Streptococcus oralis_gapfilled_373,0
Streptococcus oralis_gapfilled_148,0
Streptococcus oralis_gapfilled_93,0
Streptococcus oralis_gapfilled_891,1
Streptococcus oralis_gapfilled_779,0
Streptococcus oralis_gapfilled_689,0
Streptococcus oralis_gapfilled_953,0
Streptococcus oralis_gapfilled_205,0
Streptococcus oralis_gapfilled_993,0
Streptococcus oralis_gapfilled_138,0
Streptococcus oralis_gapfilled_165,0
Streptococcus oralis_gapfilled_118,1
Streptococcus oralis_gapfilled_917,1
Streptococcus oralis_gapfilled_345,0
Streptococcus oralis_gapfilled_504,0
Streptococcus oralis_gapfilled_509,1
Streptococcus oralis_gapfilled_810,0
Streptococcus oralis_gapfilled_972,1
Streptococcus oralis_gapfilled_684,0
Streptococcus oralis_gapfilled_977,1
Streptococcus oralis_gapfilled_601,0
Streptococcus oralis_gapfilled_690,0
Streptococcus oralis_gapfilled_833,0
Streptococcus oralis_gapfilled_452,1
Streptococcus oralis_gapfilled_193,0
Streptococcus oralis_gapfilled_246,0
Streptococcus oralis_gapfilled_656,0
Streptococcus oralis_gapfilled_117,1
Streptococcus oralis_gapfilled_616,0
Streptococcus oralis_gapfilled_349,0
Streptococcus oralis_gapfilled_663,0
Streptococcus oralis_gapfilled_975,0
Streptococcus oralis_gapfilled_594,0
Streptococcus oralis_gapfilled_111,1
Streptococcus oralis_gapfilled_699,1
Streptococcus oralis_gapfilled_440,0
Streptococcus oralis_gapfilled_116,0
Streptococcus oralis_gapfilled_364,0
Streptococcus oralis_gapfilled_718,0
Streptococcus oralis_gapfilled_361,0
Streptococcus oralis_gapfilled_200,1
Streptococcus oralis_gapfilled_119,0
Streptococcus oralis_gapfilled_317,0
Streptococcus oralis_gapfilled_604,0
Streptococcus oralis_gapfilled_366,1
Streptococcus oralis_gapfilled_948,0
Streptococcus oralis_gapfilled_313,0
Streptococcus oralis_gapfilled_882,1
Streptococcus oralis_gapfilled_32,0
Streptococcus oralis_gapfilled_489,0
Streptococcus oralis_gapfilled_289,0
Streptococcus oralis_gapfilled_146,0
Streptococcus oralis_gapfilled_23,0
Streptococcus oralis_gapfilled_219,1
Streptococcus oralis_gapfilled_444,0
Streptococcus oralis_gapfilled_242,0
Streptococcus oralis_gapfilled_451,1
Streptococcus oralis_gapfilled_315,1
Streptococcus oralis_gapfilled_559,1
Streptococcus oralis_gapfilled_474,0
Streptococcus oralis_gapfilled_177,0
Streptococcus oralis_gapfilled_124,0
Streptococcus oralis_gapfilled_253,0
Streptococcus oralis_gapfilled_151,1
Streptococcus oralis_gapfilled_123,0
Streptococcus oralis_gapfilled_131,0
Streptococcus oralis_gapfilled_707,1
Streptococcus oralis_gapfilled_39,0
Streptococcus oralis_gapfilled_866,0
Streptococcus oralis_gapfilled_202,1
Streptococcus oralis_gapfilled_171,0
Streptococcus oralis_gapfilled_37,1
Streptococcus oralis_gapfilled_236,0
Streptococcus oralis_gapfilled_714,0
Streptococcus oralis_gapfilled_201,0
Streptococcus oralis_gapfilled_160,0
Streptococcus oralis_gapfilled_584,1
Streptococcus oralis_gapfilled_281,0
Streptococcus oralis_gapfilled_816,0
Streptococcus oralis_gapfilled_775,0
Streptococcus oralis_gapfilled_548,1
Streptococcus oralis_gapfilled_431,0
Streptococcus oralis_gapfilled_173,0
Streptococcus oralis_gapfilled_578,0
Streptococcus oralis_gapfilled_528,0
Streptococcus oralis_gapfilled_613,0
Streptococcus oralis_gapfilled_612,0
Streptococcus oralis_gapfilled_27,1
Streptococcus oralis_gapfilled_574,0
Streptococcus oralis_gapfilled_625,0
Streptococcus oralis_gapfilled_800,0
Streptococcus oralis_gapfilled_828,0
Streptococcus oralis_gapfilled_80,0
Streptococcus oralis_gapfilled_376,0
Streptococcus oralis_gapfilled_275,0
Streptococcus oralis_gapfilled_192,1
Streptococcus oralis_gapfilled_425,1
Streptococcus oralis_gapfilled_75,0
Streptococcus oralis_gapfilled_633,0
Streptococcus oralis_gapfilled_697,0
Streptococcus oralis_gapfilled_29,0
Streptococcus oralis_gapfilled_923,0
Streptococcus oralis_gapfilled_636,1
Streptococcus oralis_gapfilled_380,1
Streptococcus oralis_gapfilled_785,0
Streptococcus oralis_gapfilled_95,0
Streptococcus oralis_gapfilled_812,0
Streptococcus oralis_gapfilled_926,0
Streptococcus oralis_gapfilled_511,0
Streptococcus oralis_gapfilled_104,0
Streptococcus oralis_gapfilled_797,0
Streptococcus oralis_gapfilled_770,0
Streptococcus oralis_gapfilled_889,1
Streptococcus oralis_gapfilled_952,0
Streptococcus oralis_gapfilled_421,0
Streptococcus oralis_gapfilled_369,0
Streptococcus oralis_gapfilled_314,0
Streptococcus oralis_gapfilled_490,0
Streptococcus oralis_gapfilled_308,0
Streptococcus oralis_gapfilled_149,1
Streptococcus oralis_gapfilled_846,0
Streptococcus oralis_gapfilled_724,0
Streptococcus oralis_gapfilled_269,0
Streptococcus oralis_gapfilled_329,0
Streptococcus oralis_gapfilled_746,1
Streptococcus oralis_gapfilled_448,0
Streptococcus oralis_gapfilled_744,0
Streptococcus oralis_gapfilled_263,0
Streptococcus oralis_gapfilled_587,0
Streptococcus oralis_gapfilled_485,0
Streptococcus oralis_gapfilled_272,0
Streptococcus oralis_gapfilled_961,0
Streptococcus oralis_gapfilled_875,0
Streptococcus oralis_gapfilled_910,1
Streptococcus oralis_gapfilled_403,0
Streptococcus oralis_gapfilled_711,0
Streptococcus oralis_gapfilled_552,1
Streptococcus oralis_gapfilled_381,0
Streptococcus oralis_gapfilled_278,1
Streptococcus oralis_gapfilled_282,0
Streptococcus oralis_gapfilled_643,0
Streptococcus oralis_gapfilled_181,0
Streptococcus oralis_gapfilled_976,0
Streptococcus oralis_gapfilled_183,0
Streptococcus oralis_gapfilled_653,0
Streptococcus oralis_gapfilled_732,1
Streptococcus oralis_gapfilled_402,0
Streptococcus oralis_gapfilled_337,0
Streptococcus oralis_gapfilled_326,0
Streptococcus oralis_gapfilled_807,0
Streptococcus oralis_gapfilled_561,0
Streptococcus oralis_gapfilled_535,0
Streptococcus oralis_gapfilled_902,1
Streptococcus oralis_gapfilled_665,0
Streptococcus oralis_gapfilled_8,1
Streptococcus oralis_gapfilled_918,0
Streptococcus oralis_gapfilled_825,0
Streptococcus oralis_gapfilled_321,0
Streptococcus oralis_gapfilled_997,0
Streptococcus oralis_gapfilled_240,0
Streptococcus oralis_gapfilled_751,0
Streptococcus oralis_gapfilled_870,1
Streptococcus oralis_gapfilled_719,0
Streptococcus oralis_gapfilled_984,0
Streptococcus oralis_gapfilled_244,0
Streptococcus oralis_gapfilled_555,0
Streptococcus oralis_gapfilled_344,0
Streptococcus oralis_gapfilled_627,0
Streptococcus oralis_gapfilled_418,1
Streptococcus oralis_gapfilled_358,0
Streptococcus oralis_gapfilled_560,1
Streptococcus oralis_gapfilled_838,0
Streptococcus oralis_gapfilled_463,0
Streptococcus oralis_gapfilled_97,1
Streptococcus oralis_gapfilled_45,0
Streptococcus oralis_gapfilled_372,0
Streptococcus oralis_gapfilled_709,0
Streptococcus oralis_gapfilled_92,0
Streptococcus oralis_gapfilled_342,0
Streptococcus oralis_gapfilled_87,1
Streptococcus oralis_gapfilled_783,1
Streptococcus oralis_gapfilled_572,0
Streptococcus oralis_gapfilled_428,1
Streptococcus oralis_gapfilled_645,0
Streptococcus oralis_gapfilled_789,0
Streptococcus oralis_gapfilled_726,0
Streptococcus oralis_gapfilled_399,1
Streptococcus oralis_gapfilled_64,0
Streptococcus oralis_gapfilled_906,0
Streptococcus oralis_gapfilled_235,0
Streptococcus oralis_gapfilled_682,0
Streptococcus oralis_gapfilled_920,1
Streptococcus oralis_gapfilled_158,0
Streptococcus oralis_gapfilled_470,1
Streptococcus oralis_gapfilled_881,0
Streptococcus oralis_gapfilled_767,0
Streptococcus oralis_gapfilled_271,1
Streptococcus oralis_gapfilled_129,1
Streptococcus oralis_gapfilled_130,0
Streptococcus oralis_gapfilled_570,1
Streptococcus oralis_gapfilled_479,0
Streptococcus oralis_gapfilled_667,0
Streptococcus oralis_gapfilled_768,1
Streptococcus oralis_gapfilled_486,0
Streptococcus oralis_gapfilled_450,1
Streptococcus oralis_gapfilled_681,0
Streptococcus oralis_gapfilled_971,0
Streptococcus oralis_gapfilled_254,0
Streptococcus oralis_gapfilled_808,0
Streptococcus oralis_gapfilled_650,0
Streptococcus oralis_gapfilled_921,1
Streptococcus oralis_gapfilled_708,0
Streptococcus oralis_gapfilled_793,0
Streptococcus oralis_gapfilled_404,1
Streptococcus oralis_gapfilled_66,0
Streptococcus oralis_gapfilled_250,0
Streptococcus oralis_gapfilled_15,0
Streptococcus oralis_gapfilled_207,0
Streptococcus oralis_gapfilled_401,0
Streptococcus oralis_gapfilled_496,0
Streptococcus oralis_gapfilled_664,0
Streptococcus oralis_gapfilled_611,0
Streptococcus oralis_gapfilled_730,0
Streptococcus oralis_gapfilled_862,0
Streptococcus oralis_gapfilled_33,0
Streptococcus oralis_gapfilled_912,0
Streptococcus oralis_gapfilled_877,0
Streptococcus oralis_gapfilled_865,0
Streptococcus oralis_gapfilled_481,0
Streptococcus oralis_gapfilled_465,0
Streptococcus oralis_gapfilled_705,0
Streptococcus oralis_gapfilled_542,0
Streptococcus oralis_gapfilled_167,0
Streptococcus oralis_gapfilled_614,1
Streptococcus oralis_gapfilled_605,0
Streptococcus oralis_gapfilled_279,0
Streptococcus oralis_gapfilled_649,1
Streptococcus oralis_gapfilled_760,0
Streptococcus oralis_gapfilled_673,0
Streptococcus oralis_gapfilled_531,1
Streptococcus oralis_gapfilled_108,1
Streptococcus oralis_gapfilled_114,1
Streptococcus oralis_gapfilled_947,1
Streptococcus oralis_gapfilled_339,0
Streptococcus oralis_gapfilled_134,1
Streptococcus oralis_gapfilled_348,0
Streptococcus oralis_gapfilled_433,0
Streptococcus oralis_gapfilled_804,0
Streptococcus oralis_gapfilled_622,0
Streptococcus oralis_gapfilled_215,0
Streptococcus oralis_gapfilled_792,0
Streptococcus oralis_gapfilled_615,0
Streptococcus oralis_gapfilled_820,0
Streptococcus oralis_gapfilled_454,0
Streptococcus oralis_gapfilled_335,0
Streptococcus oralis_gapfilled_133,1
Streptococcus oralis_gapfilled_754,0
Streptococcus oralis_gapfilled_120,1
Streptococcus oralis_gapfilled_182,1
Streptococcus oralis_gapfilled_5,0
Streptococcus oralis_gapfilled_780,0
Streptococcus oralis_gapfilled_352,0
Streptococcus oralis_gapfilled_592,0
Streptococcus oralis_gapfilled_142,1
Streptococcus oralis_gapfilled_827,1
Streptococcus oralis_gapfilled_94,0
Streptococcus oralis_gapfilled_412,0
Streptococcus oralis_gapfilled_301,0
Streptococcus oralis_gapfilled_417,0
Streptococcus oralis_gapfilled_488,0
Streptococcus oralis_gapfilled_208,0
Streptococcus oralis_gapfilled_941,0
Streptococcus oralis_gapfilled_59,1
Streptococcus oralis_gapfilled_998,1
Streptococcus oralis_gapfilled_350,0
Streptococcus oralis_gapfilled_957,0
Streptococcus oralis_gapfilled_216,0
Streptococcus oralis_gapfilled_420,0
Streptococcus oralis_gapfilled_698,0
Streptococcus oralis_gapfilled_575,0
Streptococcus oralis_gapfilled_211,0
Streptococcus oralis_gapfilled_729,0
Streptococcus oralis_gapfilled_924,0
Streptococcus oralis_gapfilled_642,1
Streptococcus oralis_gapfilled_90,0
Streptococcus oralis_gapfilled_166,0
Streptococcus oralis_gapfilled_637,0
Streptococcus oralis_gapfilled_943,0
Streptococcus oralis_gapfilled_435,0
Streptococcus oralis_gapfilled_494,1
Streptococcus oralis_gapfilled_829,0
Streptococcus oralis_gapfilled_784,0
Streptococcus oralis_gapfilled_965,1
Streptococcus oralis_gapfilled_743,0
Streptococcus oralis_gapfilled_967,0
Streptococcus oralis_gapfilled_213,1
Streptococcus oralis_gapfilled_641,0
Streptococcus oralis_gapfilled_340,0
Streptococcus oralis_gapfilled_35,1
Streptococcus oralis_gapfilled_144,1
Streptococcus oralis_gapfilled_426,0
Streptococcus oralis_gapfilled_107,0
Streptococcus oralis_gapfilled_214,1
Streptococcus oralis_gapfilled_262,1
Streptococcus oralis_gapfilled_221,0
Streptococcus oralis_gapfilled_248,0
Streptococcus oralis_gapfilled_874,0
Streptococcus oralis_gapfilled_397,0
Streptococcus oralis_gapfilled_706,0
